Checkpoint_key,Molecule,Variability_CV,Dose_mg_kg,BatchId,Expected_profiles,Successful_profiles,Failed_profiles,Dense_rows,Checkpoint_file,Bytes,MD5,Completed_at
golimumab_cv30_dose0p1_batch001,Golimumab,0.3,0.1,1,500,500,0,348000,C:/Users/krina/Documents/Projects/PBPK_mAb_NAM_Tutorial/03_Study_Simulations/SimsOutputs/Step2_Simulations/Checkpoints/golimumab_cv30_dose0p1_batch001.rds,1226076,422f1e3bf6760405522534bea74b4eb4,2026-09-28 16:25:55.276541
golimumab_cv30_dose0p1_batch002,Golimumab,0.3,0.1,2,500,500,0,348000,C:/Users/krina/Documents/Projects/PBPK_mAb_NAM_Tutorial/03_Study_Simulations/SimsOutputs/Step2_Simulations/Checkpoints/golimumab_cv30_dose0p1_batch002.rds,1220392,3a0bbf832a8ddbeebfb3c5567c62c14a,2026-09-28 16:40:03.090813
golimumab_cv30_dose0p1_batch003,Golimumab,0.3,0.1,3,500,500,0,348000,C:/Users/krina/Documents/Projects/PBPK_mAb_NAM_Tutorial/03_Study_Simulations/SimsOutputs/Step2_Simulations/Checkpoints/golimumab_cv30_dose0p1_batch003.rds,1229896,6a4b3dd4efeff7d26312042269539f7b,2026-09-28 16:51:00.857939
golimumab_cv30_dose0p1_batch004,Golimumab,0.3,0.1,4,500,500,0,348000,C:/Users/krina/Documents/Projects/PBPK_mAb_NAM_Tutorial/03_Study_Simulations/SimsOutputs/Step2_Simulations/Checkpoints/golimumab_cv30_dose0p1_batch004.rds,1109748,e4b63bd1c7ac94d935262a66414e956a,2026-09-28 16:55:22.853266
golimumab_cv30_dose0p1_batch005,Golimumab,0.3,0.1,5,500,500,0,348000,C:/Users/krina/Documents/Projects/PBPK_mAb_NAM_Tutorial/03_Study_Simulations/SimsOutputs/Step2_Simulations/Checkpoints/golimumab_cv30_dose0p1_batch005.rds,1207332,5d5a323198ba7e606f565fa3f6309e39,2026-09-28 17:00:51.482357
golimumab_cv30_dose0p1_batch006,Golimumab,0.3,0.1,6,500,500,0,348000,C:/Users/krina/Documents/Projects/PBPK_mAb_NAM_Tutorial/03_Study_Simulations/SimsOutputs/Step2_Simulations/Checkpoints/golimumab_cv30_dose0p1_batch006.rds,1224984,4b2b036b426c6c483f86a61f72cb798f,2026-09-28 17:14:25.880616
golimumab_cv30_dose0p1_batch007,Golimumab,0.3,0.1,7,500,500,0,348000,C:/Users/krina/Documents/Projects/PBPK_mAb_NAM_Tutorial/03_Study_Simulations/SimsOutputs/Step2_Simulations/Checkpoints/golimumab_cv30_dose0p1_batch007.rds,1211816,e474f7373cdd37063989fe5f8d6cc810,2026-09-28 17:27:59.007103
golimumab_cv30_dose0p1_batch008,Golimumab,0.3,0.1,8,500,500,0,348000,C:/Users/krina/Documents/Projects/PBPK_mAb_NAM_Tutorial/03_Study_Simulations/SimsOutputs/Step2_Simulations/Checkpoints/golimumab_cv30_dose0p1_batch008.rds,1221832,ce20b7c09089b8d0a9f9d57b7188f612,2026-09-28 17:33:03.190476
golimumab_cv30_dose0p1_batch009,Golimumab,0.3,0.1,9,500,500,0,348000,C:/Users/krina/Documents/Projects/PBPK_mAb_NAM_Tutorial/03_Study_Simulations/SimsOutputs/Step2_Simulations/Checkpoints/golimumab_cv30_dose0p1_batch009.rds,1207992,4d72c2e3e4bc25933987ac2d7cc9ed54,2026-09-28 17:38:02.45334
golimumab_cv30_dose0p1_batch010,Golimumab,0.3,0.1,10,500,500,0,348000,C:/Users/krina/Documents/Projects/PBPK_mAb_NAM_Tutorial/03_Study_Simulations/SimsOutputs/Step2_Simulations/Checkpoints/golimumab_cv30_dose0p1_batch010.rds,1222112,167875a65aabe39d171e51b12bcc6416,2026-09-28 17:42:46.307449
golimumab_cv30_dose1_batch001,Golimumab,0.3,1,1,500,500,0,348000,C:/Users/krina/Documents/Projects/PBPK_mAb_NAM_Tutorial/03_Study_Simulations/SimsOutputs/Step2_Simulations/Checkpoints/golimumab_cv30_dose1_batch001.rds,1223268,e98bd7c2af0c547a834eae8be6d9f740,2026-09-28 17:48:07.526106
golimumab_cv30_dose1_batch002,Golimumab,0.3,1,2,500,500,0,348000,C:/Users/krina/Documents/Projects/PBPK_mAb_NAM_Tutorial/03_Study_Simulations/SimsOutputs/Step2_Simulations/Checkpoints/golimumab_cv30_dose1_batch002.rds,1204496,6d2d70166e29a2cebd2b84a5cfc22e23,2026-09-28 17:53:43.046072
golimumab_cv30_dose1_batch003,Golimumab,0.3,1,3,500,500,0,348000,C:/Users/krina/Documents/Projects/PBPK_mAb_NAM_Tutorial/03_Study_Simulations/SimsOutputs/Step2_Simulations/Checkpoints/golimumab_cv30_dose1_batch003.rds,1226020,c7ed860a5fdf6e1c193d4e8a39c561c3,2026-09-28 17:59:22.139212
golimumab_cv30_dose1_batch004,Golimumab,0.3,1,4,500,500,0,348000,C:/Users/krina/Documents/Projects/PBPK_mAb_NAM_Tutorial/03_Study_Simulations/SimsOutputs/Step2_Simulations/Checkpoints/golimumab_cv30_dose1_batch004.rds,1223336,b285418f2552cc807e4d997cd07d4643,2026-09-28 18:04:36.112426
golimumab_cv30_dose1_batch005,Golimumab,0.3,1,5,500,500,0,348000,C:/Users/krina/Documents/Projects/PBPK_mAb_NAM_Tutorial/03_Study_Simulations/SimsOutputs/Step2_Simulations/Checkpoints/golimumab_cv30_dose1_batch005.rds,1212964,0afbce9a8a6a51efc4e3c20445cfb4e0,2026-09-28 18:09:41.824181
golimumab_cv30_dose1_batch006,Golimumab,0.3,1,6,500,500,0,348000,C:/Users/krina/Documents/Projects/PBPK_mAb_NAM_Tutorial/03_Study_Simulations/SimsOutputs/Step2_Simulations/Checkpoints/golimumab_cv30_dose1_batch006.rds,1223276,56adfcb6eaf9889d4a08955efee95905,2026-09-28 18:14:44.855252
golimumab_cv30_dose1_batch007,Golimumab,0.3,1,7,500,500,0,348000,C:/Users/krina/Documents/Projects/PBPK_mAb_NAM_Tutorial/03_Study_Simulations/SimsOutputs/Step2_Simulations/Checkpoints/golimumab_cv30_dose1_batch007.rds,1219612,386e02249183d926f3627c387545498e,2026-09-28 18:19:46.554973
golimumab_cv30_dose1_batch008,Golimumab,0.3,1,8,500,500,0,348000,C:/Users/krina/Documents/Projects/PBPK_mAb_NAM_Tutorial/03_Study_Simulations/SimsOutputs/Step2_Simulations/Checkpoints/golimumab_cv30_dose1_batch008.rds,1210852,00759ea3597f3d7811e8174d4c332c8f,2026-09-28 18:24:48.295315
golimumab_cv30_dose1_batch009,Golimumab,0.3,1,9,500,500,0,348000,C:/Users/krina/Documents/Projects/PBPK_mAb_NAM_Tutorial/03_Study_Simulations/SimsOutputs/Step2_Simulations/Checkpoints/golimumab_cv30_dose1_batch009.rds,1210220,a7e6b27bd2bcd37b8f8fc9dc42a87694,2026-09-28 18:32:25.834247
golimumab_cv30_dose1_batch010,Golimumab,0.3,1,10,500,500,0,348000,C:/Users/krina/Documents/Projects/PBPK_mAb_NAM_Tutorial/03_Study_Simulations/SimsOutputs/Step2_Simulations/Checkpoints/golimumab_cv30_dose1_batch010.rds,1224572,e4f9371e88353c7bb866787470283b18,2026-09-28 18:47:58.605827
golimumab_cv30_dose3_batch001,Golimumab,0.3,3,1,500,500,0,348000,C:/Users/krina/Documents/Projects/PBPK_mAb_NAM_Tutorial/03_Study_Simulations/SimsOutputs/Step2_Simulations/Checkpoints/golimumab_cv30_dose3_batch001.rds,1159956,d8bd2ed07957c7a2618702b79812dfc5,2026-09-28 19:03:22.991715
golimumab_cv30_dose3_batch002,Golimumab,0.3,3,2,500,499,1,347304,C:/Users/krina/Documents/Projects/PBPK_mAb_NAM_Tutorial/03_Study_Simulations/SimsOutputs/Step2_Simulations/Checkpoints/golimumab_cv30_dose3_batch002.rds,1191816,818be84721ccfeef2d71ca137260164e,2026-09-29 11:08:43.601607
golimumab_cv30_dose3_batch003,Golimumab,0.3,3,3,500,500,0,348000,C:/Users/krina/Documents/Projects/PBPK_mAb_NAM_Tutorial/03_Study_Simulations/SimsOutputs/Step2_Simulations/Checkpoints/golimumab_cv30_dose3_batch003.rds,1216896,d3c1f767f85b2cf0f19d5587d635a6d4,2026-09-28 19:14:02.378757
golimumab_cv30_dose3_batch004,Golimumab,0.3,3,4,500,500,0,348000,C:/Users/krina/Documents/Projects/PBPK_mAb_NAM_Tutorial/03_Study_Simulations/SimsOutputs/Step2_Simulations/Checkpoints/golimumab_cv30_dose3_batch004.rds,1224552,353994ad9170af12f3977c8b64304f3b,2026-09-28 19:19:30.558433
golimumab_cv30_dose3_batch005,Golimumab,0.3,3,5,500,500,0,348000,C:/Users/krina/Documents/Projects/PBPK_mAb_NAM_Tutorial/03_Study_Simulations/SimsOutputs/Step2_Simulations/Checkpoints/golimumab_cv30_dose3_batch005.rds,1211828,4d8de6bb1a2a53f91493fc9191ce58a2,2026-09-28 19:25:52.223723
golimumab_cv30_dose3_batch006,Golimumab,0.3,3,6,500,500,0,348000,C:/Users/krina/Documents/Projects/PBPK_mAb_NAM_Tutorial/03_Study_Simulations/SimsOutputs/Step2_Simulations/Checkpoints/golimumab_cv30_dose3_batch006.rds,1221464,6b047deefe68f65b95df39ffb62749a7,2026-09-28 19:31:14.836656
golimumab_cv30_dose3_batch007,Golimumab,0.3,3,7,500,500,0,348000,C:/Users/krina/Documents/Projects/PBPK_mAb_NAM_Tutorial/03_Study_Simulations/SimsOutputs/Step2_Simulations/Checkpoints/golimumab_cv30_dose3_batch007.rds,1217612,9bcc7a61a94db696d36d2a3bcde892c1,2026-09-28 19:36:40.604402
golimumab_cv30_dose3_batch008,Golimumab,0.3,3,8,500,500,0,348000,C:/Users/krina/Documents/Projects/PBPK_mAb_NAM_Tutorial/03_Study_Simulations/SimsOutputs/Step2_Simulations/Checkpoints/golimumab_cv30_dose3_batch008.rds,1216764,3dde152a9a56a4b5396111f07c31bef2,2026-09-28 19:42:04.611034
golimumab_cv30_dose3_batch009,Golimumab,0.3,3,9,500,500,0,348000,C:/Users/krina/Documents/Projects/PBPK_mAb_NAM_Tutorial/03_Study_Simulations/SimsOutputs/Step2_Simulations/Checkpoints/golimumab_cv30_dose3_batch009.rds,1210296,0342a887d1133185b883bf822a0594a1,2026-09-28 19:47:28.819222
golimumab_cv30_dose3_batch010,Golimumab,0.3,3,10,500,500,0,348000,C:/Users/krina/Documents/Projects/PBPK_mAb_NAM_Tutorial/03_Study_Simulations/SimsOutputs/Step2_Simulations/Checkpoints/golimumab_cv30_dose3_batch010.rds,1223004,bd468edb3a33ac4e0f145fc95998e430,2026-09-28 19:52:54.245339
golimumab_cv30_dose10_batch001,Golimumab,0.3,10,1,500,500,0,348000,C:/Users/krina/Documents/Projects/PBPK_mAb_NAM_Tutorial/03_Study_Simulations/SimsOutputs/Step2_Simulations/Checkpoints/golimumab_cv30_dose10_batch001.rds,1220644,6c975f56a5a3fe3a2b638c79e20f7f14,2026-09-28 19:58:35.155645
golimumab_cv30_dose10_batch002,Golimumab,0.3,10,2,500,500,0,348000,C:/Users/krina/Documents/Projects/PBPK_mAb_NAM_Tutorial/03_Study_Simulations/SimsOutputs/Step2_Simulations/Checkpoints/golimumab_cv30_dose10_batch002.rds,1214984,620b7071f8ad17d47b4a69131d65c39d,2026-09-28 20:04:23.206224
golimumab_cv30_dose10_batch003,Golimumab,0.3,10,3,500,500,0,348000,C:/Users/krina/Documents/Projects/PBPK_mAb_NAM_Tutorial/03_Study_Simulations/SimsOutputs/Step2_Simulations/Checkpoints/golimumab_cv30_dose10_batch003.rds,1223512,2c57e7f20527e05fa1496bd168a0f6ae,2026-09-28 20:10:06.084214
golimumab_cv30_dose10_batch004,Golimumab,0.3,10,4,500,500,0,348000,C:/Users/krina/Documents/Projects/PBPK_mAb_NAM_Tutorial/03_Study_Simulations/SimsOutputs/Step2_Simulations/Checkpoints/golimumab_cv30_dose10_batch004.rds,1221760,b4c8b131f187252c470ef166d21a1c00,2026-09-28 20:15:45.448726
golimumab_cv30_dose10_batch005,Golimumab,0.3,10,5,500,500,0,348000,C:/Users/krina/Documents/Projects/PBPK_mAb_NAM_Tutorial/03_Study_Simulations/SimsOutputs/Step2_Simulations/Checkpoints/golimumab_cv30_dose10_batch005.rds,1211860,9489c544a0ec4d3f2a462eb15536e6c3,2026-09-28 20:21:31.430073
golimumab_cv30_dose10_batch006,Golimumab,0.3,10,6,500,500,0,348000,C:/Users/krina/Documents/Projects/PBPK_mAb_NAM_Tutorial/03_Study_Simulations/SimsOutputs/Step2_Simulations/Checkpoints/golimumab_cv30_dose10_batch006.rds,1220748,f53d1fcf6d313542953c812773778372,2026-09-28 20:27:19.483398
golimumab_cv30_dose10_batch007,Golimumab,0.3,10,7,500,500,0,348000,C:/Users/krina/Documents/Projects/PBPK_mAb_NAM_Tutorial/03_Study_Simulations/SimsOutputs/Step2_Simulations/Checkpoints/golimumab_cv30_dose10_batch007.rds,1215188,dd3da2bd3760831d7dbfc4146ef53768,2026-09-28 20:33:03.694694
golimumab_cv30_dose10_batch008,Golimumab,0.3,10,8,500,500,0,348000,C:/Users/krina/Documents/Projects/PBPK_mAb_NAM_Tutorial/03_Study_Simulations/SimsOutputs/Step2_Simulations/Checkpoints/golimumab_cv30_dose10_batch008.rds,1214164,1717a413c89b5e7050077d0e01001451,2026-09-28 20:39:04.875424
golimumab_cv30_dose10_batch009,Golimumab,0.3,10,9,500,500,0,348000,C:/Users/krina/Documents/Projects/PBPK_mAb_NAM_Tutorial/03_Study_Simulations/SimsOutputs/Step2_Simulations/Checkpoints/golimumab_cv30_dose10_batch009.rds,1209644,4334a02e7fd2382ed7aab72246b784b6,2026-09-28 20:45:08.080861
golimumab_cv30_dose10_batch010,Golimumab,0.3,10,10,500,500,0,348000,C:/Users/krina/Documents/Projects/PBPK_mAb_NAM_Tutorial/03_Study_Simulations/SimsOutputs/Step2_Simulations/Checkpoints/golimumab_cv30_dose10_batch010.rds,1221536,e44af4fd555afad1e1b0f16c134dffd8,2026-09-28 20:55:35.508444
golimumab_cv30_dose30_batch001,Golimumab,0.3,30,1,500,500,0,348000,C:/Users/krina/Documents/Projects/PBPK_mAb_NAM_Tutorial/03_Study_Simulations/SimsOutputs/Step2_Simulations/Checkpoints/golimumab_cv30_dose30_batch001.rds,1115608,3c9238024249c1b1e37308f2391b8ada,2026-09-28 21:16:05.720299
golimumab_cv30_dose30_batch002,Golimumab,0.3,30,2,500,500,0,348000,C:/Users/krina/Documents/Projects/PBPK_mAb_NAM_Tutorial/03_Study_Simulations/SimsOutputs/Step2_Simulations/Checkpoints/golimumab_cv30_dose30_batch002.rds,1215108,5728759833716dbc0dfca8a398d3041e,2026-09-28 21:27:16.953
golimumab_cv30_dose30_batch003,Golimumab,0.3,30,3,500,500,0,348000,C:/Users/krina/Documents/Projects/PBPK_mAb_NAM_Tutorial/03_Study_Simulations/SimsOutputs/Step2_Simulations/Checkpoints/golimumab_cv30_dose30_batch003.rds,1226656,b35ffd6ad4f3c952dd95aef4bb52aab0,2026-09-28 21:33:08.541124
golimumab_cv30_dose30_batch004,Golimumab,0.3,30,4,500,500,0,348000,C:/Users/krina/Documents/Projects/PBPK_mAb_NAM_Tutorial/03_Study_Simulations/SimsOutputs/Step2_Simulations/Checkpoints/golimumab_cv30_dose30_batch004.rds,1222240,23cb2b34f7745a1cc7995b14fb688cd0,2026-09-28 21:39:07.853714
golimumab_cv30_dose30_batch005,Golimumab,0.3,30,5,500,500,0,348000,C:/Users/krina/Documents/Projects/PBPK_mAb_NAM_Tutorial/03_Study_Simulations/SimsOutputs/Step2_Simulations/Checkpoints/golimumab_cv30_dose30_batch005.rds,1170876,cd9e0791da1d44f683f32c704b8e1b94,2026-09-28 21:45:12.216481
golimumab_cv30_dose30_batch006,Golimumab,0.3,30,6,500,500,0,348000,C:/Users/krina/Documents/Projects/PBPK_mAb_NAM_Tutorial/03_Study_Simulations/SimsOutputs/Step2_Simulations/Checkpoints/golimumab_cv30_dose30_batch006.rds,1225368,7daddabf7f5b6363d6d3f9156df47c46,2026-09-28 21:51:20.981562
golimumab_cv30_dose30_batch007,Golimumab,0.3,30,7,500,500,0,348000,C:/Users/krina/Documents/Projects/PBPK_mAb_NAM_Tutorial/03_Study_Simulations/SimsOutputs/Step2_Simulations/Checkpoints/golimumab_cv30_dose30_batch007.rds,1219772,48c01b366249af53b79de01ef76c5f76,2026-09-28 21:57:26.32758
golimumab_cv30_dose30_batch008,Golimumab,0.3,30,8,500,500,0,348000,C:/Users/krina/Documents/Projects/PBPK_mAb_NAM_Tutorial/03_Study_Simulations/SimsOutputs/Step2_Simulations/Checkpoints/golimumab_cv30_dose30_batch008.rds,1220472,653c49756915b897bd739050f579a5b4,2026-09-28 22:03:34.290614
golimumab_cv30_dose30_batch009,Golimumab,0.3,30,9,500,500,0,348000,C:/Users/krina/Documents/Projects/PBPK_mAb_NAM_Tutorial/03_Study_Simulations/SimsOutputs/Step2_Simulations/Checkpoints/golimumab_cv30_dose30_batch009.rds,1210384,179aea5de7d5b643d97e6f42e0d7c2e0,2026-09-28 22:09:41.840741
golimumab_cv30_dose30_batch010,Golimumab,0.3,30,10,500,500,0,348000,C:/Users/krina/Documents/Projects/PBPK_mAb_NAM_Tutorial/03_Study_Simulations/SimsOutputs/Step2_Simulations/Checkpoints/golimumab_cv30_dose30_batch010.rds,1224804,1afb6ecaba6277350aa4046b73904870,2026-09-28 22:15:40.423761
golimumab_cv60_dose0p1_batch001,Golimumab,0.6,0.1,1,500,500,0,348000,C:/Users/krina/Documents/Projects/PBPK_mAb_NAM_Tutorial/03_Study_Simulations/SimsOutputs/Step2_Simulations/Checkpoints/golimumab_cv60_dose0p1_batch001.rds,1214116,7fef8c67965520b756d01742246c3774,2026-09-28 22:20:07.85121
golimumab_cv60_dose0p1_batch002,Golimumab,0.6,0.1,2,500,500,0,348000,C:/Users/krina/Documents/Projects/PBPK_mAb_NAM_Tutorial/03_Study_Simulations/SimsOutputs/Step2_Simulations/Checkpoints/golimumab_cv60_dose0p1_batch002.rds,1142832,41e65019767f8563feeea6cb39fa1a9d,2026-09-28 22:24:34.918674
golimumab_cv60_dose0p1_batch003,Golimumab,0.6,0.1,3,500,500,0,348000,C:/Users/krina/Documents/Projects/PBPK_mAb_NAM_Tutorial/03_Study_Simulations/SimsOutputs/Step2_Simulations/Checkpoints/golimumab_cv60_dose0p1_batch003.rds,1241484,ca30f1ee3302e7a0cfac83e8225023ae,2026-09-28 22:29:00.878403
golimumab_cv60_dose0p1_batch004,Golimumab,0.6,0.1,4,500,500,0,348000,C:/Users/krina/Documents/Projects/PBPK_mAb_NAM_Tutorial/03_Study_Simulations/SimsOutputs/Step2_Simulations/Checkpoints/golimumab_cv60_dose0p1_batch004.rds,1216980,d18975516525bd95a2f7064c9ffb3515,2026-09-28 22:33:28.345879
golimumab_cv60_dose0p1_batch005,Golimumab,0.6,0.1,5,500,500,0,348000,C:/Users/krina/Documents/Projects/PBPK_mAb_NAM_Tutorial/03_Study_Simulations/SimsOutputs/Step2_Simulations/Checkpoints/golimumab_cv60_dose0p1_batch005.rds,1218560,c94ea62d2407a02b5537683252744cc2,2026-09-28 22:37:48.827847
golimumab_cv60_dose0p1_batch006,Golimumab,0.6,0.1,6,500,500,0,348000,C:/Users/krina/Documents/Projects/PBPK_mAb_NAM_Tutorial/03_Study_Simulations/SimsOutputs/Step2_Simulations/Checkpoints/golimumab_cv60_dose0p1_batch006.rds,1218008,6a8d60b54183e1eb37448c13b926e397,2026-09-28 22:42:12.764962
golimumab_cv60_dose0p1_batch007,Golimumab,0.6,0.1,7,500,500,0,348000,C:/Users/krina/Documents/Projects/PBPK_mAb_NAM_Tutorial/03_Study_Simulations/SimsOutputs/Step2_Simulations/Checkpoints/golimumab_cv60_dose0p1_batch007.rds,1231484,27ebdaa181854cfbd1f22e3587b21ab0,2026-09-28 22:46:38.819318
golimumab_cv60_dose0p1_batch008,Golimumab,0.6,0.1,8,500,500,0,348000,C:/Users/krina/Documents/Projects/PBPK_mAb_NAM_Tutorial/03_Study_Simulations/SimsOutputs/Step2_Simulations/Checkpoints/golimumab_cv60_dose0p1_batch008.rds,1220588,7e0b77f189942e1a59c140328431a505,2026-09-28 22:51:04.015167
golimumab_cv60_dose0p1_batch009,Golimumab,0.6,0.1,9,500,500,0,348000,C:/Users/krina/Documents/Projects/PBPK_mAb_NAM_Tutorial/03_Study_Simulations/SimsOutputs/Step2_Simulations/Checkpoints/golimumab_cv60_dose0p1_batch009.rds,1213136,79aa9f5ec797bb53881d91b6217586f8,2026-09-28 22:55:25.501243
golimumab_cv60_dose0p1_batch010,Golimumab,0.6,0.1,10,500,500,0,348000,C:/Users/krina/Documents/Projects/PBPK_mAb_NAM_Tutorial/03_Study_Simulations/SimsOutputs/Step2_Simulations/Checkpoints/golimumab_cv60_dose0p1_batch010.rds,1204040,256e4a61c053a8c228813c260197d6ab,2026-09-28 22:59:47.164054
golimumab_cv60_dose1_batch001,Golimumab,0.6,1,1,500,500,0,348000,C:/Users/krina/Documents/Projects/PBPK_mAb_NAM_Tutorial/03_Study_Simulations/SimsOutputs/Step2_Simulations/Checkpoints/golimumab_cv60_dose1_batch001.rds,1214940,e800796ee834ca17e888537bb85524c0,2026-09-28 23:04:52.676525
golimumab_cv60_dose1_batch002,Golimumab,0.6,1,2,500,500,0,348000,C:/Users/krina/Documents/Projects/PBPK_mAb_NAM_Tutorial/03_Study_Simulations/SimsOutputs/Step2_Simulations/Checkpoints/golimumab_cv60_dose1_batch002.rds,1209236,34b4a74f096354cf382a3b480f75f6ae,2026-09-28 23:10:00.647459
golimumab_cv60_dose1_batch003,Golimumab,0.6,1,3,500,500,0,348000,C:/Users/krina/Documents/Projects/PBPK_mAb_NAM_Tutorial/03_Study_Simulations/SimsOutputs/Step2_Simulations/Checkpoints/golimumab_cv60_dose1_batch003.rds,1236632,54d1eacf284d6dba01238c45b2a294ad,2026-09-28 23:14:59.347229
golimumab_cv60_dose1_batch004,Golimumab,0.6,1,4,500,500,0,348000,C:/Users/krina/Documents/Projects/PBPK_mAb_NAM_Tutorial/03_Study_Simulations/SimsOutputs/Step2_Simulations/Checkpoints/golimumab_cv60_dose1_batch004.rds,1214972,bdbb3700e5390c7e59ff14fa994cb3fd,2026-09-28 23:19:56.188438
golimumab_cv60_dose1_batch005,Golimumab,0.6,1,5,500,500,0,348000,C:/Users/krina/Documents/Projects/PBPK_mAb_NAM_Tutorial/03_Study_Simulations/SimsOutputs/Step2_Simulations/Checkpoints/golimumab_cv60_dose1_batch005.rds,1211852,5e183e793a2ed740af55580b0efdd090,2026-09-28 23:24:59.385606
golimumab_cv60_dose1_batch006,Golimumab,0.6,1,6,500,500,0,348000,C:/Users/krina/Documents/Projects/PBPK_mAb_NAM_Tutorial/03_Study_Simulations/SimsOutputs/Step2_Simulations/Checkpoints/golimumab_cv60_dose1_batch006.rds,1217476,241d4f6f2b51009d9f844ec1206eac10,2026-09-28 23:30:02.691706
golimumab_cv60_dose1_batch007,Golimumab,0.6,1,7,500,500,0,348000,C:/Users/krina/Documents/Projects/PBPK_mAb_NAM_Tutorial/03_Study_Simulations/SimsOutputs/Step2_Simulations/Checkpoints/golimumab_cv60_dose1_batch007.rds,1226400,21ad13bb6510d325b94500b90b78825a,2026-09-28 23:35:02.873831
golimumab_cv60_dose1_batch008,Golimumab,0.6,1,8,500,500,0,348000,C:/Users/krina/Documents/Projects/PBPK_mAb_NAM_Tutorial/03_Study_Simulations/SimsOutputs/Step2_Simulations/Checkpoints/golimumab_cv60_dose1_batch008.rds,1217520,76fe6d82e5f98e55d9673568760b794c,2026-09-28 23:40:03.966603
golimumab_cv60_dose1_batch009,Golimumab,0.6,1,9,500,500,0,348000,C:/Users/krina/Documents/Projects/PBPK_mAb_NAM_Tutorial/03_Study_Simulations/SimsOutputs/Step2_Simulations/Checkpoints/golimumab_cv60_dose1_batch009.rds,1210480,9b1f276dc5492e825a41a700e3aba2f6,2026-09-28 23:45:02.538389
golimumab_cv60_dose1_batch010,Golimumab,0.6,1,10,500,500,0,348000,C:/Users/krina/Documents/Projects/PBPK_mAb_NAM_Tutorial/03_Study_Simulations/SimsOutputs/Step2_Simulations/Checkpoints/golimumab_cv60_dose1_batch010.rds,1207728,944ab8a40e786b0d81223f15e8f8a3b6,2026-09-28 23:50:00.826118
golimumab_cv60_dose3_batch001,Golimumab,0.6,3,1,500,500,0,348000,C:/Users/krina/Documents/Projects/PBPK_mAb_NAM_Tutorial/03_Study_Simulations/SimsOutputs/Step2_Simulations/Checkpoints/golimumab_cv60_dose3_batch001.rds,1213688,8c68496c8d2fd2fa96220eae34b4296c,2026-09-28 23:55:27.905301
golimumab_cv60_dose3_batch002,Golimumab,0.6,3,2,500,500,0,348000,C:/Users/krina/Documents/Projects/PBPK_mAb_NAM_Tutorial/03_Study_Simulations/SimsOutputs/Step2_Simulations/Checkpoints/golimumab_cv60_dose3_batch002.rds,1209824,feec2a1c0768b3faf7824aa0cfc32a94,2026-09-29 00:00:45.787061
golimumab_cv60_dose3_batch003,Golimumab,0.6,3,3,500,500,0,348000,C:/Users/krina/Documents/Projects/PBPK_mAb_NAM_Tutorial/03_Study_Simulations/SimsOutputs/Step2_Simulations/Checkpoints/golimumab_cv60_dose3_batch003.rds,1236116,de91a8f15f532178b7a45effa0887cec,2026-09-29 00:06:02.014808
golimumab_cv60_dose3_batch004,Golimumab,0.6,3,4,500,499,1,347304,C:/Users/krina/Documents/Projects/PBPK_mAb_NAM_Tutorial/03_Study_Simulations/SimsOutputs/Step2_Simulations/Checkpoints/golimumab_cv60_dose3_batch004.rds,1214280,bd285d92f12c40a1dd6de72dd0a4f3dd,2026-09-29 11:14:05.263719
golimumab_cv60_dose3_batch005,Golimumab,0.6,3,5,500,500,0,348000,C:/Users/krina/Documents/Projects/PBPK_mAb_NAM_Tutorial/03_Study_Simulations/SimsOutputs/Step2_Simulations/Checkpoints/golimumab_cv60_dose3_batch005.rds,1212208,dbe66449eec46961447cf27a245837f1,2026-09-29 00:16:44.835441
golimumab_cv60_dose3_batch006,Golimumab,0.6,3,6,500,500,0,348000,C:/Users/krina/Documents/Projects/PBPK_mAb_NAM_Tutorial/03_Study_Simulations/SimsOutputs/Step2_Simulations/Checkpoints/golimumab_cv60_dose3_batch006.rds,1217380,261a7a78b2db5d0d730645696e1404f4,2026-09-29 00:22:03.165801
golimumab_cv60_dose3_batch007,Golimumab,0.6,3,7,500,500,0,348000,C:/Users/krina/Documents/Projects/PBPK_mAb_NAM_Tutorial/03_Study_Simulations/SimsOutputs/Step2_Simulations/Checkpoints/golimumab_cv60_dose3_batch007.rds,1217284,cc3cbc83e8475fe176e2dfc0e1944a2d,2026-09-29 00:27:21.256097
golimumab_cv60_dose3_batch008,Golimumab,0.6,3,8,500,500,0,348000,C:/Users/krina/Documents/Projects/PBPK_mAb_NAM_Tutorial/03_Study_Simulations/SimsOutputs/Step2_Simulations/Checkpoints/golimumab_cv60_dose3_batch008.rds,1094592,ab0053228747b76dee94c865bbc7f3b5,2026-09-29 00:32:39.875597
golimumab_cv60_dose3_batch009,Golimumab,0.6,3,9,500,500,0,348000,C:/Users/krina/Documents/Projects/PBPK_mAb_NAM_Tutorial/03_Study_Simulations/SimsOutputs/Step2_Simulations/Checkpoints/golimumab_cv60_dose3_batch009.rds,1213192,b3159a65445bc770377bd82ec1445afc,2026-09-29 00:37:57.282923
golimumab_cv60_dose3_batch010,Golimumab,0.6,3,10,500,500,0,348000,C:/Users/krina/Documents/Projects/PBPK_mAb_NAM_Tutorial/03_Study_Simulations/SimsOutputs/Step2_Simulations/Checkpoints/golimumab_cv60_dose3_batch010.rds,1206556,2bb634e9708c8124002b75d6be093ce1,2026-09-29 00:43:13.722874
golimumab_cv60_dose10_batch001,Golimumab,0.6,10,1,500,500,0,348000,C:/Users/krina/Documents/Projects/PBPK_mAb_NAM_Tutorial/03_Study_Simulations/SimsOutputs/Step2_Simulations/Checkpoints/golimumab_cv60_dose10_batch001.rds,1210144,42c55e62af3d5f3697a6012ebd5662ff,2026-09-29 00:48:50.374317
golimumab_cv60_dose10_batch002,Golimumab,0.6,10,2,500,500,0,348000,C:/Users/krina/Documents/Projects/PBPK_mAb_NAM_Tutorial/03_Study_Simulations/SimsOutputs/Step2_Simulations/Checkpoints/golimumab_cv60_dose10_batch002.rds,1205852,9fbb2cc3436000cefae4ee057d5a6161,2026-09-29 00:54:27.568041
golimumab_cv60_dose10_batch003,Golimumab,0.6,10,3,500,500,0,348000,C:/Users/krina/Documents/Projects/PBPK_mAb_NAM_Tutorial/03_Study_Simulations/SimsOutputs/Step2_Simulations/Checkpoints/golimumab_cv60_dose10_batch003.rds,1234364,ed17b572739d34cd07487870958577bd,2026-09-29 01:00:13.51725
golimumab_cv60_dose10_batch004,Golimumab,0.6,10,4,500,500,0,348000,C:/Users/krina/Documents/Projects/PBPK_mAb_NAM_Tutorial/03_Study_Simulations/SimsOutputs/Step2_Simulations/Checkpoints/golimumab_cv60_dose10_batch004.rds,1212132,87c5fe25d04fbc255d9c51d815f4b7b8,2026-09-29 01:05:49.614019
golimumab_cv60_dose10_batch005,Golimumab,0.6,10,5,500,500,0,348000,C:/Users/krina/Documents/Projects/PBPK_mAb_NAM_Tutorial/03_Study_Simulations/SimsOutputs/Step2_Simulations/Checkpoints/golimumab_cv60_dose10_batch005.rds,1210520,6ee65266184167d3568f32a6d479adb3,2026-09-29 01:11:29.470781
golimumab_cv60_dose10_batch006,Golimumab,0.6,10,6,500,500,0,348000,C:/Users/krina/Documents/Projects/PBPK_mAb_NAM_Tutorial/03_Study_Simulations/SimsOutputs/Step2_Simulations/Checkpoints/golimumab_cv60_dose10_batch006.rds,1209088,cbb6b6f18669ee6bf8b61eebabac3dd5,2026-09-29 01:17:12.657952
golimumab_cv60_dose10_batch007,Golimumab,0.6,10,7,500,500,0,348000,C:/Users/krina/Documents/Projects/PBPK_mAb_NAM_Tutorial/03_Study_Simulations/SimsOutputs/Step2_Simulations/Checkpoints/golimumab_cv60_dose10_batch007.rds,1223432,0a3ceb774d7da92bdeb4d2d1387f7475,2026-09-29 01:22:47.099482
golimumab_cv60_dose10_batch008,Golimumab,0.6,10,8,500,500,0,348000,C:/Users/krina/Documents/Projects/PBPK_mAb_NAM_Tutorial/03_Study_Simulations/SimsOutputs/Step2_Simulations/Checkpoints/golimumab_cv60_dose10_batch008.rds,1164484,51aabc9c627bcfa1b2e3d604d4fa2785,2026-09-29 01:28:27.358397
golimumab_cv60_dose10_batch009,Golimumab,0.6,10,9,500,500,0,348000,C:/Users/krina/Documents/Projects/PBPK_mAb_NAM_Tutorial/03_Study_Simulations/SimsOutputs/Step2_Simulations/Checkpoints/golimumab_cv60_dose10_batch009.rds,1209876,8f8148415c759fca89a8cbeda3b79715,2026-09-29 01:34:08.877505
golimumab_cv60_dose10_batch010,Golimumab,0.6,10,10,500,500,0,348000,C:/Users/krina/Documents/Projects/PBPK_mAb_NAM_Tutorial/03_Study_Simulations/SimsOutputs/Step2_Simulations/Checkpoints/golimumab_cv60_dose10_batch010.rds,1205480,4aaf346452c877f62002fd00bf52c6a8,2026-09-29 01:39:46.314221
golimumab_cv60_dose30_batch001,Golimumab,0.6,30,1,500,500,0,348000,C:/Users/krina/Documents/Projects/PBPK_mAb_NAM_Tutorial/03_Study_Simulations/SimsOutputs/Step2_Simulations/Checkpoints/golimumab_cv60_dose30_batch001.rds,1213424,371a84bf9bab600f515c0bd9d3ca5892,2026-09-29 01:45:47.387505
golimumab_cv60_dose30_batch002,Golimumab,0.6,30,2,500,500,0,348000,C:/Users/krina/Documents/Projects/PBPK_mAb_NAM_Tutorial/03_Study_Simulations/SimsOutputs/Step2_Simulations/Checkpoints/golimumab_cv60_dose30_batch002.rds,1208340,bbe4d268c5a005f466442205f10f095f,2026-09-29 01:51:43.192608
golimumab_cv60_dose30_batch003,Golimumab,0.6,30,3,500,500,0,348000,C:/Users/krina/Documents/Projects/PBPK_mAb_NAM_Tutorial/03_Study_Simulations/SimsOutputs/Step2_Simulations/Checkpoints/golimumab_cv60_dose30_batch003.rds,1233800,77b0b1cf2153fbbbf80d97ce02755a1f,2026-09-29 01:57:39.656843
golimumab_cv60_dose30_batch004,Golimumab,0.6,30,4,500,500,0,348000,C:/Users/krina/Documents/Projects/PBPK_mAb_NAM_Tutorial/03_Study_Simulations/SimsOutputs/Step2_Simulations/Checkpoints/golimumab_cv60_dose30_batch004.rds,1211676,a187d69a105209d246958773fedfbb6f,2026-09-29 02:03:34.992216
golimumab_cv60_dose30_batch005,Golimumab,0.6,30,5,500,500,0,348000,C:/Users/krina/Documents/Projects/PBPK_mAb_NAM_Tutorial/03_Study_Simulations/SimsOutputs/Step2_Simulations/Checkpoints/golimumab_cv60_dose30_batch005.rds,1207120,80379bdc95e9c9c23dbf80d9d2ec15e6,2026-09-29 02:09:34.52288
golimumab_cv60_dose30_batch006,Golimumab,0.6,30,6,500,500,0,348000,C:/Users/krina/Documents/Projects/PBPK_mAb_NAM_Tutorial/03_Study_Simulations/SimsOutputs/Step2_Simulations/Checkpoints/golimumab_cv60_dose30_batch006.rds,1216488,4dc2a704446e92ed23aca74501f2a65a,2026-09-29 02:15:38.026919
golimumab_cv60_dose30_batch007,Golimumab,0.6,30,7,500,500,0,348000,C:/Users/krina/Documents/Projects/PBPK_mAb_NAM_Tutorial/03_Study_Simulations/SimsOutputs/Step2_Simulations/Checkpoints/golimumab_cv60_dose30_batch007.rds,1227208,5ba6c7ecb9aa5ea63446efd21ecb83a1,2026-09-29 02:21:40.354356
golimumab_cv60_dose30_batch008,Golimumab,0.6,30,8,500,500,0,348000,C:/Users/krina/Documents/Projects/PBPK_mAb_NAM_Tutorial/03_Study_Simulations/SimsOutputs/Step2_Simulations/Checkpoints/golimumab_cv60_dose30_batch008.rds,1216508,dbe584f2946f33ea7584289be35d84f2,2026-09-29 02:27:46.250824
golimumab_cv60_dose30_batch009,Golimumab,0.6,30,9,500,500,0,348000,C:/Users/krina/Documents/Projects/PBPK_mAb_NAM_Tutorial/03_Study_Simulations/SimsOutputs/Step2_Simulations/Checkpoints/golimumab_cv60_dose30_batch009.rds,1212756,a0ba07d843b3b4167e843b169edd1297,2026-09-29 02:33:40.186389
golimumab_cv60_dose30_batch010,Golimumab,0.6,30,10,500,500,0,348000,C:/Users/krina/Documents/Projects/PBPK_mAb_NAM_Tutorial/03_Study_Simulations/SimsOutputs/Step2_Simulations/Checkpoints/golimumab_cv60_dose30_batch010.rds,1203544,40a47c678509b53dad855acbf7ddd85b,2026-09-29 02:39:36.044442
nivolumab_cv30_dose0p1_batch001,Nivolumab,0.3,0.1,1,500,500,0,348000,C:/Users/krina/Documents/Projects/PBPK_mAb_NAM_Tutorial/03_Study_Simulations/SimsOutputs/Step2_Simulations/Checkpoints/nivolumab_cv30_dose0p1_batch001.rds,1184548,a30c182de16ce3d11d7cf7b26f1726cc,2026-09-29 02:43:46.584605
nivolumab_cv30_dose0p1_batch002,Nivolumab,0.3,0.1,2,500,500,0,348000,C:/Users/krina/Documents/Projects/PBPK_mAb_NAM_Tutorial/03_Study_Simulations/SimsOutputs/Step2_Simulations/Checkpoints/nivolumab_cv30_dose0p1_batch002.rds,1148752,9b0f519b872caad20a705ffcce11190f,2026-09-29 02:48:03.280234
nivolumab_cv30_dose0p1_batch003,Nivolumab,0.3,0.1,3,500,500,0,348000,C:/Users/krina/Documents/Projects/PBPK_mAb_NAM_Tutorial/03_Study_Simulations/SimsOutputs/Step2_Simulations/Checkpoints/nivolumab_cv30_dose0p1_batch003.rds,1145252,1921d6367e5c8f89fd82fa02b4916c55,2026-09-29 02:52:18.270793
nivolumab_cv30_dose0p1_batch004,Nivolumab,0.3,0.1,4,500,500,0,348000,C:/Users/krina/Documents/Projects/PBPK_mAb_NAM_Tutorial/03_Study_Simulations/SimsOutputs/Step2_Simulations/Checkpoints/nivolumab_cv30_dose0p1_batch004.rds,1177972,6aceedd07abf71ac9bbce4ee01280fcf,2026-09-29 02:56:29.077869
nivolumab_cv30_dose0p1_batch005,Nivolumab,0.3,0.1,5,500,500,0,348000,C:/Users/krina/Documents/Projects/PBPK_mAb_NAM_Tutorial/03_Study_Simulations/SimsOutputs/Step2_Simulations/Checkpoints/nivolumab_cv30_dose0p1_batch005.rds,1170668,286b7eed26ce2bc9a09eab249c4408a6,2026-09-29 03:00:41.369877
nivolumab_cv30_dose0p1_batch006,Nivolumab,0.3,0.1,6,500,500,0,348000,C:/Users/krina/Documents/Projects/PBPK_mAb_NAM_Tutorial/03_Study_Simulations/SimsOutputs/Step2_Simulations/Checkpoints/nivolumab_cv30_dose0p1_batch006.rds,1150252,8ac8ee030ab03342f5c601a9ae48ec40,2026-09-29 03:04:54.188504
nivolumab_cv30_dose0p1_batch007,Nivolumab,0.3,0.1,7,500,500,0,348000,C:/Users/krina/Documents/Projects/PBPK_mAb_NAM_Tutorial/03_Study_Simulations/SimsOutputs/Step2_Simulations/Checkpoints/nivolumab_cv30_dose0p1_batch007.rds,1169932,4f5e8cdacbdcccf3df5545f74d402eaf,2026-09-29 03:09:06.324784
nivolumab_cv30_dose0p1_batch008,Nivolumab,0.3,0.1,8,500,500,0,348000,C:/Users/krina/Documents/Projects/PBPK_mAb_NAM_Tutorial/03_Study_Simulations/SimsOutputs/Step2_Simulations/Checkpoints/nivolumab_cv30_dose0p1_batch008.rds,1155816,584214e49e99a71c5012851df27a37af,2026-09-29 03:13:19.160333
nivolumab_cv30_dose0p1_batch009,Nivolumab,0.3,0.1,9,500,500,0,348000,C:/Users/krina/Documents/Projects/PBPK_mAb_NAM_Tutorial/03_Study_Simulations/SimsOutputs/Step2_Simulations/Checkpoints/nivolumab_cv30_dose0p1_batch009.rds,1147972,b9aa35ea46afc7d7b80375652431d5c9,2026-09-29 03:17:29.836575
nivolumab_cv30_dose0p1_batch010,Nivolumab,0.3,0.1,10,500,500,0,348000,C:/Users/krina/Documents/Projects/PBPK_mAb_NAM_Tutorial/03_Study_Simulations/SimsOutputs/Step2_Simulations/Checkpoints/nivolumab_cv30_dose0p1_batch010.rds,1138080,7b7647e1c8cd9cebf5505c086536c103,2026-09-29 03:21:39.806212
nivolumab_cv30_dose1_batch001,Nivolumab,0.3,1,1,500,500,0,348000,C:/Users/krina/Documents/Projects/PBPK_mAb_NAM_Tutorial/03_Study_Simulations/SimsOutputs/Step2_Simulations/Checkpoints/nivolumab_cv30_dose1_batch001.rds,1171412,50f25c368d1339d3d5420f526b049206,2026-09-29 03:26:18.68753
nivolumab_cv30_dose1_batch002,Nivolumab,0.3,1,2,500,500,0,348000,C:/Users/krina/Documents/Projects/PBPK_mAb_NAM_Tutorial/03_Study_Simulations/SimsOutputs/Step2_Simulations/Checkpoints/nivolumab_cv30_dose1_batch002.rds,1174724,4cdb47d2f33be43ade87732328a4e978,2026-09-29 03:30:59.592316
nivolumab_cv30_dose1_batch003,Nivolumab,0.3,1,3,500,500,0,348000,C:/Users/krina/Documents/Projects/PBPK_mAb_NAM_Tutorial/03_Study_Simulations/SimsOutputs/Step2_Simulations/Checkpoints/nivolumab_cv30_dose1_batch003.rds,1176384,3469c7a1ad2c837d00c0f7fdf6c31775,2026-09-29 03:35:40.808642
nivolumab_cv30_dose1_batch004,Nivolumab,0.3,1,4,500,500,0,348000,C:/Users/krina/Documents/Projects/PBPK_mAb_NAM_Tutorial/03_Study_Simulations/SimsOutputs/Step2_Simulations/Checkpoints/nivolumab_cv30_dose1_batch004.rds,1171388,b886e1e0abc7788aa76bde9944a00edb,2026-09-29 03:40:23.098656
nivolumab_cv30_dose1_batch005,Nivolumab,0.3,1,5,500,500,0,348000,C:/Users/krina/Documents/Projects/PBPK_mAb_NAM_Tutorial/03_Study_Simulations/SimsOutputs/Step2_Simulations/Checkpoints/nivolumab_cv30_dose1_batch005.rds,1176808,4092bd7588758e96328235e902f7552f,2026-09-29 03:45:02.708302
nivolumab_cv30_dose1_batch006,Nivolumab,0.3,1,6,500,500,0,348000,C:/Users/krina/Documents/Projects/PBPK_mAb_NAM_Tutorial/03_Study_Simulations/SimsOutputs/Step2_Simulations/Checkpoints/nivolumab_cv30_dose1_batch006.rds,1171592,67d9eb1dd71671c30e885a222167376b,2026-09-29 03:49:51.711932
nivolumab_cv30_dose1_batch007,Nivolumab,0.3,1,7,500,500,0,348000,C:/Users/krina/Documents/Projects/PBPK_mAb_NAM_Tutorial/03_Study_Simulations/SimsOutputs/Step2_Simulations/Checkpoints/nivolumab_cv30_dose1_batch007.rds,1173944,955036a3c01587530c46db85006bd837,2026-09-29 03:54:32.501175
nivolumab_cv30_dose1_batch008,Nivolumab,0.3,1,8,500,500,0,348000,C:/Users/krina/Documents/Projects/PBPK_mAb_NAM_Tutorial/03_Study_Simulations/SimsOutputs/Step2_Simulations/Checkpoints/nivolumab_cv30_dose1_batch008.rds,1166756,a595de8de34838b13c38b506793dd937,2026-09-29 03:59:17.543368
nivolumab_cv30_dose1_batch009,Nivolumab,0.3,1,9,500,500,0,348000,C:/Users/krina/Documents/Projects/PBPK_mAb_NAM_Tutorial/03_Study_Simulations/SimsOutputs/Step2_Simulations/Checkpoints/nivolumab_cv30_dose1_batch009.rds,1171728,418e09f2719e032dbf992c0d4c7af721,2026-09-29 04:03:58.527888
nivolumab_cv30_dose1_batch010,Nivolumab,0.3,1,10,500,500,0,348000,C:/Users/krina/Documents/Projects/PBPK_mAb_NAM_Tutorial/03_Study_Simulations/SimsOutputs/Step2_Simulations/Checkpoints/nivolumab_cv30_dose1_batch010.rds,1176296,6480441e48675b2a885b3f914fed02bc,2026-09-29 04:08:35.386159
nivolumab_cv30_dose3_batch001,Nivolumab,0.3,3,1,500,500,0,348000,C:/Users/krina/Documents/Projects/PBPK_mAb_NAM_Tutorial/03_Study_Simulations/SimsOutputs/Step2_Simulations/Checkpoints/nivolumab_cv30_dose3_batch001.rds,1078412,761e7da9e43306a9c85bb56c576b4bb6,2026-09-29 04:13:33.611011
nivolumab_cv30_dose3_batch002,Nivolumab,0.3,3,2,500,500,0,348000,C:/Users/krina/Documents/Projects/PBPK_mAb_NAM_Tutorial/03_Study_Simulations/SimsOutputs/Step2_Simulations/Checkpoints/nivolumab_cv30_dose3_batch002.rds,1156372,46fe1fe301ff685d7c5d5bafeb6fcade,2026-09-29 04:18:32.090379
nivolumab_cv30_dose3_batch003,Nivolumab,0.3,3,3,500,500,0,348000,C:/Users/krina/Documents/Projects/PBPK_mAb_NAM_Tutorial/03_Study_Simulations/SimsOutputs/Step2_Simulations/Checkpoints/nivolumab_cv30_dose3_batch003.rds,1175856,c70a3bc3d3c27c7f213226a3e0e21af6,2026-09-29 04:23:31.407786
nivolumab_cv30_dose3_batch004,Nivolumab,0.3,3,4,500,500,0,348000,C:/Users/krina/Documents/Projects/PBPK_mAb_NAM_Tutorial/03_Study_Simulations/SimsOutputs/Step2_Simulations/Checkpoints/nivolumab_cv30_dose3_batch004.rds,1170916,5e8d293f078b602b8142abdc2d34b2c2,2026-09-29 04:28:28.711234
nivolumab_cv30_dose3_batch005,Nivolumab,0.3,3,5,500,500,0,348000,C:/Users/krina/Documents/Projects/PBPK_mAb_NAM_Tutorial/03_Study_Simulations/SimsOutputs/Step2_Simulations/Checkpoints/nivolumab_cv30_dose3_batch005.rds,1176276,f6dc2ef9de400fa893803882ce51a9d3,2026-09-29 04:33:25.003757
nivolumab_cv30_dose3_batch006,Nivolumab,0.3,3,6,500,500,0,348000,C:/Users/krina/Documents/Projects/PBPK_mAb_NAM_Tutorial/03_Study_Simulations/SimsOutputs/Step2_Simulations/Checkpoints/nivolumab_cv30_dose3_batch006.rds,1171636,29a87a8202114e32e237035dcbb964b3,2026-09-29 04:38:25.301865
nivolumab_cv30_dose3_batch007,Nivolumab,0.3,3,7,500,500,0,348000,C:/Users/krina/Documents/Projects/PBPK_mAb_NAM_Tutorial/03_Study_Simulations/SimsOutputs/Step2_Simulations/Checkpoints/nivolumab_cv30_dose3_batch007.rds,1153648,cbf8a4a8511194c626ec0289a1a87fa8,2026-09-29 04:43:24.119401
nivolumab_cv30_dose3_batch008,Nivolumab,0.3,3,8,500,500,0,348000,C:/Users/krina/Documents/Projects/PBPK_mAb_NAM_Tutorial/03_Study_Simulations/SimsOutputs/Step2_Simulations/Checkpoints/nivolumab_cv30_dose3_batch008.rds,1173516,e6cfa4d04024464aed38655d7c23883d,2026-09-29 04:48:25.734671
nivolumab_cv30_dose3_batch009,Nivolumab,0.3,3,9,500,500,0,348000,C:/Users/krina/Documents/Projects/PBPK_mAb_NAM_Tutorial/03_Study_Simulations/SimsOutputs/Step2_Simulations/Checkpoints/nivolumab_cv30_dose3_batch009.rds,1170008,3941376d30ed4ccc10f4f165c0f23eee,2026-09-29 04:53:21.738359
nivolumab_cv30_dose3_batch010,Nivolumab,0.3,3,10,500,500,0,348000,C:/Users/krina/Documents/Projects/PBPK_mAb_NAM_Tutorial/03_Study_Simulations/SimsOutputs/Step2_Simulations/Checkpoints/nivolumab_cv30_dose3_batch010.rds,1157076,81b0f013251c6d2c8196da00e29ade9b,2026-09-29 04:58:20.198664
nivolumab_cv30_dose10_batch001,Nivolumab,0.3,10,1,500,500,0,348000,C:/Users/krina/Documents/Projects/PBPK_mAb_NAM_Tutorial/03_Study_Simulations/SimsOutputs/Step2_Simulations/Checkpoints/nivolumab_cv30_dose10_batch001.rds,1179616,2d75ae65a7cbf87928d667da1ac8c6cf,2026-09-29 05:03:33.726744
nivolumab_cv30_dose10_batch002,Nivolumab,0.3,10,2,500,500,0,348000,C:/Users/krina/Documents/Projects/PBPK_mAb_NAM_Tutorial/03_Study_Simulations/SimsOutputs/Step2_Simulations/Checkpoints/nivolumab_cv30_dose10_batch002.rds,1171332,431947be4583bd58414a4fbac868954f,2026-09-29 05:08:51.201337
nivolumab_cv30_dose10_batch003,Nivolumab,0.3,10,3,500,500,0,348000,C:/Users/krina/Documents/Projects/PBPK_mAb_NAM_Tutorial/03_Study_Simulations/SimsOutputs/Step2_Simulations/Checkpoints/nivolumab_cv30_dose10_batch003.rds,1174536,433af35e0619e31245e56aaa931109b6,2026-09-29 05:14:06.445191
nivolumab_cv30_dose10_batch004,Nivolumab,0.3,10,4,500,500,0,348000,C:/Users/krina/Documents/Projects/PBPK_mAb_NAM_Tutorial/03_Study_Simulations/SimsOutputs/Step2_Simulations/Checkpoints/nivolumab_cv30_dose10_batch004.rds,1169100,4da9c6f40c790deec0da4e2132b55a66,2026-09-29 05:19:24.472503
nivolumab_cv30_dose10_batch005,Nivolumab,0.3,10,5,500,500,0,348000,C:/Users/krina/Documents/Projects/PBPK_mAb_NAM_Tutorial/03_Study_Simulations/SimsOutputs/Step2_Simulations/Checkpoints/nivolumab_cv30_dose10_batch005.rds,1172748,d6d2a1651031e7a16db0182c9533f31a,2026-09-29 05:24:36.843669
nivolumab_cv30_dose10_batch006,Nivolumab,0.3,10,6,500,500,0,348000,C:/Users/krina/Documents/Projects/PBPK_mAb_NAM_Tutorial/03_Study_Simulations/SimsOutputs/Step2_Simulations/Checkpoints/nivolumab_cv30_dose10_batch006.rds,1168612,dbd1cd60ad39cf92af825295ececeee1,2026-09-29 05:29:50.956296
nivolumab_cv30_dose10_batch007,Nivolumab,0.3,10,7,500,500,0,348000,C:/Users/krina/Documents/Projects/PBPK_mAb_NAM_Tutorial/03_Study_Simulations/SimsOutputs/Step2_Simulations/Checkpoints/nivolumab_cv30_dose10_batch007.rds,1170344,d851994211f8e9000d1c364d22187068,2026-09-29 05:35:04.995868
nivolumab_cv30_dose10_batch008,Nivolumab,0.3,10,8,500,500,0,348000,C:/Users/krina/Documents/Projects/PBPK_mAb_NAM_Tutorial/03_Study_Simulations/SimsOutputs/Step2_Simulations/Checkpoints/nivolumab_cv30_dose10_batch008.rds,1171240,69d95fdabc5b780b3385d3fa3654e1ed,2026-09-29 05:40:18.132334
nivolumab_cv30_dose10_batch009,Nivolumab,0.3,10,9,500,500,0,348000,C:/Users/krina/Documents/Projects/PBPK_mAb_NAM_Tutorial/03_Study_Simulations/SimsOutputs/Step2_Simulations/Checkpoints/nivolumab_cv30_dose10_batch009.rds,1165376,624a08f6085195b92f1bd6b671eb03b3,2026-09-29 05:45:33.991769
nivolumab_cv30_dose10_batch010,Nivolumab,0.3,10,10,500,500,0,348000,C:/Users/krina/Documents/Projects/PBPK_mAb_NAM_Tutorial/03_Study_Simulations/SimsOutputs/Step2_Simulations/Checkpoints/nivolumab_cv30_dose10_batch010.rds,1170664,a749ffddbc17af4c0693101bfe4d57c2,2026-09-29 05:50:50.298668
nivolumab_cv30_dose30_batch001,Nivolumab,0.3,30,1,500,500,0,348000,C:/Users/krina/Documents/Projects/PBPK_mAb_NAM_Tutorial/03_Study_Simulations/SimsOutputs/Step2_Simulations/Checkpoints/nivolumab_cv30_dose30_batch001.rds,1143932,e9f9c8ff2e3652df38fb74ff886c5d33,2026-09-29 05:56:23.520789
nivolumab_cv30_dose30_batch002,Nivolumab,0.3,30,2,500,500,0,348000,C:/Users/krina/Documents/Projects/PBPK_mAb_NAM_Tutorial/03_Study_Simulations/SimsOutputs/Step2_Simulations/Checkpoints/nivolumab_cv30_dose30_batch002.rds,1139224,5761605af48524c80308571642200bf3,2026-09-29 06:02:01.308637
nivolumab_cv30_dose30_batch003,Nivolumab,0.3,30,3,500,500,0,348000,C:/Users/krina/Documents/Projects/PBPK_mAb_NAM_Tutorial/03_Study_Simulations/SimsOutputs/Step2_Simulations/Checkpoints/nivolumab_cv30_dose30_batch003.rds,1140396,d18c79ec0b92ba0269859d5ded6dd0d0,2026-09-29 06:07:34.682389
nivolumab_cv30_dose30_batch004,Nivolumab,0.3,30,4,500,500,0,348000,C:/Users/krina/Documents/Projects/PBPK_mAb_NAM_Tutorial/03_Study_Simulations/SimsOutputs/Step2_Simulations/Checkpoints/nivolumab_cv30_dose30_batch004.rds,1023316,0a60af623c576e0ce9e229f765bf8ad5,2026-09-29 06:13:09.777423
nivolumab_cv30_dose30_batch005,Nivolumab,0.3,30,5,500,500,0,348000,C:/Users/krina/Documents/Projects/PBPK_mAb_NAM_Tutorial/03_Study_Simulations/SimsOutputs/Step2_Simulations/Checkpoints/nivolumab_cv30_dose30_batch005.rds,1113312,aa27ff0d59511e9e874cdb5e0864c568,2026-09-29 06:18:47.595406
nivolumab_cv30_dose30_batch006,Nivolumab,0.3,30,6,500,500,0,348000,C:/Users/krina/Documents/Projects/PBPK_mAb_NAM_Tutorial/03_Study_Simulations/SimsOutputs/Step2_Simulations/Checkpoints/nivolumab_cv30_dose30_batch006.rds,1131640,e748df1d58df0b57c6cc72b80dea9bc5,2026-09-29 06:24:20.254394
nivolumab_cv30_dose30_batch007,Nivolumab,0.3,30,7,500,500,0,348000,C:/Users/krina/Documents/Projects/PBPK_mAb_NAM_Tutorial/03_Study_Simulations/SimsOutputs/Step2_Simulations/Checkpoints/nivolumab_cv30_dose30_batch007.rds,1134776,3f09e68d0d991d753507004bb48d6294,2026-09-29 06:29:58.8183
nivolumab_cv30_dose30_batch008,Nivolumab,0.3,30,8,500,500,0,348000,C:/Users/krina/Documents/Projects/PBPK_mAb_NAM_Tutorial/03_Study_Simulations/SimsOutputs/Step2_Simulations/Checkpoints/nivolumab_cv30_dose30_batch008.rds,1134616,eac82ee82557a5d92c3490787b35b51b,2026-09-29 06:35:31.54479
nivolumab_cv30_dose30_batch009,Nivolumab,0.3,30,9,500,500,0,348000,C:/Users/krina/Documents/Projects/PBPK_mAb_NAM_Tutorial/03_Study_Simulations/SimsOutputs/Step2_Simulations/Checkpoints/nivolumab_cv30_dose30_batch009.rds,1129804,85e80f4560a94fe5449ec5fd33685df0,2026-09-29 06:41:06.620542
nivolumab_cv30_dose30_batch010,Nivolumab,0.3,30,10,500,500,0,348000,C:/Users/krina/Documents/Projects/PBPK_mAb_NAM_Tutorial/03_Study_Simulations/SimsOutputs/Step2_Simulations/Checkpoints/nivolumab_cv30_dose30_batch010.rds,1131652,781124b8b5a0738276064ac0d9b9e44d,2026-09-29 06:46:38.169262
nivolumab_cv60_dose0p1_batch001,Nivolumab,0.6,0.1,1,500,500,0,348000,C:/Users/krina/Documents/Projects/PBPK_mAb_NAM_Tutorial/03_Study_Simulations/SimsOutputs/Step2_Simulations/Checkpoints/nivolumab_cv60_dose0p1_batch001.rds,1160100,6a2a232504474209ffbb5c544dfe21f8,2026-09-29 06:50:49.848566
nivolumab_cv60_dose0p1_batch002,Nivolumab,0.6,0.1,2,500,500,0,348000,C:/Users/krina/Documents/Projects/PBPK_mAb_NAM_Tutorial/03_Study_Simulations/SimsOutputs/Step2_Simulations/Checkpoints/nivolumab_cv60_dose0p1_batch002.rds,1169232,7001c6926b0ea0338a60a6b36987c557,2026-09-29 06:55:03.697821
nivolumab_cv60_dose0p1_batch003,Nivolumab,0.6,0.1,3,500,500,0,348000,C:/Users/krina/Documents/Projects/PBPK_mAb_NAM_Tutorial/03_Study_Simulations/SimsOutputs/Step2_Simulations/Checkpoints/nivolumab_cv60_dose0p1_batch003.rds,1165812,b668e7a90cd36d48b240055cd2a20fca,2026-09-29 06:59:16.956156
nivolumab_cv60_dose0p1_batch004,Nivolumab,0.6,0.1,4,500,500,0,348000,C:/Users/krina/Documents/Projects/PBPK_mAb_NAM_Tutorial/03_Study_Simulations/SimsOutputs/Step2_Simulations/Checkpoints/nivolumab_cv60_dose0p1_batch004.rds,1166504,34e88855d9e23b8aeb685a06f8aa7fe5,2026-09-29 07:03:30.60367
nivolumab_cv60_dose0p1_batch005,Nivolumab,0.6,0.1,5,500,500,0,348000,C:/Users/krina/Documents/Projects/PBPK_mAb_NAM_Tutorial/03_Study_Simulations/SimsOutputs/Step2_Simulations/Checkpoints/nivolumab_cv60_dose0p1_batch005.rds,1181756,45348bd961b35c85912c9a2e503a26ed,2026-09-29 07:07:40.856438
nivolumab_cv60_dose0p1_batch006,Nivolumab,0.6,0.1,6,500,500,0,348000,C:/Users/krina/Documents/Projects/PBPK_mAb_NAM_Tutorial/03_Study_Simulations/SimsOutputs/Step2_Simulations/Checkpoints/nivolumab_cv60_dose0p1_batch006.rds,1158760,9f8cedb345519ed5999d3d4aea406d10,2026-09-29 07:11:49.135915
nivolumab_cv60_dose0p1_batch007,Nivolumab,0.6,0.1,7,500,500,0,348000,C:/Users/krina/Documents/Projects/PBPK_mAb_NAM_Tutorial/03_Study_Simulations/SimsOutputs/Step2_Simulations/Checkpoints/nivolumab_cv60_dose0p1_batch007.rds,1175024,b9d049fc0bcebad2d8e2fa156b72ffec,2026-09-29 07:15:56.750658
nivolumab_cv60_dose0p1_batch008,Nivolumab,0.6,0.1,8,500,500,0,348000,C:/Users/krina/Documents/Projects/PBPK_mAb_NAM_Tutorial/03_Study_Simulations/SimsOutputs/Step2_Simulations/Checkpoints/nivolumab_cv60_dose0p1_batch008.rds,1178900,9cec2e48566c876ec7094675b611b9f9,2026-09-29 07:20:06.396068
nivolumab_cv60_dose0p1_batch009,Nivolumab,0.6,0.1,9,500,500,0,348000,C:/Users/krina/Documents/Projects/PBPK_mAb_NAM_Tutorial/03_Study_Simulations/SimsOutputs/Step2_Simulations/Checkpoints/nivolumab_cv60_dose0p1_batch009.rds,1159788,6dea40b226c0ad0d6277564169ec4761,2026-09-29 07:24:15.808536
nivolumab_cv60_dose0p1_batch010,Nivolumab,0.6,0.1,10,500,500,0,348000,C:/Users/krina/Documents/Projects/PBPK_mAb_NAM_Tutorial/03_Study_Simulations/SimsOutputs/Step2_Simulations/Checkpoints/nivolumab_cv60_dose0p1_batch010.rds,1187664,a8734a9f983f4bfb8009f49078da2d20,2026-09-29 07:28:23.094539
nivolumab_cv60_dose1_batch001,Nivolumab,0.6,1,1,500,500,0,348000,C:/Users/krina/Documents/Projects/PBPK_mAb_NAM_Tutorial/03_Study_Simulations/SimsOutputs/Step2_Simulations/Checkpoints/nivolumab_cv60_dose1_batch001.rds,1179884,76a80671b663039522a9d97c354ec97b,2026-09-29 07:33:02.346573
nivolumab_cv60_dose1_batch002,Nivolumab,0.6,1,2,500,500,0,348000,C:/Users/krina/Documents/Projects/PBPK_mAb_NAM_Tutorial/03_Study_Simulations/SimsOutputs/Step2_Simulations/Checkpoints/nivolumab_cv60_dose1_batch002.rds,1166716,0d6508ea544844c15184f16fe0f266e0,2026-09-29 07:37:45.410176
nivolumab_cv60_dose1_batch003,Nivolumab,0.6,1,3,500,500,0,348000,C:/Users/krina/Documents/Projects/PBPK_mAb_NAM_Tutorial/03_Study_Simulations/SimsOutputs/Step2_Simulations/Checkpoints/nivolumab_cv60_dose1_batch003.rds,1181304,dfbd9ed268bd561ccaf340762bb71cf8,2026-09-29 07:42:31.07484
nivolumab_cv60_dose1_batch004,Nivolumab,0.6,1,4,500,500,0,348000,C:/Users/krina/Documents/Projects/PBPK_mAb_NAM_Tutorial/03_Study_Simulations/SimsOutputs/Step2_Simulations/Checkpoints/nivolumab_cv60_dose1_batch004.rds,1179180,8b19eae4b167fc54e5939732798224d0,2026-09-29 07:47:09.813438
nivolumab_cv60_dose1_batch005,Nivolumab,0.6,1,5,500,500,0,348000,C:/Users/krina/Documents/Projects/PBPK_mAb_NAM_Tutorial/03_Study_Simulations/SimsOutputs/Step2_Simulations/Checkpoints/nivolumab_cv60_dose1_batch005.rds,1178792,a5d9786f63b9d48480263f27de9d396b,2026-09-29 07:51:46.521853
nivolumab_cv60_dose1_batch006,Nivolumab,0.6,1,6,500,500,0,348000,C:/Users/krina/Documents/Projects/PBPK_mAb_NAM_Tutorial/03_Study_Simulations/SimsOutputs/Step2_Simulations/Checkpoints/nivolumab_cv60_dose1_batch006.rds,1164568,b0f0bfadbe2661dd82a4401e08eeda6a,2026-09-29 07:56:23.617422
nivolumab_cv60_dose1_batch007,Nivolumab,0.6,1,7,500,500,0,348000,C:/Users/krina/Documents/Projects/PBPK_mAb_NAM_Tutorial/03_Study_Simulations/SimsOutputs/Step2_Simulations/Checkpoints/nivolumab_cv60_dose1_batch007.rds,1180800,a6fe587f8cbf97b361a557aeafb732c5,2026-09-29 08:00:58.156247
nivolumab_cv60_dose1_batch008,Nivolumab,0.6,1,8,500,500,0,348000,C:/Users/krina/Documents/Projects/PBPK_mAb_NAM_Tutorial/03_Study_Simulations/SimsOutputs/Step2_Simulations/Checkpoints/nivolumab_cv60_dose1_batch008.rds,1174596,2ef38509cdeb87770a9c94cabd00c746,2026-09-29 08:05:33.373811
nivolumab_cv60_dose1_batch009,Nivolumab,0.6,1,9,500,500,0,348000,C:/Users/krina/Documents/Projects/PBPK_mAb_NAM_Tutorial/03_Study_Simulations/SimsOutputs/Step2_Simulations/Checkpoints/nivolumab_cv60_dose1_batch009.rds,1162744,9610aa2598ea71cad9af603391f83831,2026-09-29 08:10:13.919746
nivolumab_cv60_dose1_batch010,Nivolumab,0.6,1,10,500,500,0,348000,C:/Users/krina/Documents/Projects/PBPK_mAb_NAM_Tutorial/03_Study_Simulations/SimsOutputs/Step2_Simulations/Checkpoints/nivolumab_cv60_dose1_batch010.rds,1182580,f8d58b9b5d5913577100beb21c6a8f47,2026-09-29 08:14:48.278024
nivolumab_cv60_dose3_batch001,Nivolumab,0.6,3,1,500,500,0,348000,C:/Users/krina/Documents/Projects/PBPK_mAb_NAM_Tutorial/03_Study_Simulations/SimsOutputs/Step2_Simulations/Checkpoints/nivolumab_cv60_dose3_batch001.rds,1159168,e3185cf8059bad321bb6682b750544d3,2026-09-29 08:19:46.260768
nivolumab_cv60_dose3_batch002,Nivolumab,0.6,3,2,500,500,0,348000,C:/Users/krina/Documents/Projects/PBPK_mAb_NAM_Tutorial/03_Study_Simulations/SimsOutputs/Step2_Simulations/Checkpoints/nivolumab_cv60_dose3_batch002.rds,1165504,958743d313ae049cfc2c45339e63080b,2026-09-29 08:24:42.200863
nivolumab_cv60_dose3_batch003,Nivolumab,0.6,3,3,500,500,0,348000,C:/Users/krina/Documents/Projects/PBPK_mAb_NAM_Tutorial/03_Study_Simulations/SimsOutputs/Step2_Simulations/Checkpoints/nivolumab_cv60_dose3_batch003.rds,1179880,2323a4c7a9956fa7ea4758597315ad9b,2026-09-29 08:29:42.855429
nivolumab_cv60_dose3_batch004,Nivolumab,0.6,3,4,500,500,0,348000,C:/Users/krina/Documents/Projects/PBPK_mAb_NAM_Tutorial/03_Study_Simulations/SimsOutputs/Step2_Simulations/Checkpoints/nivolumab_cv60_dose3_batch004.rds,1177456,c0f321e5685416887957a7cde13a8678,2026-09-29 08:34:39.630997
nivolumab_cv60_dose3_batch005,Nivolumab,0.6,3,5,500,500,0,348000,C:/Users/krina/Documents/Projects/PBPK_mAb_NAM_Tutorial/03_Study_Simulations/SimsOutputs/Step2_Simulations/Checkpoints/nivolumab_cv60_dose3_batch005.rds,1165176,063831c1fdd06c58dc4454edbf121560,2026-09-29 08:39:35.186818
nivolumab_cv60_dose3_batch006,Nivolumab,0.6,3,6,500,500,0,348000,C:/Users/krina/Documents/Projects/PBPK_mAb_NAM_Tutorial/03_Study_Simulations/SimsOutputs/Step2_Simulations/Checkpoints/nivolumab_cv60_dose3_batch006.rds,1151776,fe270d9ff8e6e5d934214f11a51a859d,2026-09-29 08:44:29.1842
nivolumab_cv60_dose3_batch007,Nivolumab,0.6,3,7,500,500,0,348000,C:/Users/krina/Documents/Projects/PBPK_mAb_NAM_Tutorial/03_Study_Simulations/SimsOutputs/Step2_Simulations/Checkpoints/nivolumab_cv60_dose3_batch007.rds,1180332,55fdec949999ed6219b9e2daf51b06ca,2026-09-29 08:49:21.548899
nivolumab_cv60_dose3_batch008,Nivolumab,0.6,3,8,500,500,0,348000,C:/Users/krina/Documents/Projects/PBPK_mAb_NAM_Tutorial/03_Study_Simulations/SimsOutputs/Step2_Simulations/Checkpoints/nivolumab_cv60_dose3_batch008.rds,1176216,f917fc931532e69c539db2022ee2ac29,2026-09-29 08:54:14.9801
nivolumab_cv60_dose3_batch009,Nivolumab,0.6,3,9,500,500,0,348000,C:/Users/krina/Documents/Projects/PBPK_mAb_NAM_Tutorial/03_Study_Simulations/SimsOutputs/Step2_Simulations/Checkpoints/nivolumab_cv60_dose3_batch009.rds,1163572,52b9f202e5365e664c1d774fe984a4cd,2026-09-29 08:59:10.103582
nivolumab_cv60_dose3_batch010,Nivolumab,0.6,3,10,500,500,0,348000,C:/Users/krina/Documents/Projects/PBPK_mAb_NAM_Tutorial/03_Study_Simulations/SimsOutputs/Step2_Simulations/Checkpoints/nivolumab_cv60_dose3_batch010.rds,1193040,525daff7ac1ba53edf2f0cc4ca919e45,2026-09-29 09:04:03.025461
nivolumab_cv60_dose10_batch001,Nivolumab,0.6,10,1,500,500,0,348000,C:/Users/krina/Documents/Projects/PBPK_mAb_NAM_Tutorial/03_Study_Simulations/SimsOutputs/Step2_Simulations/Checkpoints/nivolumab_cv60_dose10_batch001.rds,1173928,beeababc27b6f7e72ed425c83a37c224,2026-09-29 09:09:21.112498
nivolumab_cv60_dose10_batch002,Nivolumab,0.6,10,2,500,500,0,348000,C:/Users/krina/Documents/Projects/PBPK_mAb_NAM_Tutorial/03_Study_Simulations/SimsOutputs/Step2_Simulations/Checkpoints/nivolumab_cv60_dose10_batch002.rds,1164396,df005d2f811832c0101a418ae2fd8b6f,2026-09-29 09:14:42.678062
nivolumab_cv60_dose10_batch003,Nivolumab,0.6,10,3,500,500,0,348000,C:/Users/krina/Documents/Projects/PBPK_mAb_NAM_Tutorial/03_Study_Simulations/SimsOutputs/Step2_Simulations/Checkpoints/nivolumab_cv60_dose10_batch003.rds,1175508,517ab65c12afa377aa3691949e80198d,2026-09-29 09:19:57.07846
nivolumab_cv60_dose10_batch004,Nivolumab,0.6,10,4,500,500,0,348000,C:/Users/krina/Documents/Projects/PBPK_mAb_NAM_Tutorial/03_Study_Simulations/SimsOutputs/Step2_Simulations/Checkpoints/nivolumab_cv60_dose10_batch004.rds,1173428,732e96217eb7f12d7e651c9e8cc97d0c,2026-09-29 09:25:14.216148
nivolumab_cv60_dose10_batch005,Nivolumab,0.6,10,5,500,500,0,348000,C:/Users/krina/Documents/Projects/PBPK_mAb_NAM_Tutorial/03_Study_Simulations/SimsOutputs/Step2_Simulations/Checkpoints/nivolumab_cv60_dose10_batch005.rds,1177496,8a267529d334349b05145bd0ef34fd18,2026-09-29 09:30:22.054078
nivolumab_cv60_dose10_batch006,Nivolumab,0.6,10,6,500,500,0,348000,C:/Users/krina/Documents/Projects/PBPK_mAb_NAM_Tutorial/03_Study_Simulations/SimsOutputs/Step2_Simulations/Checkpoints/nivolumab_cv60_dose10_batch006.rds,1164920,b6939132a11981b6954c8aad205dca7f,2026-09-29 09:35:31.365294
nivolumab_cv60_dose10_batch007,Nivolumab,0.6,10,7,500,500,0,348000,C:/Users/krina/Documents/Projects/PBPK_mAb_NAM_Tutorial/03_Study_Simulations/SimsOutputs/Step2_Simulations/Checkpoints/nivolumab_cv60_dose10_batch007.rds,1176660,35f707027165e5863e61c436dbac63c4,2026-09-29 09:40:38.376218
nivolumab_cv60_dose10_batch008,Nivolumab,0.6,10,8,500,500,0,348000,C:/Users/krina/Documents/Projects/PBPK_mAb_NAM_Tutorial/03_Study_Simulations/SimsOutputs/Step2_Simulations/Checkpoints/nivolumab_cv60_dose10_batch008.rds,1172520,7d8655535e199b1879d3b751d0408d06,2026-09-29 09:45:50.449756
nivolumab_cv60_dose10_batch009,Nivolumab,0.6,10,9,500,500,0,348000,C:/Users/krina/Documents/Projects/PBPK_mAb_NAM_Tutorial/03_Study_Simulations/SimsOutputs/Step2_Simulations/Checkpoints/nivolumab_cv60_dose10_batch009.rds,1144000,b6eb7b675a2d5bba39f27ac5ec74f517,2026-09-29 09:51:01.801924
nivolumab_cv60_dose10_batch010,Nivolumab,0.6,10,10,500,500,0,348000,C:/Users/krina/Documents/Projects/PBPK_mAb_NAM_Tutorial/03_Study_Simulations/SimsOutputs/Step2_Simulations/Checkpoints/nivolumab_cv60_dose10_batch010.rds,1190004,0111811402724cf3c0939eee5689c84a,2026-09-29 09:56:08.37833
nivolumab_cv60_dose30_batch001,Nivolumab,0.6,30,1,500,500,0,348000,C:/Users/krina/Documents/Projects/PBPK_mAb_NAM_Tutorial/03_Study_Simulations/SimsOutputs/Step2_Simulations/Checkpoints/nivolumab_cv60_dose30_batch001.rds,1130204,aa7a7e2abd4f72c7e5ec385afe03808f,2026-09-29 10:01:45.785611
nivolumab_cv60_dose30_batch002,Nivolumab,0.6,30,2,500,500,0,348000,C:/Users/krina/Documents/Projects/PBPK_mAb_NAM_Tutorial/03_Study_Simulations/SimsOutputs/Step2_Simulations/Checkpoints/nivolumab_cv60_dose30_batch002.rds,1121920,616db71148b192c4c7b41b7fb394ef4a,2026-09-29 10:07:21.670863
nivolumab_cv60_dose30_batch003,Nivolumab,0.6,30,3,500,500,0,348000,C:/Users/krina/Documents/Projects/PBPK_mAb_NAM_Tutorial/03_Study_Simulations/SimsOutputs/Step2_Simulations/Checkpoints/nivolumab_cv60_dose30_batch003.rds,1099472,d5f819ab4762f898b62ce7414abdd4c1,2026-09-29 10:13:04.820273
nivolumab_cv60_dose30_batch004,Nivolumab,0.6,30,4,500,500,0,348000,C:/Users/krina/Documents/Projects/PBPK_mAb_NAM_Tutorial/03_Study_Simulations/SimsOutputs/Step2_Simulations/Checkpoints/nivolumab_cv60_dose30_batch004.rds,1023968,e1ae4f34443c501d36bb0e7ac2bdee1d,2026-09-29 10:18:44.060189
nivolumab_cv60_dose30_batch005,Nivolumab,0.6,30,5,500,500,0,348000,C:/Users/krina/Documents/Projects/PBPK_mAb_NAM_Tutorial/03_Study_Simulations/SimsOutputs/Step2_Simulations/Checkpoints/nivolumab_cv60_dose30_batch005.rds,1074088,1ee74d6a310139f32ce69257b5bec30b,2026-09-29 10:24:15.099884
nivolumab_cv60_dose30_batch006,Nivolumab,0.6,30,6,500,500,0,348000,C:/Users/krina/Documents/Projects/PBPK_mAb_NAM_Tutorial/03_Study_Simulations/SimsOutputs/Step2_Simulations/Checkpoints/nivolumab_cv60_dose30_batch006.rds,1123136,256b322b8967b03207fb9fd89f30a1ef,2026-09-29 10:29:46.555035
nivolumab_cv60_dose30_batch007,Nivolumab,0.6,30,7,500,500,0,348000,C:/Users/krina/Documents/Projects/PBPK_mAb_NAM_Tutorial/03_Study_Simulations/SimsOutputs/Step2_Simulations/Checkpoints/nivolumab_cv60_dose30_batch007.rds,1134452,43b79e9a2d5c22bd381fbf86caea7748,2026-09-29 10:35:22.637284
nivolumab_cv60_dose30_batch008,Nivolumab,0.6,30,8,500,500,0,348000,C:/Users/krina/Documents/Projects/PBPK_mAb_NAM_Tutorial/03_Study_Simulations/SimsOutputs/Step2_Simulations/Checkpoints/nivolumab_cv60_dose30_batch008.rds,1139468,8e0cb4a662ddae99b68359ee5cb683ad,2026-09-29 10:40:54.563906
nivolumab_cv60_dose30_batch009,Nivolumab,0.6,30,9,500,500,0,348000,C:/Users/krina/Documents/Projects/PBPK_mAb_NAM_Tutorial/03_Study_Simulations/SimsOutputs/Step2_Simulations/Checkpoints/nivolumab_cv60_dose30_batch009.rds,1135280,800812c289119c495bb5f0de3a74bf62,2026-09-29 10:46:35.540338
nivolumab_cv60_dose30_batch010,Nivolumab,0.6,30,10,500,500,0,348000,C:/Users/krina/Documents/Projects/PBPK_mAb_NAM_Tutorial/03_Study_Simulations/SimsOutputs/Step2_Simulations/Checkpoints/nivolumab_cv60_dose30_batch010.rds,1175368,6005e5aa6e042271b7d1188cb12c10d0,2026-09-29 10:52:00.059214
