Molecule,Variability_CV,Design,N_per_group,Dose_mg_kg,N_study_replicates,Time_h,Median_ug_mL,P05_ug_mL,P95_ug_mL
Golimumab,0.3,2 dose groups,2,1,1000,0.25,23.146925400942564,17.428380623459816,29.604464080184698
Golimumab,0.3,2 dose groups,2,1,1000,1,21.376914158463478,16.062232526019216,27.296028211712837
Golimumab,0.3,2 dose groups,2,1,1000,2,20.37885943427682,15.313962483778596,26.04545624926686
Golimumab,0.3,2 dose groups,2,1,1000,4,19.07164826989174,14.302992671728134,24.406055007129904
Golimumab,0.3,2 dose groups,2,1,1000,8,17.158617172390223,12.825753316283226,21.931709423661232
Golimumab,0.3,2 dose groups,2,1,1000,24,12.424231320619583,9.343978073447943,15.92967071570456
Golimumab,0.3,2 dose groups,2,1,1000,48,9.120271168649197,6.7049295315518975,11.900141648948193
Golimumab,0.3,2 dose groups,2,1,1000,144,4.529035999439657,2.945547126000747,6.475328053347765
Golimumab,0.3,2 dose groups,2,1,1000,240,2.5896354694850743,1.4492244995199144,4.00422097183764
Golimumab,0.3,2 dose groups,2,1,1000,336,1.503557595424354,0.7174918142845854,2.505707493983209
Golimumab,0.3,2 dose groups,2,1,1000,504,0.5937802416156046,0.20184940956823993,1.1600376013666391
Golimumab,0.3,2 dose groups,2,1,1000,672,0.23588696676597465,0.05775202727818396,0.5476987443398683
Golimumab,0.3,2 dose groups,2,10,1000,0.25,232.49596059322357,174.28485229611397,294.21833440661425
Golimumab,0.3,2 dose groups,2,10,1000,1,214.20958936214447,160.6355195492506,271.14379048347473
Golimumab,0.3,2 dose groups,2,10,1000,2,204.1656196117401,153.0841138958931,258.28716829419136
Golimumab,0.3,2 dose groups,2,10,1000,4,190.5324250459671,143.0180773884058,241.2744815647602
Golimumab,0.3,2 dose groups,2,10,1000,8,170.01941353082657,127.80394747853279,214.80753779411316
Golimumab,0.3,2 dose groups,2,10,1000,24,122.64688834547997,91.91176079213619,156.81875824928284
Golimumab,0.3,2 dose groups,2,10,1000,48,90.36235325038433,66.81830551475286,116.89164608716963
Golimumab,0.3,2 dose groups,2,10,1000,144,45.2585868537426,30.19048685207963,64.66566536575556
Golimumab,0.3,2 dose groups,2,10,1000,240,25.92870038934052,15.467771370895207,41.08180604875087
Golimumab,0.3,2 dose groups,2,10,1000,336,15.204126527532935,7.813413923140615,26.573447166010737
Golimumab,0.3,2 dose groups,2,10,1000,504,6.057194201275706,2.4036977940704674,12.402409845963119
Golimumab,0.3,2 dose groups,2,10,1000,672,2.4885526159778237,0.7286231506441254,5.743885233532633
Golimumab,0.3,2 dose groups,3,1,1000,0.25,23.16580768674612,18.036753591150045,28.26937153935432
Golimumab,0.3,2 dose groups,3,1,1000,1,21.37486394494772,16.653423756361008,26.097247190773484
Golimumab,0.3,2 dose groups,3,1,1000,2,20.39380557835102,15.878598541021347,24.914800748229027
Golimumab,0.3,2 dose groups,3,1,1000,4,19.109396636486053,14.846646059304476,23.35391853004694
Golimumab,0.3,2 dose groups,3,1,1000,8,17.167716473340988,13.31366054713726,21.005798615515232
Golimumab,0.3,2 dose groups,3,1,1000,24,12.560037802904844,9.774608751758933,15.483818594366312
Golimumab,0.3,2 dose groups,3,1,1000,48,9.24205044284463,7.129978844895959,11.607189625501633
Golimumab,0.3,2 dose groups,3,1,1000,144,4.632575437426567,3.2711351406760514,6.298492234200238
Golimumab,0.3,2 dose groups,3,1,1000,240,2.6701989816501737,1.707614123588428,3.928701796103268
Golimumab,0.3,2 dose groups,3,1,1000,336,1.5592274838127196,0.8930840768152848,2.461887516546994
Golimumab,0.3,2 dose groups,3,1,1000,504,0.6266329946811311,0.2846378383401316,1.130053765373304
Golimumab,0.3,2 dose groups,3,1,1000,672,0.25490749030723237,0.08932479606301058,0.5260100594023241
Golimumab,0.3,2 dose groups,3,10,1000,0.25,230.30614852905273,183.36624041199684,279.27679747343063
Golimumab,0.3,2 dose groups,3,10,1000,1,212.3436063528061,168.6324267089367,257.4462789297104
Golimumab,0.3,2 dose groups,3,10,1000,2,202.1567553281784,160.91388791799545,245.24824947118756
Golimumab,0.3,2 dose groups,3,10,1000,4,188.65032196044922,150.72064220905304,229.09663885831833
Golimumab,0.3,2 dose groups,3,10,1000,8,168.4886321425438,134.26335588097572,203.45380067825315
Golimumab,0.3,2 dose groups,3,10,1000,24,121.80253863334656,97.28150770068169,148.30135345458984
Golimumab,0.3,2 dose groups,3,10,1000,48,89.66811448335648,70.34364692866802,111.16544544696808
Golimumab,0.3,2 dose groups,3,10,1000,144,45.127589255571365,32.38811440765858,60.41691821068525
Golimumab,0.3,2 dose groups,3,10,1000,240,25.91440323740244,16.743349581956863,37.64681696891785
Golimumab,0.3,2 dose groups,3,10,1000,336,15.202356176450849,8.718543807044625,23.65875358693301
Golimumab,0.3,2 dose groups,3,10,1000,504,6.040674657560885,2.735258981119842,10.842104912735522
Golimumab,0.3,2 dose groups,3,10,1000,672,2.4752451747190207,0.878925487631932,5.176229710923506
Golimumab,0.3,2 dose groups,6,1,1000,0.25,23.281604424118996,19.67931284569204,26.666234023869038
Golimumab,0.3,2 dose groups,6,1,1000,1,21.467106137424707,18.17243411205709,24.620094299316406
Golimumab,0.3,2 dose groups,6,1,1000,2,20.49631755799055,17.334059104323387,23.477669162675735
Golimumab,0.3,2 dose groups,6,1,1000,4,19.19480310752988,16.18524502031505,21.995310578495264
Golimumab,0.3,2 dose groups,6,1,1000,8,17.209839541465044,14.481961075216532,19.787344681099057
Golimumab,0.3,2 dose groups,6,1,1000,24,12.59390995837748,10.536694354377687,14.522391762584446
Golimumab,0.3,2 dose groups,6,1,1000,48,9.269127715379,7.718663648702204,10.827686684206128
Golimumab,0.3,2 dose groups,6,1,1000,144,4.648993629962206,3.6889643780887127,5.7728459988720715
Golimumab,0.3,2 dose groups,6,1,1000,240,2.6674115157220513,1.9617050531087443,3.5311775119043887
Golimumab,0.3,2 dose groups,6,1,1000,336,1.5687348728533834,1.0714244467089884,2.1910679899156094
Golimumab,0.3,2 dose groups,6,1,1000,504,0.6371718307491392,0.3718729477986926,0.9812003886327146
Golimumab,0.3,2 dose groups,6,1,1000,672,0.2657514010934392,0.1328477315973942,0.4466329909337219
Golimumab,0.3,2 dose groups,6,10,1000,0.25,232.8167274594307,200.11007845401764,268.83371002972126
Golimumab,0.3,2 dose groups,6,10,1000,1,214.623012393713,184.6322587877512,247.88827896118164
Golimumab,0.3,2 dose groups,6,10,1000,2,204.43266928195953,175.8180844783783,235.6039726734161
Golimumab,0.3,2 dose groups,6,10,1000,4,190.72979912161827,163.74516412615776,219.7698514163494
Golimumab,0.3,2 dose groups,6,10,1000,8,170.3827202320099,146.3069649785757,196.288753002882
Golimumab,0.3,2 dose groups,6,10,1000,24,123.56136217713356,105.87977357208729,142.91383042931557
Golimumab,0.3,2 dose groups,6,10,1000,48,91.05531014502048,76.87175650149584,106.02581325918436
Golimumab,0.3,2 dose groups,6,10,1000,144,46.0307952016592,36.297983974218376,56.6468333825469
Golimumab,0.3,2 dose groups,6,10,1000,240,26.55111877247691,19.296306129544973,34.61411847732961
Golimumab,0.3,2 dose groups,6,10,1000,336,15.59687596745789,10.396578637883067,21.675947455223646
Golimumab,0.3,2 dose groups,6,10,1000,504,6.382217249483801,3.6429603880969808,9.703694337513296
Golimumab,0.3,2 dose groups,6,10,1000,672,2.6615855866111815,1.3291932252468541,4.467077918234281
Golimumab,0.3,3 dose groups,2,1,1000,0.25,23.524809256196022,17.472881209105253,29.545182734727856
Golimumab,0.3,3 dose groups,2,1,1000,1,21.69903628528118,16.137330159544945,27.25234905257821
Golimumab,0.3,3 dose groups,2,1,1000,2,20.686584804207087,15.416848864406347,25.995230209082365
Golimumab,0.3,3 dose groups,2,1,1000,4,19.382258970290422,14.471544474363327,24.31916993111372
Golimumab,0.3,3 dose groups,2,1,1000,8,17.36962040886283,13.001625509932637,21.86201747506857
Golimumab,0.3,3 dose groups,2,1,1000,24,12.720933370292187,9.529185961000621,16.134520629420877
Golimumab,0.3,3 dose groups,2,1,1000,48,9.405270544812083,6.816974021494389,12.093821000307798
Golimumab,0.3,3 dose groups,2,1,1000,144,4.713223152793944,3.122242223471403,6.701779095456003
Golimumab,0.3,3 dose groups,2,1,1000,240,2.7073705452494323,1.6010317095788198,4.200473057571798
Golimumab,0.3,3 dose groups,2,1,1000,336,1.5854302095249295,0.8149673690786585,2.7048360987100746
Golimumab,0.3,3 dose groups,2,1,1000,504,0.6304683862254024,0.243568021687679,1.252299820189364
Golimumab,0.3,3 dose groups,2,1,1000,672,0.255434779683128,0.07203702709375648,0.5943511491932439
Golimumab,0.3,3 dose groups,2,3,1000,0.25,69.80723887681961,52.20831848680973,88.51351037621498
Golimumab,0.3,3 dose groups,2,3,1000,1,64.45557922124863,48.22076786309481,81.63414873182774
Golimumab,0.3,3 dose groups,2,3,1000,2,61.46457642316818,46.11399795860052,77.83550541847944
Golimumab,0.3,3 dose groups,2,3,1000,4,57.44658596813679,43.05940501391888,72.69030097872019
Golimumab,0.3,3 dose groups,2,3,1000,8,51.57976783812046,38.607484214007854,65.31535103917122
Golimumab,0.3,3 dose groups,2,3,1000,24,37.64571435749531,27.99778377637267,47.93074820190668
Golimumab,0.3,3 dose groups,2,3,1000,48,27.506178058683872,20.315500488504767,35.81334935501218
Golimumab,0.3,3 dose groups,2,3,1000,144,13.765120273455977,9.382630730979145,19.760850202292204
Golimumab,0.3,3 dose groups,2,3,1000,240,7.786296866834164,4.625846701674163,12.377830655314021
Golimumab,0.3,3 dose groups,2,3,1000,336,4.554169136099517,2.3822596622630954,7.9825159907341
Golimumab,0.3,3 dose groups,2,3,1000,504,1.7816542298533022,0.6975849627633579,3.750496110878884
Golimumab,0.3,3 dose groups,2,3,1000,672,0.7263560619321652,0.2158540346135851,1.8284367275191469
Golimumab,0.3,3 dose groups,2,10,1000,0.25,229.07766848802567,173.62381227314472,293.04632708430285
Golimumab,0.3,3 dose groups,2,10,1000,1,211.18339598178864,160.06799720227718,269.90152046084404
Golimumab,0.3,3 dose groups,2,10,1000,2,201.25484392046928,152.2707749158144,256.3079671561718
Golimumab,0.3,3 dose groups,2,10,1000,4,188.04282769560814,142.06416830420494,239.1321149468422
Golimumab,0.3,3 dose groups,2,10,1000,8,167.84995794296265,126.84966064989567,212.87092119455338
Golimumab,0.3,3 dose groups,2,10,1000,24,122.20982015132904,90.77162995934486,155.82161754369733
Golimumab,0.3,3 dose groups,2,10,1000,48,89.50278237462044,65.40015388280153,117.78836779296398
Golimumab,0.3,3 dose groups,2,10,1000,144,44.67620495706797,29.10270620137453,64.55415800213814
Golimumab,0.3,3 dose groups,2,10,1000,240,25.353249069303274,14.651537574827671,40.11180890724063
Golimumab,0.3,3 dose groups,2,10,1000,336,14.612020645290613,7.385120484977961,25.211206935346127
Golimumab,0.3,3 dose groups,2,10,1000,504,5.773735418915749,2.1963034488726407,11.700664758682247
Golimumab,0.3,3 dose groups,2,10,1000,672,2.3228052305057645,0.6512682553147897,5.457677969243376
Golimumab,0.3,3 dose groups,3,1,1000,0.25,23.0611776933074,18.468373157083988,27.91337694972753
Golimumab,0.3,3 dose groups,3,1,1000,1,21.279925666749477,17.034055162221193,25.784624330699444
Golimumab,0.3,3 dose groups,3,1,1000,2,20.295125246047974,16.24400371685624,24.555509872734543
Golimumab,0.3,3 dose groups,3,1,1000,4,19.027944654226303,15.19012214615941,22.970853354781863
Golimumab,0.3,3 dose groups,3,1,1000,8,17.091920971870422,13.582952860742807,20.6609121337533
Golimumab,0.3,3 dose groups,3,1,1000,24,12.516910769045353,9.9039177969098091,15.247401706874369
Golimumab,0.3,3 dose groups,3,1,1000,48,9.201985038816929,7.203997541218996,11.455051554366946
Golimumab,0.3,3 dose groups,3,1,1000,144,4.606460966169834,3.2813867926597595,6.160431555472314
Golimumab,0.3,3 dose groups,3,1,1000,240,2.6333766989409924,1.7031949455849826,3.8282007537782192
Golimumab,0.3,3 dose groups,3,1,1000,336,1.5288861352019012,0.8882877451833338,2.416755247395485
Golimumab,0.3,3 dose groups,3,1,1000,504,0.6006511059240438,0.2872513316106051,1.1031157482648266
Golimumab,0.3,3 dose groups,3,1,1000,672,0.2455290945363231,0.09291808601119556,0.5175113049335778
Golimumab,0.3,3 dose groups,3,3,1000,0.25,69.90656852722168,54.75840412080288,84.73628804087639
Golimumab,0.3,3 dose groups,3,3,1000,1,64.49260413646698,50.48460729420185,78.094317689538
Golimumab,0.3,3 dose groups,3,3,1000,2,61.457112431526184,48.18877846002579,74.37414407730103
Golimumab,0.3,3 dose groups,3,3,1000,4,57.54101350903511,44.94274351745844,69.61631365120411
Golimumab,0.3,3 dose groups,3,3,1000,8,51.62097364664078,40.30209083110094,62.386318370699875
Golimumab,0.3,3 dose groups,3,3,1000,24,37.3645331710577,29.26269941031933,46.044635102152824
Golimumab,0.3,3 dose groups,3,3,1000,48,27.616510167717934,21.150563079863787,34.59826376289129
Golimumab,0.3,3 dose groups,3,3,1000,144,13.783380761742592,9.81897477991879,18.781380895525214
Golimumab,0.3,3 dose groups,3,3,1000,240,7.906594825908542,5.0720543041825294,11.4834226667881
Golimumab,0.3,3 dose groups,3,3,1000,336,4.630502220243216,2.6201807404868305,7.30115806683898
Golimumab,0.3,3 dose groups,3,3,1000,504,1.8495342577807605,0.8016734675038606,3.2972083031199872
Golimumab,0.3,3 dose groups,3,3,1000,672,0.7588518696138635,0.24636084119265433,1.5523175080306828
Golimumab,0.3,3 dose groups,3,10,1000,0.25,230.4889589548111,182.717507481575,281.0693019628525
Golimumab,0.3,3 dose groups,3,10,1000,1,212.308731675148,168.55934977531433,258.9053353667259
Golimumab,0.3,3 dose groups,3,10,1000,2,202.40536630153656,160.97486436367035,246.48890197277066
Golimumab,0.3,3 dose groups,3,10,1000,4,188.93063813447952,150.1350435614586,230.0962671637535
Golimumab,0.3,3 dose groups,3,10,1000,8,168.66017431020737,134.54873204231262,205.27070313692093
Golimumab,0.3,3 dose groups,3,10,1000,24,121.75821661949158,95.84440305829048,149.84432250261307
Golimumab,0.3,3 dose groups,3,10,1000,48,89.40706327557564,69.85063925385475,112.49998584389687
Golimumab,0.3,3 dose groups,3,10,1000,144,45.20586282014847,31.84135042130947,61.55112944543362
Golimumab,0.3,3 dose groups,3,10,1000,240,25.92250667512417,16.43225723877549,38.26358392834663
Golimumab,0.3,3 dose groups,3,10,1000,336,15.105468314141035,8.475902178324759,24.297874812036753
Golimumab,0.3,3 dose groups,3,10,1000,504,5.984416487626731,2.655172835220583,11.191830206662416
Golimumab,0.3,3 dose groups,3,10,1000,672,2.4578666023444384,0.8455720508936793,5.238105381140485
Golimumab,0.3,3 dose groups,6,1,1000,0.25,23.24267141520977,19.674188224598765,26.600107038393613
Golimumab,0.3,3 dose groups,6,1,1000,1,21.456851344555616,18.169238409027457,24.537569545209408
Golimumab,0.3,3 dose groups,6,1,1000,2,20.476001128554344,17.338005220517516,23.39019182138145
Golimumab,0.3,3 dose groups,6,1,1000,4,19.185479823499918,16.220346493646502,21.88106767833233
Golimumab,0.3,3 dose groups,6,1,1000,8,17.20697870478034,14.531404012814164,19.61987559683621
Golimumab,0.3,3 dose groups,6,1,1000,24,12.607937911525369,10.571104413829744,14.454101501032708
Golimumab,0.3,3 dose groups,6,1,1000,48,9.29213180206716,7.675330908969045,10.765865184366703
Golimumab,0.3,3 dose groups,6,1,1000,144,4.703810531646013,3.6309814918786287,5.700615411624312
Golimumab,0.3,3 dose groups,6,1,1000,240,2.720353181939572,1.9263728748774156,3.4700815344695
Golimumab,0.3,3 dose groups,6,1,1000,336,1.596910718944855,1.0581296370946804,2.171504796715453
Golimumab,0.3,3 dose groups,6,1,1000,504,0.6455072762037162,0.37094884377438575,0.9651179891079663
Golimumab,0.3,3 dose groups,6,1,1000,672,0.26673193788155913,0.13298477215357707,0.4385640045074979
Golimumab,0.3,3 dose groups,6,3,1000,0.25,69.40809264779091,59.61764469742775,79.55937638878822
Golimumab,0.3,3 dose groups,6,3,1000,1,64.00054730474949,55.0068175047636,73.42255752533674
Golimumab,0.3,3 dose groups,6,3,1000,2,61.01641356945038,52.426205687224865,70.10837685316801
Golimumab,0.3,3 dose groups,6,3,1000,4,57.20931254327297,48.94555892795324,65.64806491136551
Golimumab,0.3,3 dose groups,6,3,1000,8,51.289341412484646,43.79231782630086,58.81196204572916
Golimumab,0.3,3 dose groups,6,3,1000,24,37.34325096011162,31.815674537792802,43.17705241963267
Golimumab,0.3,3 dose groups,6,3,1000,48,27.595587633550167,23.196282954886556,32.210698351264
Golimumab,0.3,3 dose groups,6,3,1000,144,13.881789892911911,10.972363953478634,17.240565186366435
Golimumab,0.3,3 dose groups,6,3,1000,240,7.9873229609802365,5.875777570763603,10.588807952590287
Golimumab,0.3,3 dose groups,6,3,1000,336,4.693410650361329,3.1735822663176805,6.6391830041538915
Golimumab,0.3,3 dose groups,6,3,1000,504,1.8890798499342054,1.092779830796644,2.9569375363644212
Golimumab,0.3,3 dose groups,6,3,1000,672,0.7872978960222099,0.3877934828597063,1.3568766924436204
Golimumab,0.3,3 dose groups,6,10,1000,0.25,230.61792850494385,199.16431583464146,264.8568469285965
Golimumab,0.3,3 dose groups,6,10,1000,1,212.49277144670486,183.43528412282467,243.80738973617554
Golimumab,0.3,3 dose groups,6,10,1000,2,202.59509310126305,174.577367156744,232.09350295364854
Golimumab,0.3,3 dose groups,6,10,1000,4,189.16143998503685,162.9783547669649,216.57077327370644
Golimumab,0.3,3 dose groups,6,10,1000,8,169.1664807498455,145.58531992137432,193.19590263068676
Golimumab,0.3,3 dose groups,6,10,1000,24,122.50671237707138,104.62885551154613,140.35153813660145
Golimumab,0.3,3 dose groups,6,10,1000,48,90.15027992427349,75.70412028580904,104.6408960968256
Golimumab,0.3,3 dose groups,6,10,1000,144,45.801884680986404,36.00539676845074,56.006661746650934
Golimumab,0.3,3 dose groups,6,10,1000,240,26.3394963927567,19.565458120778203,34.21323714777827
Golimumab,0.3,3 dose groups,6,10,1000,336,15.453156153671443,10.61725711566396,21.2400590069592
Golimumab,0.3,3 dose groups,6,10,1000,504,6.256649096030742,3.7458019301993772,9.530411465093492
Golimumab,0.3,3 dose groups,6,10,1000,672,2.603965738671832,1.3576115280739032,4.383847040007821
Golimumab,0.3,5 dose groups,2,0.1,1000,0.25,2.2965110605582595,1.7244096484500915,2.9520880943164225
Golimumab,0.3,5 dose groups,2,0.1,1000,1,2.121518924832344,1.592240952886641,2.7231624769046903
Golimumab,0.3,5 dose groups,2,0.1,1000,2,2.0206221845000982,1.52068403782323,2.5977018708363175
Golimumab,0.3,5 dose groups,2,0.1,1000,4,1.8916642642579973,1.4199088874738663,2.4354599020443852
Golimumab,0.3,5 dose groups,2,0.1,1000,8,1.7020641127601266,1.2693922058679163,2.185542593942955
Golimumab,0.3,5 dose groups,2,0.1,1000,24,1.242766936775297,0.9238860430195928,1.5968771930783985
Golimumab,0.3,5 dose groups,2,0.1,1000,48,0.9222275402862579,0.6647943699499592,1.2065977341262624
Golimumab,0.3,5 dose groups,2,0.1,1000,144,0.45762241061311215,0.30216419239877723,0.6494531856151297
Golimumab,0.3,5 dose groups,2,0.1,1000,240,0.2572888173745014,0.1515887929417659,0.40892495366279036
Golimumab,0.3,5 dose groups,2,0.1,1000,336,0.14919822788215242,0.07590057073684876,0.258273303770693
Golimumab,0.3,5 dose groups,2,0.1,1000,504,0.05893610359635204,0.02172211158722348,0.11956085814745165
Golimumab,0.3,5 dose groups,2,0.1,1000,672,0.022893234972798382,0.006003271764711826,0.055981015830184326
Golimumab,0.3,5 dose groups,2,1,1000,0.25,22.991443891078234,17.266511656343937,29.39557783305645
Golimumab,0.3,5 dose groups,2,1,1000,1,21.222436521202326,15.922447806224227,27.114195730537176
Golimumab,0.3,5 dose groups,2,1,1000,2,20.25736654177308,15.18995901569724,25.8129608631134
Golimumab,0.3,5 dose groups,2,1,1000,4,19.001350086182356,14.174062376841903,24.20289907604456
Golimumab,0.3,5 dose groups,2,1,1000,8,17.04038567841053,12.634475072845817,21.78053554147482
Golimumab,0.3,5 dose groups,2,1,1000,24,12.432758929207921,9.07246925868094,16.00226813927293
Golimumab,0.3,5 dose groups,2,1,1000,48,9.1855863109231,6.587570132687688,12.02455373480916
Golimumab,0.3,5 dose groups,2,1,1000,144,4.618627997115254,2.916111114900559,6.657625953666866
Golimumab,0.3,5 dose groups,2,1,1000,240,2.6488689123652875,1.4619800902437419,4.219990277197211
Golimumab,0.3,5 dose groups,2,1,1000,336,1.5230994089506567,0.7379363579093479,2.688429752597585
Golimumab,0.3,5 dose groups,2,1,1000,504,0.5970346333924681,0.2137857502384577,1.2537179159699008
Golimumab,0.3,5 dose groups,2,1,1000,672,0.24046027392614633,0.061427709415511345,0.591746536956634
Golimumab,0.3,5 dose groups,2,3,1000,0.25,69.92449276149273,52.131892181932926,88.53731364011765
Golimumab,0.3,5 dose groups,2,3,1000,1,64.47525545954704,48.02336420863867,81.553390994668
Golimumab,0.3,5 dose groups,2,3,1000,2,61.4047396928072,45.77995229512453,77.69495788961649
Golimumab,0.3,5 dose groups,2,3,1000,4,57.440489530563354,42.94194705784321,72.68898725509644
Golimumab,0.3,5 dose groups,2,3,1000,8,51.50977894663811,38.52137804031372,65.21764654666185
Golimumab,0.3,5 dose groups,2,3,1000,24,37.399278581142426,27.556679528206587,47.89913937449455
Golimumab,0.3,5 dose groups,2,3,1000,48,27.471596002578735,19.940152941271663,36.06550298631191
Golimumab,0.3,5 dose groups,2,3,1000,144,13.680389989167452,8.957584644667804,19.90156788378954
Golimumab,0.3,5 dose groups,2,3,1000,240,7.856404152698815,4.414200328756124,12.614572020247577
Golimumab,0.3,5 dose groups,2,3,1000,336,4.559513018466532,2.1717485308181494,8.113865302875636
Golimumab,0.3,5 dose groups,2,3,1000,504,1.8167999165598303,0.6309182787663303,3.8506828987738104
Golimumab,0.3,5 dose groups,2,3,1000,672,0.7290715497219935,0.18652089194802102,1.8616945136454885
Golimumab,0.3,5 dose groups,2,10,1000,0.25,232.1125254034996,173.13927076756954,296.0135807096958
Golimumab,0.3,5 dose groups,2,10,1000,1,213.76638114452362,159.61891561746597,272.9707570374012
Golimumab,0.3,5 dose groups,2,10,1000,2,203.56884822249413,152.09386870265007,260.08985593914986
Golimumab,0.3,5 dose groups,2,10,1000,4,189.55129757523537,141.94951593875885,242.4784916639328
Golimumab,0.3,5 dose groups,2,10,1000,8,169.53400522470474,126.63242429494858,215.23658975958824
Golimumab,0.3,5 dose groups,2,10,1000,24,123.08373302221298,91.33224382996559,155.62709525227547
Golimumab,0.3,5 dose groups,2,10,1000,48,90.23083113133907,66.04785304516554,117.34078668057916
Golimumab,0.3,5 dose groups,2,10,1000,144,45.21778989583254,29.647496435791254,64.64536752551794
Golimumab,0.3,5 dose groups,2,10,1000,240,25.694629456847906,14.807004905305803,40.81867592409252
Golimumab,0.3,5 dose groups,2,10,1000,336,14.962292835116386,7.566565191373229,26.101789036765688
Golimumab,0.3,5 dose groups,2,10,1000,504,5.89472958818078,2.2985287976916884,12.174798580817878
Golimumab,0.3,5 dose groups,2,10,1000,672,2.346568484790623,0.6896955968113616,5.727872127899899
Golimumab,0.3,5 dose groups,2,30,1000,0.25,694.1936373710632,520.6181654334068,885.0759708881378
Golimumab,0.3,5 dose groups,2,30,1000,1,638.0523025989532,478.52015376091003,812.7361965179443
Golimumab,0.3,5 dose groups,2,30,1000,2,604.4276475906372,454.202723801136,769.6614772081375
Golimumab,0.3,5 dose groups,2,30,1000,4,559.3968629837036,421.51703238487244,711.7049592733383
Golimumab,0.3,5 dose groups,2,30,1000,8,496.1821496486664,373.98694664239883,625.8012288808821
Golimumab,0.3,5 dose groups,2,30,1000,24,352.5689274072647,264.08453688025475,446.08799099922174
Golimumab,0.3,5 dose groups,2,30,1000,48,259.0395972132683,188.31125311553478,334.2278842628002
Golimumab,0.3,5 dose groups,2,30,1000,144,131.77538886666298,84.5416510105133,188.51573713123798
Golimumab,0.3,5 dose groups,2,30,1000,240,75.87967179715633,42.94155025854707,120.14385826885699
Golimumab,0.3,5 dose groups,2,30,1000,336,44.22977473586798,21.86785158701241,77.52684278413653
Golimumab,0.3,5 dose groups,2,30,1000,504,17.62088891118765,6.590313822962344,36.38056707568466
Golimumab,0.3,5 dose groups,2,30,1000,672,7.020105456467718,1.9476538826711476,17.385540381073945
Golimumab,0.3,5 dose groups,3,0.1,1000,0.25,2.3148395121097565,1.8323604576289654,2.7985664270818233
Golimumab,0.3,5 dose groups,3,0.1,1000,1,2.136724372394383,1.692190661560744,2.583577409386635
Golimumab,0.3,5 dose groups,3,0.1,1000,2,2.039466588757932,1.6159357037395239,2.4669178971089423
Golimumab,0.3,5 dose groups,3,0.1,1000,4,1.9057467114180326,1.515432526357472,2.3122936696745455
Golimumab,0.3,5 dose groups,3,0.1,1000,8,1.7110033659264445,1.3628077693283558,2.0752266538329422
Golimumab,0.3,5 dose groups,3,0.1,1000,24,1.253291533794254,0.9858356753829867,1.5322424354963005
Golimumab,0.3,5 dose groups,3,0.1,1000,48,0.9201340144500136,0.719302206998691,1.153978701913729
Golimumab,0.3,5 dose groups,3,0.1,1000,144,0.4638965998310596,0.3293625023798086,0.623439714545384
Golimumab,0.3,5 dose groups,3,0.1,1000,240,0.26633214147295803,0.17212247650604695,0.38068643392762164
Golimumab,0.3,5 dose groups,3,0.1,1000,336,0.15459827700397,0.08954640066804131,0.23929641902213916
Golimumab,0.3,5 dose groups,3,0.1,1000,504,0.06083946973376442,0.027895931184502842,0.10843377356650306
Golimumab,0.3,5 dose groups,3,0.1,1000,672,0.02451845020914334,0.008429078361587017,0.049543642717253526
Golimumab,0.3,5 dose groups,3,1,1000,0.25,23.217217065393925,18.460217863321304,27.881032153964043
Golimumab,0.3,5 dose groups,3,1,1000,1,21.408696472644806,17.040300834923983,25.72394628077745
Golimumab,0.3,5 dose groups,3,1,1000,2,20.440515503287315,16.254058741033077,24.5373260974884
Golimumab,0.3,5 dose groups,3,1,1000,4,19.155102409422398,15.210446622222662,22.950630094856024
Golimumab,0.3,5 dose groups,3,1,1000,8,17.203533835709095,13.622733000665903,20.631068870425224
Golimumab,0.3,5 dose groups,3,1,1000,24,12.51267185434699,9.917436158284545,15.136696994304655
Golimumab,0.3,5 dose groups,3,1,1000,48,9.219025634229183,7.1625895611941814,11.357002258300781
Golimumab,0.3,5 dose groups,3,1,1000,144,4.59490679204464,3.3299667993560433,6.212428780272602
Golimumab,0.3,5 dose groups,3,1,1000,240,2.6275008218362927,1.724013367202133,3.878212322015315
Golimumab,0.3,5 dose groups,3,1,1000,336,1.5431664884090424,0.8969041565433145,2.437825103988871
Golimumab,0.3,5 dose groups,3,1,1000,504,0.6250196194741875,0.2881741477176547,1.1052119586383922
Golimumab,0.3,5 dose groups,3,1,1000,672,0.2556641396949999,0.09263325366191566,0.5101141335035209
Golimumab,0.3,5 dose groups,3,3,1000,0.25,69.45716366171837,55.13792484998703,84.13814805448055
Golimumab,0.3,5 dose groups,3,3,1000,1,64.04847055673599,50.89267425239086,77.59722888469696
Golimumab,0.3,5 dose groups,3,3,1000,2,61.08861193060875,48.57892490923405,74.05372351408005
Golimumab,0.3,5 dose groups,3,3,1000,4,57.04587250947952,45.44121760874987,69.18751768767832
Golimumab,0.3,5 dose groups,3,3,1000,8,51.126499474048615,40.84984131157398,62.12179474532604
Golimumab,0.3,5 dose groups,3,3,1000,24,37.30878494679928,29.696644470095634,45.53343087434769
Golimumab,0.3,5 dose groups,3,3,1000,48,27.472667768597603,21.492878757417202,34.06404402107
Golimumab,0.3,5 dose groups,3,3,1000,144,13.791565876454115,9.849607674404979,18.272232888266444
Golimumab,0.3,5 dose groups,3,3,1000,240,7.839053496718407,4.972299817018211,11.29599506035447
Golimumab,0.3,5 dose groups,3,3,1000,336,4.565877804998308,2.5746912858448923,7.169019728899002
Golimumab,0.3,5 dose groups,3,3,1000,504,1.8088873010128736,0.8193888553068973,3.290832502534613
Golimumab,0.3,5 dose groups,3,3,1000,672,0.7356930058449507,0.25622191416914575,1.5298141143284736
Golimumab,0.3,5 dose groups,3,10,1000,0.25,232.18333423137665,181.6179656982422,280.1632061600685
Golimumab,0.3,5 dose groups,3,10,1000,1,213.82233053445816,167.4345964193344,257.7226158976555
Golimumab,0.3,5 dose groups,3,10,1000,2,203.40506434440613,159.84011366963387,245.21738439798352
Golimumab,0.3,5 dose groups,3,10,1000,4,189.80480879545212,149.52211186289787,228.8631808757782
Golimumab,0.3,5 dose groups,3,10,1000,8,169.18701827526093,133.36786583065987,204.7465345263481
Golimumab,0.3,5 dose groups,3,10,1000,24,122.34508246183395,96.41881749033928,148.76086294651031
Golimumab,0.3,5 dose groups,3,10,1000,48,89.75083082914352,69.13838841021061,112.58317470550534
Golimumab,0.3,5 dose groups,3,10,1000,144,45.3218262642622,32.06101272255182,60.942386426031575
Golimumab,0.3,5 dose groups,3,10,1000,240,25.847892090678215,16.450894437730312,37.53594029694794
Golimumab,0.3,5 dose groups,3,10,1000,336,15.085300337523222,8.603413137607276,23.82090087980032
Golimumab,0.3,5 dose groups,3,10,1000,504,6.069488963112235,2.7501958550419663,10.60740287415683
Golimumab,0.3,5 dose groups,3,10,1000,672,2.517265290953219,0.8752221721806563,4.8608177807182065
Golimumab,0.3,5 dose groups,3,30,1000,0.25,692.2478377819061,548.8629078865051,833.3153665065764
Golimumab,0.3,5 dose groups,3,30,1000,1,635.6334984302521,504.55751836299896,764.5373487472534
Golimumab,0.3,5 dose groups,3,30,1000,2,602.7867019176483,479.42510962486267,725.720903277397
Golimumab,0.3,5 dose groups,3,30,1000,4,558.2158863544464,444.8984783887863,671.1151695251464
Golimumab,0.3,5 dose groups,3,30,1000,8,493.1110382080078,394.5276004076004,593.0410015583037
Golimumab,0.3,5 dose groups,3,30,1000,24,350.1777082681656,279.86325204372406,422.8402471542358
Golimumab,0.3,5 dose groups,3,30,1000,48,256.43206238746643,202.40089923143387,314.24738645553583
Golimumab,0.3,5 dose groups,3,30,1000,144,128.88055741786957,92.60955184698105,172.25445121526718
Golimumab,0.3,5 dose groups,3,30,1000,240,74.51683431863785,47.99441136419773,106.7900712788105
Golimumab,0.3,5 dose groups,3,30,1000,336,43.68072636425495,24.825939759612083,66.95488426834343
Golimumab,0.3,5 dose groups,3,30,1000,504,17.50521920621395,7.768156668171287,30.366539945825934
Golimumab,0.3,5 dose groups,3,30,1000,672,7.168434886261821,2.4146248714532703,14.167019510059617
Golimumab,0.3,5 dose groups,6,0.1,1000,0.25,2.307423669844866,1.9487040385138243,2.654715523822233
Golimumab,0.3,5 dose groups,6,0.1,1000,1,2.130103891249746,1.7974744830280542,2.450142827583477
Golimumab,0.3,5 dose groups,6,0.1,1000,2,2.03424587380141,1.7145679716486484,2.3369291075505316
Golimumab,0.3,5 dose groups,6,0.1,1000,4,1.9051141571253538,1.6058941825758666,2.187680979259312
Golimumab,0.3,5 dose groups,6,0.1,1000,8,1.7088394321035594,1.4469142496818677,1.9644392561167476
Golimumab,0.3,5 dose groups,6,0.1,1000,24,1.2458734505344182,1.0519031941657886,1.4459393674042076
Golimumab,0.3,5 dose groups,6,0.1,1000,48,0.9189390810206532,0.7664014169131406,1.081266857217997
Golimumab,0.3,5 dose groups,6,0.1,1000,144,0.4621820757165551,0.3645002252596896,0.5735452893713955
Golimumab,0.3,5 dose groups,6,0.1,1000,240,0.26488494549994357,0.19337122452270705,0.3447664037230424
Golimumab,0.3,5 dose groups,6,0.1,1000,336,0.15464416410395643,0.10519264029426267,0.21147885065147418
Golimumab,0.3,5 dose groups,6,0.1,1000,504,0.06213481701706769,0.03653337475043372,0.09288206686960619
Golimumab,0.3,5 dose groups,6,0.1,1000,672,0.025264868008889607,0.012544408411940822,0.04144789784390923
Golimumab,0.3,5 dose groups,6,1,1000,0.25,23.258356377482414,19.574926355853677,26.636529238894582
Golimumab,0.3,5 dose groups,6,1,1000,1,21.463695168495178,18.058473514392972,24.57954161800444
Golimumab,0.3,5 dose groups,6,1,1000,2,20.483258459717035,17.223871033638716,23.427550829946995
Golimumab,0.3,5 dose groups,6,1,1000,4,19.17367149144411,16.145547702908516,21.956459283828735
Golimumab,0.3,5 dose groups,6,1,1000,8,17.197977285832167,14.460794618353248,19.747761180624366
Golimumab,0.3,5 dose groups,6,1,1000,24,12.585536111146212,10.572878164239228,14.476360129192472
Golimumab,0.3,5 dose groups,6,1,1000,48,9.292726591229439,7.706221439875662,10.814028489403425
Golimumab,0.3,5 dose groups,6,1,1000,144,4.658107773866504,3.7150829983875155,5.788236865773796
Golimumab,0.3,5 dose groups,6,1,1000,240,2.696159912738949,1.9969292893074453,3.5394511546473946
Golimumab,0.3,5 dose groups,6,1,1000,336,1.5913388866465539,1.0938881001493428,2.189413601299748
Golimumab,0.3,5 dose groups,6,1,1000,504,0.645297221490182,0.3834022715454921,0.973549945774721
Golimumab,0.3,5 dose groups,6,1,1000,672,0.26811096613528207,0.13712578512695472,0.4465612310013966
Golimumab,0.3,5 dose groups,6,3,1000,0.25,69.06532496213913,58.25605481863022,79.61030907928944
Golimumab,0.3,5 dose groups,6,3,1000,1,63.72419819235802,53.74043174088001,73.39170526713133
Golimumab,0.3,5 dose groups,6,3,1000,2,60.79852879047394,51.26382030546665,69.92803607136011
Golimumab,0.3,5 dose groups,6,3,1000,4,56.889886409044266,47.94496746733785,65.34756250679493
Golimumab,0.3,5 dose groups,6,3,1000,8,51.0562714189291,42.98495952039957,58.60306553542614
Golimumab,0.3,5 dose groups,6,3,1000,24,37.22235634922981,31.200137864798307,42.660041227936745
Golimumab,0.3,5 dose groups,6,3,1000,48,27.3948160931468,22.893647653982043,31.767818219959732
Golimumab,0.3,5 dose groups,6,3,1000,144,13.73940333724022,10.936709577217698,16.860686438158154
Golimumab,0.3,5 dose groups,6,3,1000,240,7.8710665460675955,5.893913561012596,10.213564892765133
Golimumab,0.3,5 dose groups,6,3,1000,336,4.591561597771943,3.21929449448362,6.355430830735712
Golimumab,0.3,5 dose groups,6,3,1000,504,1.8336466688197106,1.0893260015291162,2.841332435782533
Golimumab,0.3,5 dose groups,6,3,1000,672,0.7524269021814689,0.3893868999875849,1.29108071749215
Golimumab,0.3,5 dose groups,6,10,1000,0.25,230.68114072084427,198.91696751117706,265.0917588174343
Golimumab,0.3,5 dose groups,6,10,1000,1,212.38032057881355,183.35628241300583,244.31560456752777
Golimumab,0.3,5 dose groups,6,10,1000,2,202.28011012077332,174.6629175543785,232.7898322045803
Golimumab,0.3,5 dose groups,6,10,1000,4,188.99459913372993,163.04079174995422,217.0666129142046
Golimumab,0.3,5 dose groups,6,10,1000,8,168.87474581599236,146.0387884825468,194.09209817647934
Golimumab,0.3,5 dose groups,6,10,1000,24,122.40252792835236,105.11582233011723,140.8184406906366
Golimumab,0.3,5 dose groups,6,10,1000,48,90.18562845885754,75.91980431228876,105.31223848462105
Golimumab,0.3,5 dose groups,6,10,1000,144,45.71258220821619,36.15545531734824,56.08827551826834
Golimumab,0.3,5 dose groups,6,10,1000,240,26.385864336043596,19.275942277163267,33.99105679243803
Golimumab,0.3,5 dose groups,6,10,1000,336,15.491919405758381,10.403015254996717,21.103801792487502
Golimumab,0.3,5 dose groups,6,10,1000,504,6.32091672741808,3.5513869911665097,9.396041647996753
Golimumab,0.3,5 dose groups,6,10,1000,672,2.6207509741652757,1.2524846225278452,4.250899706676137
Golimumab,0.3,5 dose groups,6,30,1000,0.25,696.5703457593918,594.0201711654663,794.5721814036368
Golimumab,0.3,5 dose groups,6,30,1000,1,639.5952314138412,545.6770649552345,729.6133595705032
Golimumab,0.3,5 dose groups,6,30,1000,2,606.0958415269852,517.4264788627625,691.4629444479942
Golimumab,0.3,5 dose groups,6,30,1000,4,561.6518139839172,479.21829760074615,639.1031429171562
Golimumab,0.3,5 dose groups,6,30,1000,8,496.67520821094513,425.26132822036743,563.4865045547485
Golimumab,0.3,5 dose groups,6,30,1000,24,353.6641627550125,302.7937349677086,403.3610111474991
Golimumab,0.3,5 dose groups,6,30,1000,48,259.8598599433899,219.91514429450035,300.2580362558365
Golimumab,0.3,5 dose groups,6,30,1000,144,132.78023451566696,105.31593512743711,161.5096244961023
Golimumab,0.3,5 dose groups,6,30,1000,240,76.79901383817196,57.07348510622978,99.70343161374329
Golimumab,0.3,5 dose groups,6,30,1000,336,45.234476402401924,31.37337720952928,62.28436378762126
Golimumab,0.3,5 dose groups,6,30,1000,504,18.423351482488215,11.046685297042131,27.93398663867265
Golimumab,0.3,5 dose groups,6,30,1000,672,7.705706148408353,3.9763256872538477,12.813140348298473
Golimumab,0.5,2 dose groups,2,1,1000,0.25,23.268095031380653,17.665747851133347,29.30515905842185
Golimumab,0.5,2 dose groups,2,1,1000,1,21.49187084287405,16.352526331320405,27.03952331095934
Golimumab,0.5,2 dose groups,2,1,1000,2,20.506104547530413,15.63573949970305,25.84514882415533
Golimumab,0.5,2 dose groups,2,1,1000,4,19.234071671962738,14.709961228072643,24.245754349976774
Golimumab,0.5,2 dose groups,2,1,1000,8,17.317975591868162,13.22817505337298,21.810756325721737
Golimumab,0.5,2 dose groups,2,1,1000,24,12.814247701317072,9.624602389521897,16.397510776296258
Golimumab,0.5,2 dose groups,2,1,1000,48,9.655293496325612,6.972658205777407,12.833306640386578
Golimumab,0.5,2 dose groups,2,1,1000,144,5.263609020039439,3.196149019058794,8.181027453392742
Golimumab,0.5,2 dose groups,2,1,1000,240,3.2591313938610256,1.62486101326067,5.852457925211638
Golimumab,0.5,2 dose groups,2,1,1000,336,2.039034676272422,0.8176147713675164,4.316435772925612
Golimumab,0.5,2 dose groups,2,1,1000,504,0.921798002673313,0.25661326850240584,2.6118725363630797
Golimumab,0.5,2 dose groups,2,1,1000,672,0.422687956597656,0.07897109340774477,1.6651693841413362
Golimumab,0.5,2 dose groups,2,10,1000,0.25,229.68017756938934,172.64029741287231,294.5954141020775
Golimumab,0.5,2 dose groups,2,10,1000,1,212.09987550973892,159.3624758720398,271.9573411345482
Golimumab,0.5,2 dose groups,2,10,1000,2,202.34010368585587,151.94522693753242,259.1392086446285
Golimumab,0.5,2 dose groups,2,10,1000,4,189.4224263727665,142.23188616335392,242.29859322309494
Golimumab,0.5,2 dose groups,2,10,1000,8,170.6215962767601,126.9279496371746,218.09562027454373
Golimumab,0.5,2 dose groups,2,10,1000,24,125.42232647538185,91.93355742841959,163.41862522065637
Golimumab,0.5,2 dose groups,2,10,1000,48,94.75766569375992,66.29301108419895,126.87452428042887
Golimumab,0.5,2 dose groups,2,10,1000,144,51.45074017345905,30.77263981103897,78.08303095400333
Golimumab,0.5,2 dose groups,2,10,1000,240,31.534072011709213,15.980037068948151,56.07099814340472
Golimumab,0.5,2 dose groups,2,10,1000,336,19.663664675317705,8.356085924897343,40.733642969280474
Golimumab,0.5,2 dose groups,2,10,1000,504,8.818183187395334,2.6548639428801835,24.854233958758414
Golimumab,0.5,2 dose groups,2,10,1000,672,4.001411190256476,0.8173234111745842,15.645563072757787
Golimumab,0.5,2 dose groups,3,1,1000,0.25,23.18650782108307,18.282968066632748,28.45058012753725
Golimumab,0.5,2 dose groups,3,1,1000,1,21.42755649983883,16.869928073138,26.28200929611921
Golimumab,0.5,2 dose groups,3,1,1000,2,20.472821034491062,16.1361750587821,25.09449530392885
Golimumab,0.5,2 dose groups,3,1,1000,4,19.216560944914818,15.154301300644875,23.57933383435011
Golimumab,0.5,2 dose groups,3,1,1000,8,17.323667369782925,13.63865876570344,21.263916492462158
Golimumab,0.5,2 dose groups,3,1,1000,24,12.867766246199608,10.068965703248978,15.994177442044018
Golimumab,0.5,2 dose groups,3,1,1000,48,9.733264241367579,7.445659562945366,12.312868926674128
Golimumab,0.5,2 dose groups,3,1,1000,144,5.262432945892215,3.489660252816975,7.493689181283116
Golimumab,0.5,2 dose groups,3,1,1000,240,3.2725047785788774,1.8700586957857013,5.28398800175637
Golimumab,0.5,2 dose groups,3,1,1000,336,2.0820800215005875,1.019300568732433,3.763868215028196
Golimumab,0.5,2 dose groups,3,1,1000,504,0.962376149254851,0.34707200567936525,2.2404996643308546
Golimumab,0.5,2 dose groups,3,1,1000,672,0.4550158162601292,0.11752502785384422,1.3834927027346562
Golimumab,0.5,2 dose groups,3,10,1000,0.25,231.1036914587021,184.15422320365906,282.4669674038887
Golimumab,0.5,2 dose groups,3,10,1000,1,213.34957480430603,169.9262496829033,260.70170998573303
Golimumab,0.5,2 dose groups,3,10,1000,2,203.55151295661926,162.18154564499855,248.3873179554939
Golimumab,0.5,2 dose groups,3,10,1000,4,190.24952501058578,152.45462372899055,232.13257908821103
Golimumab,0.5,2 dose groups,3,10,1000,8,170.5256387591362,136.66435346007347,209.39240783452988
Golimumab,0.5,2 dose groups,3,10,1000,24,126.05697810649872,99.75146487355232,155.44551953673363
Golimumab,0.5,2 dose groups,3,10,1000,48,94.6660079061985,73.99147808551788,121.48520112037659
Golimumab,0.5,2 dose groups,3,10,1000,144,51.79613046348095,35.91998001560569,74.69055004417896
Golimumab,0.5,2 dose groups,3,10,1000,240,32.241776026785374,19.59142241626978,52.904590964317315
Golimumab,0.5,2 dose groups,3,10,1000,336,20.66911356523633,10.610853265970945,38.42581037431955
Golimumab,0.5,2 dose groups,3,10,1000,504,9.708671038970351,3.657596886623651,22.87786669563502
Golimumab,0.5,2 dose groups,3,10,1000,672,4.688023749622516,1.2937442993279546,14.442108544753863
Golimumab,0.5,2 dose groups,6,1,1000,0.25,23.01671886816621,19.858464496210217,26.593980565667152
Golimumab,0.5,2 dose groups,6,1,1000,1,21.248981822282076,18.331902781501412,24.544705701991916
Golimumab,0.5,2 dose groups,6,1,1000,2,20.29525777325034,17.506872499361634,23.432151153683662
Golimumab,0.5,2 dose groups,6,1,1000,4,19.07420139759779,16.411510342732072,21.941165756434202
Golimumab,0.5,2 dose groups,6,1,1000,8,17.1638498082757,14.736047117039561,19.826094154268503
Golimumab,0.5,2 dose groups,6,1,1000,24,12.765858322381973,10.876873382367194,14.999410305172205
Golimumab,0.5,2 dose groups,6,1,1000,48,9.634261019527912,8.059561899863183,11.584822461009026
Golimumab,0.5,2 dose groups,6,1,1000,144,5.2706418093293905,4.021190352505073,6.984135555103421
Golimumab,0.5,2 dose groups,6,1,1000,240,3.2986700301989913,2.2856226633302867,4.785816982621327
Golimumab,0.5,2 dose groups,6,1,1000,336,2.124216924130451,1.3221674831584096,3.381645450135692
Golimumab,0.5,2 dose groups,6,1,1000,504,1.0158832013985375,0.5194516378105618,1.9680758325921486
Golimumab,0.5,2 dose groups,6,1,1000,672,0.5073153164630639,0.20912285210215487,1.219351403242399
Golimumab,0.5,2 dose groups,6,10,1000,0.25,232.23214745521545,196.17375075817108,264.74840238690376
Golimumab,0.5,2 dose groups,6,10,1000,1,214.21339064836502,180.8911992609501,244.14206221699715
Golimumab,0.5,2 dose groups,6,10,1000,2,204.24378886818886,172.74292565882206,232.94651940464973
Golimumab,0.5,2 dose groups,6,10,1000,4,190.9507319331169,161.79948419332504,217.81047761440274
Golimumab,0.5,2 dose groups,6,10,1000,8,171.5908981859684,145.14133729040623,195.65567903220654
Golimumab,0.5,2 dose groups,6,10,1000,24,126.89647451043129,106.67182065546513,145.59701912105083
Golimumab,0.5,2 dose groups,6,10,1000,48,95.71487419307232,78.57215151190758,112.49806500971317
Golimumab,0.5,2 dose groups,6,10,1000,144,53.0377296730876,39.254503324627876,68.50866110995412
Golimumab,0.5,2 dose groups,6,10,1000,240,33.586151618510485,22.187176605220884,47.5808164756745
Golimumab,0.5,2 dose groups,6,10,1000,336,21.764662070199847,12.775849662721157,33.961686384864144
Golimumab,0.5,2 dose groups,6,10,1000,504,10.629261401481926,4.882288910157513,20.014048256562088
Golimumab,0.5,2 dose groups,6,10,1000,672,5.3961933648679405,1.9327198958490044,12.056701546825927
Golimumab,0.5,3 dose groups,2,1,1000,0.25,23.140033520758152,17.387597719207406,29.16494619101286
Golimumab,0.5,3 dose groups,2,1,1000,1,21.383919194340706,16.0710771381855,26.900133825838566
Golimumab,0.5,3 dose groups,2,1,1000,2,20.44113390147686,15.374294193461537,25.700391568243504
Golimumab,0.5,3 dose groups,2,1,1000,4,19.161277636885643,14.466946860775352,24.16785260662436
Golimumab,0.5,3 dose groups,2,1,1000,8,17.28685526177287,13.053256664425135,21.859169527888298
Golimumab,0.5,3 dose groups,2,1,1000,24,12.908986397087574,9.512210385873914,16.60676132887602
Golimumab,0.5,3 dose groups,2,1,1000,48,9.756629867479205,6.91427253652364,12.913346607238054
Golimumab,0.5,3 dose groups,2,1,1000,144,5.219704820774496,2.997607882716693,8.210842448752373
Golimumab,0.5,3 dose groups,2,1,1000,240,3.2115209964103997,1.548123270040378,5.99547441350296
Golimumab,0.5,3 dose groups,2,1,1000,336,2.019140002084896,0.805404701968655,4.420214421115816
Golimumab,0.5,3 dose groups,2,1,1000,504,0.905561738909455,0.24779485043836758,2.6995087321847673
Golimumab,0.5,3 dose groups,2,1,1000,672,0.41683771123643965,0.07567705364635914,1.6878894389810721
Golimumab,0.5,3 dose groups,2,3,1000,0.25,68.94268803298473,52.16865710914135,87.94843733310698
Golimumab,0.5,3 dose groups,2,3,1000,1,63.76810558140278,48.1677270680666,81.23480848968029
Golimumab,0.5,3 dose groups,2,3,1000,2,60.93276925384998,45.97262028604746,77.61254712939262
Golimumab,0.5,3 dose groups,2,3,1000,4,57.07376953214407,43.10106508433819,72.81424641609192
Golimumab,0.5,3 dose groups,2,3,1000,8,51.35875269770622,38.569755647331476,65.72083052247763
Golimumab,0.5,3 dose groups,2,3,1000,24,38.04116249084473,27.974543888121843,49.16574653238058
Golimumab,0.5,3 dose groups,2,3,1000,48,28.6023560911417,20.386576429009438,38.04720014333724
Golimumab,0.5,3 dose groups,2,3,1000,144,15.499040856957436,9.324215445667505,23.72931844554841
Golimumab,0.5,3 dose groups,2,3,1000,240,9.399558627046645,4.793959138914943,16.61660547601059
Golimumab,0.5,3 dose groups,2,3,1000,336,5.8444795198738575,2.4665504484437406,11.96839280426502
Golimumab,0.5,3 dose groups,2,3,1000,504,2.603263789205812,0.768499470432289,7.44652252178639
Golimumab,0.5,3 dose groups,2,3,1000,672,1.1815998586826026,0.24086941895802738,4.765284089153283
Golimumab,0.5,3 dose groups,2,10,1000,0.25,230.6119680404663,174.51763719320297,291.6969618201256
Golimumab,0.5,3 dose groups,2,10,1000,1,212.86403238773346,160.7879253476858,269.0380400419235
Golimumab,0.5,3 dose groups,2,10,1000,2,203.02786231040955,153.82059127092361,255.84951370954514
Golimumab,0.5,3 dose groups,2,10,1000,4,189.77812081575394,143.93536001443863,239.9007265269756
Golimumab,0.5,3 dose groups,2,10,1000,8,169.99614089727402,130.1621049642563,214.70624551177025
Golimumab,0.5,3 dose groups,2,10,1000,24,124.98219609260559,94.97590519487858,160.227582603693
Golimumab,0.5,3 dose groups,2,10,1000,48,93.77543404698372,68.6375030502677,124.11810323596
Golimumab,0.5,3 dose groups,2,10,1000,144,50.86673945188522,29.9478174559772,78.29470328986645
Golimumab,0.5,3 dose groups,2,10,1000,240,31.378114689141512,15.053838947787881,56.033793948590755
Golimumab,0.5,3 dose groups,2,10,1000,336,19.66982502490282,7.540270141325891,41.0584944114089
Golimumab,0.5,3 dose groups,2,10,1000,504,8.969052555039525,2.348859822959639,24.518414048943665
Golimumab,0.5,3 dose groups,2,10,1000,672,4.160850145854056,0.7684514002176003,15.679404793336285
Golimumab,0.5,3 dose groups,3,1,1000,0.25,23.207364603877068,18.17687664180994,28.40238355100155
Golimumab,0.5,3 dose groups,3,1,1000,1,21.44707813858986,16.78241340443492,26.217867992818356
Golimumab,0.5,3 dose groups,3,1,1000,2,20.50207629799843,16.00779501721263,25.025929771363735
Golimumab,0.5,3 dose groups,3,1,1000,4,19.218173250555992,15.003322958946228,23.458091914653778
Golimumab,0.5,3 dose groups,3,1,1000,8,17.377670854330063,13.531146459281445,21.178961470723152
Golimumab,0.5,3 dose groups,3,1,1000,24,12.859676219522953,9.930146373808384,15.918172933161259
Golimumab,0.5,3 dose groups,3,1,1000,48,9.725586976855993,7.322629606351256,12.246517483144997
Golimumab,0.5,3 dose groups,3,1,1000,144,5.294132092967629,3.4661333612166345,7.5273900851607305
Golimumab,0.5,3 dose groups,3,1,1000,240,3.2861599000170827,1.8405820056796074,5.300121644977479
Golimumab,0.5,3 dose groups,3,1,1000,336,2.08311042515561,0.9998043312225492,3.8670637854374936
Golimumab,0.5,3 dose groups,3,1,1000,504,0.9591106238076463,0.33973581885220483,2.3595964055493823
Golimumab,0.5,3 dose groups,3,1,1000,672,0.4502486699493602,0.11859844824357424,1.508143076280248
Golimumab,0.5,3 dose groups,3,3,1000,0.25,69.65266987681389,54.99753750860691,84.53380532562731
Golimumab,0.5,3 dose groups,3,3,1000,1,64.33559954166412,50.790386721491814,77.98015728592873
Golimumab,0.5,3 dose groups,3,3,1000,2,61.45405471324921,48.50977897644043,74.36846129596233
Golimumab,0.5,3 dose groups,3,3,1000,4,57.64295607805252,45.540607050061226,69.81447011232375
Golimumab,0.5,3 dose groups,3,3,1000,8,51.87524929642677,41.00246135145426,63.03561128675937
Golimumab,0.5,3 dose groups,3,3,1000,24,38.412512466311455,30.115204341709614,47.13209219276905
Golimumab,0.5,3 dose groups,3,3,1000,48,29.206516593694687,22.390302401036024,36.45839437842369
Golimumab,0.5,3 dose groups,3,3,1000,144,15.901948790997267,10.865370309911668,22.86014374345541
Golimumab,0.5,3 dose groups,3,3,1000,240,9.863831661641598,5.927869062870741,16.22649684548378
Golimumab,0.5,3 dose groups,3,3,1000,336,6.2526588793843985,3.179780994541943,11.792166661471128
Golimumab,0.5,3 dose groups,3,3,1000,504,2.9344682348892093,1.088903705822304,7.026612353511155
Golimumab,0.5,3 dose groups,3,3,1000,672,1.397205563262105,0.3798385588743258,4.343171829241327
Golimumab,0.5,3 dose groups,3,10,1000,0.25,233.0603837966919,182.62447237968445,284.2132151126861
Golimumab,0.5,3 dose groups,3,10,1000,1,214.949032664299,168.73249530792236,261.9057250022888
Golimumab,0.5,3 dose groups,3,10,1000,2,204.93892431259155,161.06299057602882,249.632955789566
Golimumab,0.5,3 dose groups,3,10,1000,4,191.93283021450043,151.2901021540165,232.4166578054428
Golimumab,0.5,3 dose groups,3,10,1000,8,172.3532870411873,136.02177664637566,209.44840580224988
Golimumab,0.5,3 dose groups,3,10,1000,24,127.46119052171707,99.37460646033287,156.60415470600128
Golimumab,0.5,3 dose groups,3,10,1000,48,96.2397500872612,72.58153043687344,122.0104993879795
Golimumab,0.5,3 dose groups,3,10,1000,144,52.81740352511406,34.368886053562164,76.36038638651371
Golimumab,0.5,3 dose groups,3,10,1000,240,33.13974738121033,18.541894424706697,53.84992960840462
Golimumab,0.5,3 dose groups,3,10,1000,336,20.9041278809309,9.950679400935769,39.47643714025617
Golimumab,0.5,3 dose groups,3,10,1000,504,9.765286219771951,3.4637505863793194,23.89601367991417
Golimumab,0.5,3 dose groups,3,10,1000,672,4.641747404821217,1.2131067790323868,15.244745517557012
Golimumab,0.5,3 dose groups,6,1,1000,0.25,22.92444398626685,19.492447497323155,26.57099537551403
Golimumab,0.5,3 dose groups,6,1,1000,1,21.169825457036495,18.004135573282838,24.544785730540752
Golimumab,0.5,3 dose groups,6,1,1000,2,20.223116222769022,17.183795254677534,23.46594911068678
Golimumab,0.5,3 dose groups,6,1,1000,4,18.96507479250431,16.090151648968458,22.047359980642796
Golimumab,0.5,3 dose groups,6,1,1000,8,17.07895966246724,14.497041488066316,19.925000658258796
Golimumab,0.5,3 dose groups,6,1,1000,24,12.752671726047993,10.746646225452423,14.917475287802517
Golimumab,0.5,3 dose groups,6,1,1000,48,9.61642493493855,7.977315909229219,11.503399782814084
Golimumab,0.5,3 dose groups,6,1,1000,144,5.2640780340880156,3.9910182938911025,6.846278558950871
Golimumab,0.5,3 dose groups,6,1,1000,240,3.3020328963175416,2.256761630414985,4.673915072344243
Golimumab,0.5,3 dose groups,6,1,1000,336,2.1186421916354448,1.2925340759102257,3.270968738943338
Golimumab,0.5,3 dose groups,6,1,1000,504,1.0272113751852885,0.5040216258930741,1.8565526965539902
Golimumab,0.5,3 dose groups,6,1,1000,672,0.5105762720631901,0.1981670380155265,1.134999649839301
Golimumab,0.5,3 dose groups,6,3,1000,0.25,69.03958022594452,59.22849055379629,79.84449055045842
Golimumab,0.5,3 dose groups,6,3,1000,1,63.703517988324165,54.683626629412174,73.82685583084822
Golimumab,0.5,3 dose groups,6,3,1000,2,60.86460426449776,52.24527880549431,70.49194075167179
Golimumab,0.5,3 dose groups,6,3,1000,4,57.12517909705639,49.00836328044534,66.24448623508215
Golimumab,0.5,3 dose groups,6,3,1000,8,51.56506448984146,44.013592191040516,59.797135684639215
Golimumab,0.5,3 dose groups,6,3,1000,24,38.36351353675127,32.30365989729762,44.72631445154547
Golimumab,0.5,3 dose groups,6,3,1000,48,28.979443572461605,23.983002742752433,34.497042912989855
Golimumab,0.5,3 dose groups,6,3,1000,144,15.800439845770597,12.030268302187324,20.69330235943198
Golimumab,0.5,3 dose groups,6,3,1000,240,9.825756773352623,6.774097778834403,14.36105262953788
Golimumab,0.5,3 dose groups,6,3,1000,336,6.322690681554377,3.8568304167711176,10.306527387001552
Golimumab,0.5,3 dose groups,6,3,1000,504,3.03322474937886,1.4754254205035977,5.846975470194592
Golimumab,0.5,3 dose groups,6,3,1000,672,1.510111215611687,0.5735976363484951,3.549824002402598
Golimumab,0.5,3 dose groups,6,10,1000,0.25,231.27946257591248,198.1040957570076,268.1811459362507
Golimumab,0.5,3 dose groups,6,10,1000,1,213.34553360939026,182.77826488018036,247.26551800966263
Golimumab,0.5,3 dose groups,6,10,1000,2,203.36889773607254,174.40579876303673,235.65191507339478
Golimumab,0.5,3 dose groups,6,10,1000,4,190.27850404381752,162.99712106585503,220.34071668982506
Golimumab,0.5,3 dose groups,6,10,1000,8,171.4669667184353,146.69911935925484,197.6800797879696
Golimumab,0.5,3 dose groups,6,10,1000,24,126.72405615448952,107.75413349270822,147.1847532689571
Golimumab,0.5,3 dose groups,6,10,1000,48,95.78223563730717,79.53265272080898,113.64346891641615
Golimumab,0.5,3 dose groups,6,10,1000,144,52.64973919838667,39.539646469056606,68.44898359850049
Golimumab,0.5,3 dose groups,6,10,1000,240,33.04538959637284,21.764376098290086,46.950281253084526
Golimumab,0.5,3 dose groups,6,10,1000,336,21.21837183367461,12.508495866786689,33.54671768844128
Golimumab,0.5,3 dose groups,6,10,1000,504,10.174647090025246,4.738304251222871,19.725698088295754
Golimumab,0.5,3 dose groups,6,10,1000,672,5.098405355238356,1.8717059151094873,11.99493683176115
Golimumab,0.5,5 dose groups,2,0.1,1000,0.25,2.2869139560498297,1.7353199457284063,2.94956169789657
Golimumab,0.5,5 dose groups,2,0.1,1000,1,2.111367112956941,1.602379308314994,2.726032573264092
Golimumab,0.5,5 dose groups,2,0.1,1000,2,2.0215486641973257,1.5340134885627776,2.607567000668496
Golimumab,0.5,5 dose groups,2,0.1,1000,4,1.8983627669513226,1.4414991124067456,2.4413181049749255
Golimumab,0.5,5 dose groups,2,0.1,1000,8,1.7130544991232455,1.2981327634770423,2.2124655393417925
Golimumab,0.5,5 dose groups,2,0.1,1000,24,1.2710541835986078,0.9497372014448047,1.6613314824644476
Golimumab,0.5,5 dose groups,2,0.1,1000,48,0.9566772147081792,0.6935390207218006,1.2947157566668464
Golimumab,0.5,5 dose groups,2,0.1,1000,144,0.5199045001063496,0.3116741530539002,0.7951796863926573
Golimumab,0.5,5 dose groups,2,0.1,1000,240,0.32044324034359306,0.1584160486527253,0.5670448194723576
Golimumab,0.5,5 dose groups,2,0.1,1000,336,0.19915824741474353,0.07976046290423255,0.41086016135523074
Golimumab,0.5,5 dose groups,2,0.1,1000,504,0.09083850509341573,0.023819707794245918,0.24247851113614152
Golimumab,0.5,5 dose groups,2,0.1,1000,672,0.04122982345506898,0.006905630124265372,0.15532462050032325
Golimumab,0.5,5 dose groups,2,1,1000,0.25,22.960939910262823,17.392540723085403,29.545471630990498
Golimumab,0.5,5 dose groups,2,1,1000,1,21.20629632845521,16.098030153661966,27.348145600408312
Golimumab,0.5,5 dose groups,2,1,1000,2,20.2715408988297,15.400255545973778,26.149851121008396
Golimumab,0.5,5 dose groups,2,1,1000,4,19.042995292693377,14.413896147161722,24.51519202440977
Golimumab,0.5,5 dose groups,2,1,1000,8,17.19838483259082,12.947953781113029,22.096079774200916
Golimumab,0.5,5 dose groups,2,1,1000,24,12.718816101551056,9.481046190485358,16.590172983705997
Golimumab,0.5,5 dose groups,2,1,1000,48,9.607742400839925,6.827034177258611,12.826424678787589
Golimumab,0.5,5 dose groups,2,1,1000,144,5.2813227055594325,3.0764622695278376,8.054357953369617
Golimumab,0.5,5 dose groups,2,1,1000,240,3.2836670405231416,1.556062587769702,5.7949723466299465
Golimumab,0.5,5 dose groups,2,1,1000,336,2.066781430039555,0.7557286263909191,4.324343010666779
Golimumab,0.5,5 dose groups,2,1,1000,504,0.9331675042631105,0.23533605701231863,2.6184406306128936
Golimumab,0.5,5 dose groups,2,1,1000,672,0.4342371867096517,0.07452530091541121,1.6655523452209307
Golimumab,0.5,5 dose groups,2,3,1000,0.25,70.01898474991322,52.47898779809475,88.55859272181988
Golimumab,0.5,5 dose groups,2,3,1000,1,64.61957730352879,48.52361373603344,81.84608526527882
Golimumab,0.5,5 dose groups,2,3,1000,2,61.71022206544876,46.44647732377052,78.17436128854752
Golimumab,0.5,5 dose groups,2,3,1000,4,57.96276479959488,43.6383156850934,73.37669681757689
Golimumab,0.5,5 dose groups,2,3,1000,8,52.12340019643307,39.21513620764017,66.1343713849783
Golimumab,0.5,5 dose groups,2,3,1000,24,38.612812757492065,28.69650922715664,49.544052109122276
Golimumab,0.5,5 dose groups,2,3,1000,48,29.071354866027832,20.70516030304134,38.72125318273902
Golimumab,0.5,5 dose groups,2,3,1000,144,15.657519735395908,9.130032977554947,24.12857573479414
Golimumab,0.5,5 dose groups,2,3,1000,240,9.513670904561877,4.651047731749713,17.34479726292193
Golimumab,0.5,5 dose groups,2,3,1000,336,5.933565879240632,2.307942418847233,12.649712171405554
Golimumab,0.5,5 dose groups,2,3,1000,504,2.676271554082632,0.7153566370834596,7.78488019706856
Golimumab,0.5,5 dose groups,2,3,1000,672,1.2426770059391856,0.2230254172172863,4.97231682529673
Golimumab,0.5,5 dose groups,2,10,1000,0.25,234.33298766613007,174.06928941607475,295.01733630895615
Golimumab,0.5,5 dose groups,2,10,1000,1,216.16276502609253,160.7762736082077,272.0626576244831
Golimumab,0.5,5 dose groups,2,10,1000,2,205.99229335784912,153.55131782591343,259.27576526999474
Golimumab,0.5,5 dose groups,2,10,1000,4,192.51074194908142,143.78821045160294,242.66302093863487
Golimumab,0.5,5 dose groups,2,10,1000,8,172.85268679261208,129.1406301409006,217.8905962407589
Golimumab,0.5,5 dose groups,2,10,1000,24,127.39089578390121,92.79861688613892,162.12014347314832
Golimumab,0.5,5 dose groups,2,10,1000,48,95.2972948551178,67.83350486308336,126.50374464690685
Golimumab,0.5,5 dose groups,2,10,1000,144,50.90859979391098,29.98692037537694,80.0859747827053
Golimumab,0.5,5 dose groups,2,10,1000,240,31.14834353327751,15.491264839656651,57.60614868253468
Golimumab,0.5,5 dose groups,2,10,1000,336,19.560943823307753,7.835375131107867,42.54425721243023
Golimumab,0.5,5 dose groups,2,10,1000,504,8.658320596441627,2.3966777318855748,26.26742762513458
Golimumab,0.5,5 dose groups,2,10,1000,672,3.918161289766431,0.7774274017720018,16.705477363429964
Golimumab,0.5,5 dose groups,2,30,1000,0.25,697.0161616802216,521.8476757407188,877.4415296316147
Golimumab,0.5,5 dose groups,2,30,1000,1,640.8765524625778,481.14337742328644,806.002117395401
Golimumab,0.5,5 dose groups,2,30,1000,2,609.2772871255875,456.992826461792,763.7147337198256
Golimumab,0.5,5 dose groups,2,30,1000,4,565.5808568000793,425.4456067085266,707.549786567688
Golimumab,0.5,5 dose groups,2,30,1000,8,501.7086535692215,378.47905933856964,630.4393127560614
Golimumab,0.5,5 dose groups,2,30,1000,24,362.1712177991867,268.58160227537155,467.2109234333038
Golimumab,0.5,5 dose groups,2,30,1000,48,268.50576996803284,192.70678974688053,367.454399317503
Golimumab,0.5,5 dose groups,2,30,1000,144,147.59311750531197,85.2035098336637,229.67049993574616
Golimumab,0.5,5 dose groups,2,30,1000,240,90.56385084986687,44.58142954856157,166.30177952349186
Golimumab,0.5,5 dose groups,2,30,1000,336,56.79215099662542,23.188148606568575,123.29983647912741
Golimumab,0.5,5 dose groups,2,30,1000,504,25.084901601076126,7.344106358941645,73.64901814609766
Golimumab,0.5,5 dose groups,2,30,1000,672,11.258836789056659,2.32268883206416,46.19509095791727
Golimumab,0.5,5 dose groups,3,0.1,1000,0.25,2.3087943671271205,1.808329257182777,2.814328782260418
Golimumab,0.5,5 dose groups,3,0.1,1000,1,2.132698683999479,1.6733317472971976,2.5980279920622706
Golimumab,0.5,5 dose groups,3,0.1,1000,2,2.037135371938348,1.5996465017087758,2.484899458941072
Golimumab,0.5,5 dose groups,3,0.1,1000,4,1.9099499564617872,1.5055872779339552,2.33203703770414
Golimumab,0.5,5 dose groups,3,0.1,1000,8,1.7248976975679398,1.3548579008784145,2.1034830529242754
Golimumab,0.5,5 dose groups,3,0.1,1000,24,1.2865398777648807,1.004186999052763,1.5810139442328364
Golimumab,0.5,5 dose groups,3,0.1,1000,48,0.9688178775832057,0.7434955111239105,1.220271053025499
Golimumab,0.5,5 dose groups,3,0.1,1000,144,0.5241569539066404,0.34454308304702863,0.7422188174678013
Golimumab,0.5,5 dose groups,3,0.1,1000,240,0.322117714677006,0.18738570521236397,0.5260111509414855
Golimumab,0.5,5 dose groups,3,0.1,1000,336,0.20273789123166353,0.1021649906761013,0.3879356321704108
Golimumab,0.5,5 dose groups,3,0.1,1000,504,0.09490312477282714,0.03499934208775812,0.2369355861446819
Golimumab,0.5,5 dose groups,3,0.1,1000,672,0.04406547341204714,0.012065285759490507,0.1449099055753322
Golimumab,0.5,5 dose groups,3,1,1000,0.25,23.047684505581856,18.65290505811572,28.032083921134472
Golimumab,0.5,5 dose groups,3,1,1000,1,21.282794699072838,17.208704315125942,25.90259701013565
Golimumab,0.5,5 dose groups,3,1,1000,2,20.375829935073853,16.434658616781235,24.719503708183762
Golimumab,0.5,5 dose groups,3,1,1000,4,19.098407216370106,15.39521424099803,23.248438462615013
Golimumab,0.5,5 dose groups,3,1,1000,8,17.22986288368702,13.869770914316177,21.00716881453991
Golimumab,0.5,5 dose groups,3,1,1000,24,12.820836901664734,10.172414220869541,15.88864129036665
Golimumab,0.5,5 dose groups,3,1,1000,48,9.680126700550318,7.475377796217799,12.221960760653017
Golimumab,0.5,5 dose groups,3,1,1000,144,5.300904996693134,3.470299793407321,7.503429297357798
Golimumab,0.5,5 dose groups,3,1,1000,240,3.3323305658996105,1.8636520323343575,5.393646615557372
Golimumab,0.5,5 dose groups,3,1,1000,336,2.121971850283444,1.0179115668870509,3.941111117601393
Golimumab,0.5,5 dose groups,3,1,1000,504,0.9936050453688949,0.35569895553635433,2.3935736843850464
Golimumab,0.5,5 dose groups,3,1,1000,672,0.4743334313388914,0.12322212682192912,1.504543398241367
Golimumab,0.5,5 dose groups,3,3,1000,0.25,69.47726979851723,55.21331548690796,82.85263285040855
Golimumab,0.5,5 dose groups,3,3,1000,1,64.13079425692558,51.01553790271282,76.65312424302101
Golimumab,0.5,5 dose groups,3,3,1000,2,61.26566827297211,48.74798387289047,73.17773036658764
Golimumab,0.5,5 dose groups,3,3,1000,4,57.4650838971138,45.75207829475403,68.73258382081985
Golimumab,0.5,5 dose groups,3,3,1000,8,51.83807238936424,41.228770427405834,62.286680191755295
Golimumab,0.5,5 dose groups,3,3,1000,24,38.41912783682346,30.229793824255466,47.26732935756445
Golimumab,0.5,5 dose groups,3,3,1000,48,28.994224220514297,22.140057012438774,36.54333990067243
Golimumab,0.5,5 dose groups,3,3,1000,144,15.731595270335674,10.597675489261746,22.530052121728655
Golimumab,0.5,5 dose groups,3,3,1000,240,9.78055838495493,5.648519494570792,15.78827001620084
Golimumab,0.5,5 dose groups,3,3,1000,336,6.256408523768187,3.07553943595849,11.294709597714244
Golimumab,0.5,5 dose groups,3,3,1000,504,2.961348125245422,1.038115854607895,6.875332386698573
Golimumab,0.5,5 dose groups,3,3,1000,672,1.4217158015526365,0.3596323342208052,4.335918899741955
Golimumab,0.5,5 dose groups,3,10,1000,0.25,232.6386719942093,183.70307117700577,281.5151631832123
Golimumab,0.5,5 dose groups,3,10,1000,1,214.62189853191376,169.33890134096146,260.02018719911575
Golimumab,0.5,5 dose groups,3,10,1000,2,204.66787070035934,161.44297569990158,247.73773312568662
Golimumab,0.5,5 dose groups,3,10,1000,4,191.35456532239914,151.25485226511955,231.9237664341926
Golimumab,0.5,5 dose groups,3,10,1000,8,171.92086726427078,135.89558586478233,208.39251428842542
Golimumab,0.5,5 dose groups,3,10,1000,24,126.56448632478714,99.99583601951599,155.4676951467991
Golimumab,0.5,5 dose groups,3,10,1000,48,94.75340396165848,72.85596899688244,120.98739475011824
Golimumab,0.5,5 dose groups,3,10,1000,144,51.75751447677612,34.888013545423746,73.97818677127357
Golimumab,0.5,5 dose groups,3,10,1000,240,32.368190959095955,19.128434993326664,52.6185736246407
Golimumab,0.5,5 dose groups,3,10,1000,336,20.660396851599216,10.510857845656574,37.89311811327933
Golimumab,0.5,5 dose groups,3,10,1000,504,9.56986527889967,3.5928993951529264,22.870426168665286
Golimumab,0.5,5 dose groups,3,10,1000,672,4.645887736842269,1.263910910784034,14.5346477930434
Golimumab,0.5,5 dose groups,3,30,1000,0.25,697.140246629715,558.9069849252701,840.3564143180846
Golimumab,0.5,5 dose groups,3,30,1000,1,640.4769837856293,514.0658092498779,772.968767285347
Golimumab,0.5,5 dose groups,3,30,1000,2,608.0016314983368,489.06117022037506,732.0983427762985
Golimumab,0.5,5 dose groups,3,30,1000,4,566.1123633384705,454.73253786563873,678.3779168128966
Golimumab,0.5,5 dose groups,3,30,1000,8,503.01016569137573,403.6646056175232,604.9927091598511
Golimumab,0.5,5 dose groups,3,30,1000,24,365.9669518470764,287.8297236561775,443.9331620931625
Golimumab,0.5,5 dose groups,3,30,1000,48,274.69630241394043,206.58029407262802,345.0547021627426
Golimumab,0.5,5 dose groups,3,30,1000,144,152.19300091266632,98.84507663547993,213.0201357603073
Golimumab,0.5,5 dose groups,3,30,1000,240,95.5787681043148,52.54442743957043,149.89496931433678
Golimumab,0.5,5 dose groups,3,30,1000,336,60.80003008246422,28.21116728708148,107.68311530351639
Golimumab,0.5,5 dose groups,3,30,1000,504,28.278139419853687,9.38290931750089,63.97206413093953
Golimumab,0.5,5 dose groups,3,30,1000,672,13.421502755954862,3.228775345924078,40.01538372598587
Golimumab,0.5,5 dose groups,6,0.1,1000,0.25,2.323962969239801,1.983442462515086,2.667569622863084
Golimumab,0.5,5 dose groups,6,0.1,1000,1,2.146033523604274,1.8335535062942654,2.461060438072309
Golimumab,0.5,5 dose groups,6,0.1,1000,2,2.049476816318929,1.752342446707189,2.351229061605409
Golimumab,0.5,5 dose groups,6,0.1,1000,4,1.9211985752917826,1.6478408477269113,2.209152579307556
Golimumab,0.5,5 dose groups,6,0.1,1000,8,1.7318049678578973,1.486565000959672,1.9932524411706254
Golimumab,0.5,5 dose groups,6,0.1,1000,24,1.2875889369752258,1.1005101638147607,1.494100513518788
Golimumab,0.5,5 dose groups,6,0.1,1000,48,0.9727313881739974,0.8126334828557447,1.1553702357923612
Golimumab,0.5,5 dose groups,6,0.1,1000,144,0.5301797944412101,0.40208449368947186,0.6909049264504573
Golimumab,0.5,5 dose groups,6,0.1,1000,240,0.33066428877646104,0.22311513392196503,0.4701835611194838
Golimumab,0.5,5 dose groups,6,0.1,1000,336,0.21218669371592114,0.12742167633405188,0.32884762265894096
Golimumab,0.5,5 dose groups,6,0.1,1000,504,0.10159071653106366,0.04849203058256535,0.18771065199871367
Golimumab,0.5,5 dose groups,6,0.1,1000,672,0.05097584246414044,0.018857883612781734,0.11617822416383201
Golimumab,0.5,5 dose groups,6,1,1000,0.25,23.187338281422853,19.885722417384386,26.679524965584275
Golimumab,0.5,5 dose groups,6,1,1000,1,21.423850301653147,18.356736907735467,24.644995583221313
Golimumab,0.5,5 dose groups,6,1,1000,2,20.46615667641163,17.519612638279796,23.55646489188075
Golimumab,0.5,5 dose groups,6,1,1000,4,19.238792546093464,16.43558356910944,22.135158525779843
Golimumab,0.5,5 dose groups,6,1,1000,8,17.29974625632167,14.775702217593789,19.972890000790358
Golimumab,0.5,5 dose groups,6,1,1000,24,12.843937100842595,10.834726090542972,14.957391424104571
Golimumab,0.5,5 dose groups,6,1,1000,48,9.719339944422245,8.067038771696389,11.459040008485315
Golimumab,0.5,5 dose groups,6,1,1000,144,5.29569792561233,3.988084576558322,6.8531236704438925
Golimumab,0.5,5 dose groups,6,1,1000,240,3.3078453328926116,2.221836411044933,4.668997237458825
Golimumab,0.5,5 dose groups,6,1,1000,336,2.1269865101203322,1.2583333940710872,3.310455739701865
Golimumab,0.5,5 dose groups,6,1,1000,504,1.0153083319892175,0.48529136227443814,1.912257238582242
Golimumab,0.5,5 dose groups,6,1,1000,672,0.5091253508453519,0.19288061143015514,1.187144420146069
Golimumab,0.5,5 dose groups,6,3,1000,0.25,69.43248882889748,59.74708955734968,79.73518021404743
Golimumab,0.5,5 dose groups,6,3,1000,1,64.08965773880482,55.14071710407734,73.60568463802338
Golimumab,0.5,5 dose groups,6,3,1000,2,61.21818162500858,52.6385198906064,70.30866645276546
Golimumab,0.5,5 dose groups,6,3,1000,4,57.37300254404545,49.28669324144721,65.86506523191929
Golimumab,0.5,5 dose groups,6,3,1000,8,51.688446290791035,44.55031780526042,59.39145304262637
Golimumab,0.5,5 dose groups,6,3,1000,24,38.36522400379181,32.78476543724537,44.79874273762107
Golimumab,0.5,5 dose groups,6,3,1000,48,28.95932449027896,24.241319447755814,34.69122717157006
Golimumab,0.5,5 dose groups,6,3,1000,144,15.94953816384077,12.016698839142919,20.658466070890423
Golimumab,0.5,5 dose groups,6,3,1000,240,10.07675554137677,6.617452804930508,14.184077517129479
Golimumab,0.5,5 dose groups,6,3,1000,336,6.432962336111814,3.7677313736639917,10.097428795415906
Golimumab,0.5,5 dose groups,6,3,1000,504,3.131373389624059,1.4862812898354605,5.707579569425431
Golimumab,0.5,5 dose groups,6,3,1000,672,1.5713696557213552,0.5726442849481828,3.628475722798611
Golimumab,0.5,5 dose groups,6,10,1000,0.25,230.85618168115616,195.9134154766798,265.6471383571625
Golimumab,0.5,5 dose groups,6,10,1000,1,212.8048025071621,180.7339983433485,244.76911172270775
Golimumab,0.5,5 dose groups,6,10,1000,2,203.27777042984962,172.4322358518839,233.07547822594643
Golimumab,0.5,5 dose groups,6,10,1000,4,190.30113965272903,161.43563233315945,217.62276776134965
Golimumab,0.5,5 dose groups,6,10,1000,8,170.97095921635628,144.91709016263485,195.4598094522953
Golimumab,0.5,5 dose groups,6,10,1000,24,126.0678842663765,106.45308904349804,145.015255138278
Golimumab,0.5,5 dose groups,6,10,1000,48,94.91518214344978,79.20641839504242,111.17412514984608
Golimumab,0.5,5 dose groups,6,10,1000,144,51.93799566477537,39.563546078279614,65.96921313554047
Golimumab,0.5,5 dose groups,6,10,1000,240,32.459096517413855,22.132900189608335,45.53780152462422
Golimumab,0.5,5 dose groups,6,10,1000,336,20.75674906373024,12.594464756548405,32.16001447290182
Golimumab,0.5,5 dose groups,6,10,1000,504,9.905077575240284,4.89115399424918,18.751340366434306
Golimumab,0.5,5 dose groups,6,10,1000,672,4.9108816019725055,1.9532302983861882,11.569693865167208
Golimumab,0.5,5 dose groups,6,30,1000,0.25,691.5423631668091,591.739097237587,799.514077603817
Golimumab,0.5,5 dose groups,6,30,1000,1,636.0476493835449,545.6709411740303,734.075146317482
Golimumab,0.5,5 dose groups,6,30,1000,2,604.677826166153,518.2580840587616,696.796398460865
Golimumab,0.5,5 dose groups,6,30,1000,4,562.5168710947037,481.0512185096741,647.3679798841476
Golimumab,0.5,5 dose groups,6,30,1000,8,501.37609243392944,429.9164414405823,575.9698325395583
Golimumab,0.5,5 dose groups,6,30,1000,24,363.7300804257393,305.1534752547741,420.15459626913065
Golimumab,0.5,5 dose groups,6,30,1000,48,274.7872859239578,223.16283904016018,325.6985566020012
Golimumab,0.5,5 dose groups,6,30,1000,144,153.1450603157282,111.83159930631518,197.79467567801473
Golimumab,0.5,5 dose groups,6,30,1000,240,96.75673395395279,63.45774915069342,135.80163543112576
Golimumab,0.5,5 dose groups,6,30,1000,336,62.615673523396254,36.362230908125646,96.94743168540299
Golimumab,0.5,5 dose groups,6,30,1000,504,30.364186665974557,13.987903139786795,56.59670051769351
Golimumab,0.5,5 dose groups,6,30,1000,672,15.454647690057755,5.595521397117409,34.703308985626784
