Molecule,Variability_CV,ParameterSetId,Parameter,Typical_value_internal,Display_unit,Parameter_value_internal
Golimumab,0.3,1,Kd (FcRn),1.07,µmol/l,0.680300225819619
Golimumab,0.3,1,Target Kd,1.8e-5,µmol/l,1.6122332407586133e-5
Golimumab,0.3,1,koff,0.005583,1/min,0.003847673237255832
Golimumab,0.3,1,kint,0.014433333333333333,1/min,0.009767349962098142
Golimumab,0.3,1,kdeg,0.0037166666666666667,1/min,0.0026132206345363916
Golimumab,0.3,1,Target reference concentration,1e-6,µmol/l,9.82885702620655e-7
Golimumab,0.3,2,Kd (FcRn),1.07,µmol/l,1.0375248791390184
Golimumab,0.3,2,Target Kd,1.8e-5,µmol/l,1.3631712160824512e-5
Golimumab,0.3,2,koff,0.005583,1/min,0.005363137956013082
Golimumab,0.3,2,kint,0.014433333333333333,1/min,0.013202964100892847
Golimumab,0.3,2,kdeg,0.0037166666666666667,1/min,0.005928684256211374
Golimumab,0.3,2,Target reference concentration,1e-6,µmol/l,1.0839150938318722e-6
Golimumab,0.3,3,Kd (FcRn),1.07,µmol/l,1.0159679915186917
Golimumab,0.3,3,Target Kd,1.8e-5,µmol/l,1.7792388735370528e-5
Golimumab,0.3,3,koff,0.005583,1/min,0.006300260672467426
Golimumab,0.3,3,kint,0.014433333333333333,1/min,0.013814789511270865
Golimumab,0.3,3,kdeg,0.0037166666666666667,1/min,0.0037149068393833814
Golimumab,0.3,3,Target reference concentration,1e-6,µmol/l,9.021604863046478e-7
Golimumab,0.3,4,Kd (FcRn),1.07,µmol/l,1.8561479370680496
Golimumab,0.3,4,Target Kd,1.8e-5,µmol/l,2.8271034935064425e-5
Golimumab,0.3,4,koff,0.005583,1/min,0.006425883348741982
Golimumab,0.3,4,kint,0.014433333333333333,1/min,0.011023376297025211
Golimumab,0.3,4,kdeg,0.0037166666666666667,1/min,0.003628297365926151
Golimumab,0.3,4,Target reference concentration,1e-6,µmol/l,1.4488108147795783e-6
Golimumab,0.3,5,Kd (FcRn),1.07,µmol/l,0.8433229131372587
Golimumab,0.3,5,Target Kd,1.8e-5,µmol/l,2.00268456295995e-5
Golimumab,0.3,5,koff,0.005583,1/min,0.0038988393760613763
Golimumab,0.3,5,kint,0.014433333333333333,1/min,0.01512382794198282
Golimumab,0.3,5,kdeg,0.0037166666666666667,1/min,0.0027694545505727495
Golimumab,0.3,5,Target reference concentration,1e-6,µmol/l,9.628929876712874e-7
Golimumab,0.3,6,Kd (FcRn),1.07,µmol/l,1.528072625651275
Golimumab,0.3,6,Target Kd,1.8e-5,µmol/l,1.1668199938565149e-5
Golimumab,0.3,6,koff,0.005583,1/min,0.003622339308183805
Golimumab,0.3,6,kint,0.014433333333333333,1/min,0.014597161160499639
Golimumab,0.3,6,kdeg,0.0037166666666666667,1/min,0.002966547297356092
Golimumab,0.3,6,Target reference concentration,1e-6,µmol/l,1.0985466077667026e-6
Golimumab,0.3,7,Kd (FcRn),1.07,µmol/l,1.5080469630387239
Golimumab,0.3,7,Target Kd,1.8e-5,µmol/l,2.122894923073854e-5
Golimumab,0.3,7,koff,0.005583,1/min,0.004699428675578233
Golimumab,0.3,7,kint,0.014433333333333333,1/min,0.009517038964931218
Golimumab,0.3,7,kdeg,0.0037166666666666667,1/min,0.002542785823356613
Golimumab,0.3,7,Target reference concentration,1e-6,µmol/l,1.1953553104483226e-6
Golimumab,0.3,8,Kd (FcRn),1.07,µmol/l,0.6754259550999366
Golimumab,0.3,8,Target Kd,1.8e-5,µmol/l,1.3052120857276247e-5
Golimumab,0.3,8,koff,0.005583,1/min,0.00567877866117114
Golimumab,0.3,8,kint,0.014433333333333333,1/min,0.015506662277170947
Golimumab,0.3,8,kdeg,0.0037166666666666667,1/min,0.0026900782454536173
Golimumab,0.3,8,Target reference concentration,1e-6,µmol/l,1.0710721622147275e-6
Golimumab,0.3,9,Kd (FcRn),1.07,µmol/l,0.7719763173664247
Golimumab,0.3,9,Target Kd,1.8e-5,µmol/l,1.4258938059476294e-5
Golimumab,0.3,9,koff,0.005583,1/min,0.0045795689518398535
Golimumab,0.3,9,kint,0.014433333333333333,1/min,0.01400517962749696
Golimumab,0.3,9,kdeg,0.0037166666666666667,1/min,0.00903746312200927
Golimumab,0.3,9,Target reference concentration,1e-6,µmol/l,7.12593248510469e-7
Golimumab,0.3,10,Kd (FcRn),1.07,µmol/l,1.3720537808068858
Golimumab,0.3,10,Target Kd,1.8e-5,µmol/l,1.918138451371399e-5
Golimumab,0.3,10,koff,0.005583,1/min,0.0065133317495614665
Golimumab,0.3,10,kint,0.014433333333333333,1/min,0.014652847136603728
Golimumab,0.3,10,kdeg,0.0037166666666666667,1/min,0.003077102996317186
Golimumab,0.3,10,Target reference concentration,1e-6,µmol/l,8.540656116997606e-7
Golimumab,0.3,11,Kd (FcRn),1.07,µmol/l,0.8700475572568437
Golimumab,0.3,11,Target Kd,1.8e-5,µmol/l,1.3556422364918966e-5
Golimumab,0.3,11,koff,0.005583,1/min,0.003987848128185497
Golimumab,0.3,11,kint,0.014433333333333333,1/min,0.01619610956248291
Golimumab,0.3,11,kdeg,0.0037166666666666667,1/min,0.002464313434582123
Golimumab,0.3,11,Target reference concentration,1e-6,µmol/l,8.500811825973966e-7
Golimumab,0.3,12,Kd (FcRn),1.07,µmol/l,0.7683957917694189
Golimumab,0.3,12,Target Kd,1.8e-5,µmol/l,1.4717501325261924e-5
Golimumab,0.3,12,koff,0.005583,1/min,0.004476689268579995
Golimumab,0.3,12,kint,0.014433333333333333,1/min,0.011818226403961006
Golimumab,0.3,12,kdeg,0.0037166666666666667,1/min,0.003888800015789747
Golimumab,0.3,12,Target reference concentration,1e-6,µmol/l,1.121049524236697e-6
Golimumab,0.3,13,Kd (FcRn),1.07,µmol/l,1.306819980155558
Golimumab,0.3,13,Target Kd,1.8e-5,µmol/l,8.47266121952039e-6
Golimumab,0.3,13,koff,0.005583,1/min,0.0051054065356872244
Golimumab,0.3,13,kint,0.014433333333333333,1/min,0.01639167658608679
Golimumab,0.3,13,kdeg,0.0037166666666666667,1/min,0.004687479243566722
Golimumab,0.3,13,Target reference concentration,1e-6,µmol/l,1.1467151803100392e-6
Golimumab,0.3,14,Kd (FcRn),1.07,µmol/l,1.5909210300099241
Golimumab,0.3,14,Target Kd,1.8e-5,µmol/l,1.2822528747351934e-5
Golimumab,0.3,14,koff,0.005583,1/min,0.004171042155857024
Golimumab,0.3,14,kint,0.014433333333333333,1/min,0.01683561304580066
Golimumab,0.3,14,kdeg,0.0037166666666666667,1/min,0.003238729622911845
Golimumab,0.3,14,Target reference concentration,1e-6,µmol/l,9.0489187911565e-7
Golimumab,0.3,15,Kd (FcRn),1.07,µmol/l,1.253008349806985
Golimumab,0.3,15,Target Kd,1.8e-5,µmol/l,2.4287325654750734e-5
Golimumab,0.3,15,koff,0.005583,1/min,0.007428111744830139
Golimumab,0.3,15,kint,0.014433333333333333,1/min,0.017872388586646804
Golimumab,0.3,15,kdeg,0.0037166666666666667,1/min,0.00332467201751837
Golimumab,0.3,15,Target reference concentration,1e-6,µmol/l,1.628411827248528e-6
Golimumab,0.3,16,Kd (FcRn),1.07,µmol/l,1.0912215278696915
Golimumab,0.3,16,Target Kd,1.8e-5,µmol/l,1.0619129148868764e-5
Golimumab,0.3,16,koff,0.005583,1/min,0.003536446201918504
Golimumab,0.3,16,kint,0.014433333333333333,1/min,0.01987893128860979
Golimumab,0.3,16,kdeg,0.0037166666666666667,1/min,0.0046512574528447675
Golimumab,0.3,16,Target reference concentration,1e-6,µmol/l,1.0272308244697087e-6
Golimumab,0.3,17,Kd (FcRn),1.07,µmol/l,0.6437438827042326
Golimumab,0.3,17,Target Kd,1.8e-5,µmol/l,9.635257554563057e-6
Golimumab,0.3,17,koff,0.005583,1/min,0.004386059523892689
Golimumab,0.3,17,kint,0.014433333333333333,1/min,0.011929115095217099
Golimumab,0.3,17,kdeg,0.0037166666666666667,1/min,0.004600210619819752
Golimumab,0.3,17,Target reference concentration,1e-6,µmol/l,1.0886363923452501e-6
Golimumab,0.3,18,Kd (FcRn),1.07,µmol/l,1.497877629309969
Golimumab,0.3,18,Target Kd,1.8e-5,µmol/l,1.6327401926975664e-5
Golimumab,0.3,18,koff,0.005583,1/min,0.004727304860164716
Golimumab,0.3,18,kint,0.014433333333333333,1/min,0.01967528865137928
Golimumab,0.3,18,kdeg,0.0037166666666666667,1/min,0.00373484137991585
Golimumab,0.3,18,Target reference concentration,1e-6,µmol/l,9.409619601191064e-7
Golimumab,0.3,19,Kd (FcRn),1.07,µmol/l,0.7274083462297627
Golimumab,0.3,19,Target Kd,1.8e-5,µmol/l,1.3337751502068053e-5
Golimumab,0.3,19,koff,0.005583,1/min,0.0055360649884357346
Golimumab,0.3,19,kint,0.014433333333333333,1/min,0.018608691840166006
Golimumab,0.3,19,kdeg,0.0037166666666666667,1/min,0.004310399528729493
Golimumab,0.3,19,Target reference concentration,1e-6,µmol/l,8.957851111733127e-7
Golimumab,0.3,20,Kd (FcRn),1.07,µmol/l,1.203524561282881
Golimumab,0.3,20,Target Kd,1.8e-5,µmol/l,1.8132587151076757e-5
Golimumab,0.3,20,koff,0.005583,1/min,0.0071479437850437
Golimumab,0.3,20,kint,0.014433333333333333,1/min,0.012577220403593884
Golimumab,0.3,20,kdeg,0.0037166666666666667,1/min,0.0033093150023811996
Golimumab,0.3,20,Target reference concentration,1e-6,µmol/l,5.781421067848383e-7
Golimumab,0.3,21,Kd (FcRn),1.07,µmol/l,0.7315829752596225
Golimumab,0.3,21,Target Kd,1.8e-5,µmol/l,2.1907058879883606e-5
Golimumab,0.3,21,koff,0.005583,1/min,0.007018482906544471
Golimumab,0.3,21,kint,0.014433333333333333,1/min,0.021931128067440055
Golimumab,0.3,21,kdeg,0.0037166666666666667,1/min,0.007102169021816014
Golimumab,0.3,21,Target reference concentration,1e-6,µmol/l,9.766819259783521e-7
Golimumab,0.3,22,Kd (FcRn),1.07,µmol/l,1.003171624496721
Golimumab,0.3,22,Target Kd,1.8e-5,µmol/l,2.6885032952821567e-5
Golimumab,0.3,22,koff,0.005583,1/min,0.005245350211652503
Golimumab,0.3,22,kint,0.014433333333333333,1/min,0.012928703079608694
Golimumab,0.3,22,kdeg,0.0037166666666666667,1/min,0.001471198292840312
Golimumab,0.3,22,Target reference concentration,1e-6,µmol/l,8.764268777149419e-7
Golimumab,0.3,23,Kd (FcRn),1.07,µmol/l,0.8589272804970335
Golimumab,0.3,23,Target Kd,1.8e-5,µmol/l,1.5894139641479502e-5
Golimumab,0.3,23,koff,0.005583,1/min,0.005804072352184835
Golimumab,0.3,23,kint,0.014433333333333333,1/min,0.01792934004671121
Golimumab,0.3,23,kdeg,0.0037166666666666667,1/min,0.004257368117903335
Golimumab,0.3,23,Target reference concentration,1e-6,µmol/l,1.4949458492327086e-6
Golimumab,0.3,24,Kd (FcRn),1.07,µmol/l,1.0901569433732483
Golimumab,0.3,24,Target Kd,1.8e-5,µmol/l,1.5613610070548256e-5
Golimumab,0.3,24,koff,0.005583,1/min,0.004758800630360453
Golimumab,0.3,24,kint,0.014433333333333333,1/min,0.014050276081472727
Golimumab,0.3,24,kdeg,0.0037166666666666667,1/min,0.0038285624115337647
Golimumab,0.3,24,Target reference concentration,1e-6,µmol/l,1.509788120174501e-6
Golimumab,0.3,25,Kd (FcRn),1.07,µmol/l,1.1430558259374575
Golimumab,0.3,25,Target Kd,1.8e-5,µmol/l,2.4486422053489138e-5
Golimumab,0.3,25,koff,0.005583,1/min,0.005233656336121301
Golimumab,0.3,25,kint,0.014433333333333333,1/min,0.015270131713948497
Golimumab,0.3,25,kdeg,0.0037166666666666667,1/min,0.002177574384572582
Golimumab,0.3,25,Target reference concentration,1e-6,µmol/l,1.0831545824431283e-6
Golimumab,0.3,26,Kd (FcRn),1.07,µmol/l,1.23728244568828
Golimumab,0.3,26,Target Kd,1.8e-5,µmol/l,1.4369742873790002e-5
Golimumab,0.3,26,koff,0.005583,1/min,0.00413795391708262
Golimumab,0.3,26,kint,0.014433333333333333,1/min,0.014401447931504453
Golimumab,0.3,26,kdeg,0.0037166666666666667,1/min,0.00536128057256983
Golimumab,0.3,26,Target reference concentration,1e-6,µmol/l,6.907660062098361e-7
Golimumab,0.3,27,Kd (FcRn),1.07,µmol/l,1.4343719502705303
Golimumab,0.3,27,Target Kd,1.8e-5,µmol/l,1.4192636511766416e-5
Golimumab,0.3,27,koff,0.005583,1/min,0.005546065874390302
Golimumab,0.3,27,kint,0.014433333333333333,1/min,0.013601672374910879
Golimumab,0.3,27,kdeg,0.0037166666666666667,1/min,0.005367434301126012
Golimumab,0.3,27,Target reference concentration,1e-6,µmol/l,1.2751560754600788e-6
Golimumab,0.3,28,Kd (FcRn),1.07,µmol/l,0.9082398408955851
Golimumab,0.3,28,Target Kd,1.8e-5,µmol/l,1.4837580356302709e-5
Golimumab,0.3,28,koff,0.005583,1/min,0.0084382379973157
Golimumab,0.3,28,kint,0.014433333333333333,1/min,0.008851909994523972
Golimumab,0.3,28,kdeg,0.0037166666666666667,1/min,0.002625753721913065
Golimumab,0.3,28,Target reference concentration,1e-6,µmol/l,6.646467533692468e-7
Golimumab,0.3,29,Kd (FcRn),1.07,µmol/l,0.8112304643585722
Golimumab,0.3,29,Target Kd,1.8e-5,µmol/l,1.5660330947558684e-5
Golimumab,0.3,29,koff,0.005583,1/min,0.0039623786762764505
Golimumab,0.3,29,kint,0.014433333333333333,1/min,0.014174779465413066
Golimumab,0.3,29,kdeg,0.0037166666666666667,1/min,0.0029611434338865294
Golimumab,0.3,29,Target reference concentration,1e-6,µmol/l,1.098752199134449e-6
Golimumab,0.3,30,Kd (FcRn),1.07,µmol/l,0.9517491555195474
Golimumab,0.3,30,Target Kd,1.8e-5,µmol/l,2.32352916980282e-5
Golimumab,0.3,30,koff,0.005583,1/min,0.005021217661563712
Golimumab,0.3,30,kint,0.014433333333333333,1/min,0.009202539019255402
Golimumab,0.3,30,kdeg,0.0037166666666666667,1/min,0.0029169908113788365
Golimumab,0.3,30,Target reference concentration,1e-6,µmol/l,1.5856296690696416e-6
Golimumab,0.3,31,Kd (FcRn),1.07,µmol/l,1.0129849085283709
Golimumab,0.3,31,Target Kd,1.8e-5,µmol/l,1.2081201832439967e-5
Golimumab,0.3,31,koff,0.005583,1/min,0.005969829042363035
Golimumab,0.3,31,kint,0.014433333333333333,1/min,0.019840784516968624
Golimumab,0.3,31,kdeg,0.0037166666666666667,1/min,0.002123392651165626
Golimumab,0.3,31,Target reference concentration,1e-6,µmol/l,7.90442611730713e-7
Golimumab,0.3,32,Kd (FcRn),1.07,µmol/l,1.6127956561847694
Golimumab,0.3,32,Target Kd,1.8e-5,µmol/l,1.679774845706049e-5
Golimumab,0.3,32,koff,0.005583,1/min,0.007348084889637926
Golimumab,0.3,32,kint,0.014433333333333333,1/min,0.012864672658434063
Golimumab,0.3,32,kdeg,0.0037166666666666667,1/min,0.0043373250250390615
Golimumab,0.3,32,Target reference concentration,1e-6,µmol/l,1.0175420849796819e-6
Golimumab,0.3,33,Kd (FcRn),1.07,µmol/l,1.261037289934039
Golimumab,0.3,33,Target Kd,1.8e-5,µmol/l,1.5929190014330855e-5
Golimumab,0.3,33,koff,0.005583,1/min,0.004644800335269089
Golimumab,0.3,33,kint,0.014433333333333333,1/min,0.025186658925536072
Golimumab,0.3,33,kdeg,0.0037166666666666667,1/min,0.004956136640575933
Golimumab,0.3,33,Target reference concentration,1e-6,µmol/l,9.66580202191012e-7
Golimumab,0.3,34,Kd (FcRn),1.07,µmol/l,1.1542431714462884
Golimumab,0.3,34,Target Kd,1.8e-5,µmol/l,1.523738326448807e-5
Golimumab,0.3,34,koff,0.005583,1/min,0.004305994062194722
Golimumab,0.3,34,kint,0.014433333333333333,1/min,0.015763678186021358
Golimumab,0.3,34,kdeg,0.0037166666666666667,1/min,0.0016935516228779991
Golimumab,0.3,34,Target reference concentration,1e-6,µmol/l,1.0156705248261264e-6
Golimumab,0.3,35,Kd (FcRn),1.07,µmol/l,1.2484227394182092
Golimumab,0.3,35,Target Kd,1.8e-5,µmol/l,1.7735917174605583e-5
Golimumab,0.3,35,koff,0.005583,1/min,0.009330788536932214
Golimumab,0.3,35,kint,0.014433333333333333,1/min,0.014740540451475725
Golimumab,0.3,35,kdeg,0.0037166666666666667,1/min,0.003408783143019193
Golimumab,0.3,35,Target reference concentration,1e-6,µmol/l,1.2483634706986542e-6
Golimumab,0.3,36,Kd (FcRn),1.07,µmol/l,1.3211706171014834
Golimumab,0.3,36,Target Kd,1.8e-5,µmol/l,2.187957996556379e-5
Golimumab,0.3,36,koff,0.005583,1/min,0.005561357677165523
Golimumab,0.3,36,kint,0.014433333333333333,1/min,0.015171617849577405
Golimumab,0.3,36,kdeg,0.0037166666666666667,1/min,0.004780542426676686
Golimumab,0.3,36,Target reference concentration,1e-6,µmol/l,1.333202132632086e-6
Golimumab,0.3,37,Kd (FcRn),1.07,µmol/l,1.4563305772869775
Golimumab,0.3,37,Target Kd,1.8e-5,µmol/l,1.8678286089098585e-5
Golimumab,0.3,37,koff,0.005583,1/min,0.011190722224153243
Golimumab,0.3,37,kint,0.014433333333333333,1/min,0.009651876213104062
Golimumab,0.3,37,kdeg,0.0037166666666666667,1/min,0.0040218671080137
Golimumab,0.3,37,Target reference concentration,1e-6,µmol/l,1.1147335405250812e-6
Golimumab,0.3,38,Kd (FcRn),1.07,µmol/l,1.1921331865860487
Golimumab,0.3,38,Target Kd,1.8e-5,µmol/l,1.278219474061425e-5
Golimumab,0.3,38,koff,0.005583,1/min,0.006253466545555706
Golimumab,0.3,38,kint,0.014433333333333333,1/min,0.016892355537830517
Golimumab,0.3,38,kdeg,0.0037166666666666667,1/min,0.0035090878083126296
Golimumab,0.3,38,Target reference concentration,1e-6,µmol/l,8.843514547844221e-7
Golimumab,0.3,39,Kd (FcRn),1.07,µmol/l,2.542261122471829
Golimumab,0.3,39,Target Kd,1.8e-5,µmol/l,2.219185322066256e-5
Golimumab,0.3,39,koff,0.005583,1/min,0.0037618744218982443
Golimumab,0.3,39,kint,0.014433333333333333,1/min,0.017927129828493787
Golimumab,0.3,39,kdeg,0.0037166666666666667,1/min,0.003443195844716375
Golimumab,0.3,39,Target reference concentration,1e-6,µmol/l,9.794172302790443e-7
Golimumab,0.3,40,Kd (FcRn),1.07,µmol/l,1.3408494672946225
Golimumab,0.3,40,Target Kd,1.8e-5,µmol/l,1.9100026366641e-5
Golimumab,0.3,40,koff,0.005583,1/min,0.004298194508118045
Golimumab,0.3,40,kint,0.014433333333333333,1/min,0.01098574582261274
Golimumab,0.3,40,kdeg,0.0037166666666666667,1/min,0.006259950413693684
Golimumab,0.3,40,Target reference concentration,1e-6,µmol/l,9.867623333854198e-7
Golimumab,0.3,41,Kd (FcRn),1.07,µmol/l,1.335048458817695
Golimumab,0.3,41,Target Kd,1.8e-5,µmol/l,2.2943954417793773e-5
Golimumab,0.3,41,koff,0.005583,1/min,0.005351882109257608
Golimumab,0.3,41,kint,0.014433333333333333,1/min,0.013505973367109767
Golimumab,0.3,41,kdeg,0.0037166666666666667,1/min,0.0015877599205063595
Golimumab,0.3,41,Target reference concentration,1e-6,µmol/l,7.673077824641173e-7
Golimumab,0.3,42,Kd (FcRn),1.07,µmol/l,1.1657803661363508
Golimumab,0.3,42,Target Kd,1.8e-5,µmol/l,1.6842038583355907e-5
Golimumab,0.3,42,koff,0.005583,1/min,0.003968576096530356
Golimumab,0.3,42,kint,0.014433333333333333,1/min,0.013583711465052635
Golimumab,0.3,42,kdeg,0.0037166666666666667,1/min,0.0026099461477062766
Golimumab,0.3,42,Target reference concentration,1e-6,µmol/l,9.016539613055047e-7
Golimumab,0.3,43,Kd (FcRn),1.07,µmol/l,0.7290363115961304
Golimumab,0.3,43,Target Kd,1.8e-5,µmol/l,1.710563971872483e-5
Golimumab,0.3,43,koff,0.005583,1/min,0.0037714202056731818
Golimumab,0.3,43,kint,0.014433333333333333,1/min,0.01275934319062071
Golimumab,0.3,43,kdeg,0.0037166666666666667,1/min,0.00321963873110622
Golimumab,0.3,43,Target reference concentration,1e-6,µmol/l,1.3051687753358421e-6
Golimumab,0.3,44,Kd (FcRn),1.07,µmol/l,0.6077383710502455
Golimumab,0.3,44,Target Kd,1.8e-5,µmol/l,1.6263698897449266e-5
Golimumab,0.3,44,koff,0.005583,1/min,0.005951665531267861
Golimumab,0.3,44,kint,0.014433333333333333,1/min,0.011001671479926723
Golimumab,0.3,44,kdeg,0.0037166666666666667,1/min,0.002946847315765881
Golimumab,0.3,44,Target reference concentration,1e-6,µmol/l,8.657145018346101e-7
Golimumab,0.3,45,Kd (FcRn),1.07,µmol/l,0.9457995093214083
Golimumab,0.3,45,Target Kd,1.8e-5,µmol/l,1.5555144934699885e-5
Golimumab,0.3,45,koff,0.005583,1/min,0.008009266447633905
Golimumab,0.3,45,kint,0.014433333333333333,1/min,0.013702636718249995
Golimumab,0.3,45,kdeg,0.0037166666666666667,1/min,0.0036035897310451375
Golimumab,0.3,45,Target reference concentration,1e-6,µmol/l,6.809246879711654e-7
Golimumab,0.3,46,Kd (FcRn),1.07,µmol/l,1.5192887028298772
Golimumab,0.3,46,Target Kd,1.8e-5,µmol/l,2.1888842906369632e-5
Golimumab,0.3,46,koff,0.005583,1/min,0.007667193140349281
Golimumab,0.3,46,kint,0.014433333333333333,1/min,0.014556649680628937
Golimumab,0.3,46,kdeg,0.0037166666666666667,1/min,0.004571054189308361
Golimumab,0.3,46,Target reference concentration,1e-6,µmol/l,9.564231913496404e-7
Golimumab,0.3,47,Kd (FcRn),1.07,µmol/l,1.196613076708467
Golimumab,0.3,47,Target Kd,1.8e-5,µmol/l,2.1202278049727822e-5
Golimumab,0.3,47,koff,0.005583,1/min,0.004510117810471106
Golimumab,0.3,47,kint,0.014433333333333333,1/min,0.010421962820987785
Golimumab,0.3,47,kdeg,0.0037166666666666667,1/min,0.004305978772420561
Golimumab,0.3,47,Target reference concentration,1e-6,µmol/l,1.1599683505875513e-6
Golimumab,0.3,48,Kd (FcRn),1.07,µmol/l,0.9364923815795355
Golimumab,0.3,48,Target Kd,1.8e-5,µmol/l,1.80512532026116e-5
Golimumab,0.3,48,koff,0.005583,1/min,0.005659526997196306
Golimumab,0.3,48,kint,0.014433333333333333,1/min,0.0076057381486444925
Golimumab,0.3,48,kdeg,0.0037166666666666667,1/min,0.003845606900765503
Golimumab,0.3,48,Target reference concentration,1e-6,µmol/l,1.624015017237236e-6
Golimumab,0.3,49,Kd (FcRn),1.07,µmol/l,0.8452833201146085
Golimumab,0.3,49,Target Kd,1.8e-5,µmol/l,2.088345014047928e-5
Golimumab,0.3,49,koff,0.005583,1/min,0.0045680755696274646
Golimumab,0.3,49,kint,0.014433333333333333,1/min,0.009892339819366611
Golimumab,0.3,49,kdeg,0.0037166666666666667,1/min,0.005507640135893555
Golimumab,0.3,49,Target reference concentration,1e-6,µmol/l,1.0390451894492498e-6
Golimumab,0.3,50,Kd (FcRn),1.07,µmol/l,1.1918860492879
Golimumab,0.3,50,Target Kd,1.8e-5,µmol/l,3.4108525396869944e-5
Golimumab,0.3,50,koff,0.005583,1/min,0.004821782673295253
Golimumab,0.3,50,kint,0.014433333333333333,1/min,0.02560513169816816
Golimumab,0.3,50,kdeg,0.0037166666666666667,1/min,0.005518929562492723
Golimumab,0.3,50,Target reference concentration,1e-6,µmol/l,8.894197084896947e-7
Golimumab,0.3,51,Kd (FcRn),1.07,µmol/l,0.8594380203018959
Golimumab,0.3,51,Target Kd,1.8e-5,µmol/l,1.8341931195086937e-5
Golimumab,0.3,51,koff,0.005583,1/min,0.004430415624310536
Golimumab,0.3,51,kint,0.014433333333333333,1/min,0.008913524830296532
Golimumab,0.3,51,kdeg,0.0037166666666666667,1/min,0.00238136141166666
Golimumab,0.3,51,Target reference concentration,1e-6,µmol/l,8.927303368009345e-7
Golimumab,0.3,52,Kd (FcRn),1.07,µmol/l,1.3142653302097844
Golimumab,0.3,52,Target Kd,1.8e-5,µmol/l,2.2418507967167628e-5
Golimumab,0.3,52,koff,0.005583,1/min,0.004306236326920958
Golimumab,0.3,52,kint,0.014433333333333333,1/min,0.013875143219121835
Golimumab,0.3,52,kdeg,0.0037166666666666667,1/min,0.005353007981978307
Golimumab,0.3,52,Target reference concentration,1e-6,µmol/l,6.236390546652417e-7
Golimumab,0.3,53,Kd (FcRn),1.07,µmol/l,0.8755090277285077
Golimumab,0.3,53,Target Kd,1.8e-5,µmol/l,2.3262626053346803e-5
Golimumab,0.3,53,koff,0.005583,1/min,0.003397529016918687
Golimumab,0.3,53,kint,0.014433333333333333,1/min,0.018155740803774554
Golimumab,0.3,53,kdeg,0.0037166666666666667,1/min,0.0031406723694159225
Golimumab,0.3,53,Target reference concentration,1e-6,µmol/l,7.404069446179934e-7
Golimumab,0.3,54,Kd (FcRn),1.07,µmol/l,1.698535529404404
Golimumab,0.3,54,Target Kd,1.8e-5,µmol/l,1.438860700087509e-5
Golimumab,0.3,54,koff,0.005583,1/min,0.0062694426231884245
Golimumab,0.3,54,kint,0.014433333333333333,1/min,0.016667374361415948
Golimumab,0.3,54,kdeg,0.0037166666666666667,1/min,0.0025473284294665454
Golimumab,0.3,54,Target reference concentration,1e-6,µmol/l,1.2751522426454561e-6
Golimumab,0.3,55,Kd (FcRn),1.07,µmol/l,1.1758304652046134
Golimumab,0.3,55,Target Kd,1.8e-5,µmol/l,2.219420019868966e-5
Golimumab,0.3,55,koff,0.005583,1/min,0.0031376774427523324
Golimumab,0.3,55,kint,0.014433333333333333,1/min,0.018372245139352095
Golimumab,0.3,55,kdeg,0.0037166666666666667,1/min,0.0036409477318634182
Golimumab,0.3,55,Target reference concentration,1e-6,µmol/l,1.107134061800084e-6
Golimumab,0.3,56,Kd (FcRn),1.07,µmol/l,0.9715996073531133
Golimumab,0.3,56,Target Kd,1.8e-5,µmol/l,2.0890945329225457e-5
Golimumab,0.3,56,koff,0.005583,1/min,0.0040081330264115115
Golimumab,0.3,56,kint,0.014433333333333333,1/min,0.00814646673055012
Golimumab,0.3,56,kdeg,0.0037166666666666667,1/min,0.002209975925247524
Golimumab,0.3,56,Target reference concentration,1e-6,µmol/l,9.895544430601243e-7
Golimumab,0.3,57,Kd (FcRn),1.07,µmol/l,0.9584160966055728
Golimumab,0.3,57,Target Kd,1.8e-5,µmol/l,1.7837995423806132e-5
Golimumab,0.3,57,koff,0.005583,1/min,0.006547709123644227
Golimumab,0.3,57,kint,0.014433333333333333,1/min,0.021758013347362055
Golimumab,0.3,57,kdeg,0.0037166666666666667,1/min,0.0036121605019483654
Golimumab,0.3,57,Target reference concentration,1e-6,µmol/l,1.035765925823871e-6
Golimumab,0.3,58,Kd (FcRn),1.07,µmol/l,0.7640788658229888
Golimumab,0.3,58,Target Kd,1.8e-5,µmol/l,1.2274454253223347e-5
Golimumab,0.3,58,koff,0.005583,1/min,0.005265630288868046
Golimumab,0.3,58,kint,0.014433333333333333,1/min,0.01979453989631693
Golimumab,0.3,58,kdeg,0.0037166666666666667,1/min,0.002786497692245553
Golimumab,0.3,58,Target reference concentration,1e-6,µmol/l,1.2905622412039343e-6
Golimumab,0.3,59,Kd (FcRn),1.07,µmol/l,0.9614077399762412
Golimumab,0.3,59,Target Kd,1.8e-5,µmol/l,1.3509237570491866e-5
Golimumab,0.3,59,koff,0.005583,1/min,0.0023277567739250766
Golimumab,0.3,59,kint,0.014433333333333333,1/min,0.009356069609901114
Golimumab,0.3,59,kdeg,0.0037166666666666667,1/min,0.005423956200003261
Golimumab,0.3,59,Target reference concentration,1e-6,µmol/l,1.3823120134315188e-6
Golimumab,0.3,60,Kd (FcRn),1.07,µmol/l,0.6441353238909764
Golimumab,0.3,60,Target Kd,1.8e-5,µmol/l,1.4210751093763954e-5
Golimumab,0.3,60,koff,0.005583,1/min,0.00654733417479303
Golimumab,0.3,60,kint,0.014433333333333333,1/min,0.020170288724866477
Golimumab,0.3,60,kdeg,0.0037166666666666667,1/min,0.00523278229939294
Golimumab,0.3,60,Target reference concentration,1e-6,µmol/l,9.639522086178524e-7
Golimumab,0.3,61,Kd (FcRn),1.07,µmol/l,0.6908716098211706
Golimumab,0.3,61,Target Kd,1.8e-5,µmol/l,1.6924269936752237e-5
Golimumab,0.3,61,koff,0.005583,1/min,0.003914866499345865
Golimumab,0.3,61,kint,0.014433333333333333,1/min,0.011426728073294545
Golimumab,0.3,61,kdeg,0.0037166666666666667,1/min,0.003296208818581369
Golimumab,0.3,61,Target reference concentration,1e-6,µmol/l,8.692314614336382e-7
Golimumab,0.3,62,Kd (FcRn),1.07,µmol/l,1.2092818494660762
Golimumab,0.3,62,Target Kd,1.8e-5,µmol/l,1.867231035739782e-5
Golimumab,0.3,62,koff,0.005583,1/min,0.0032855833379699276
Golimumab,0.3,62,kint,0.014433333333333333,1/min,0.011619241718880707
Golimumab,0.3,62,kdeg,0.0037166666666666667,1/min,0.0026048420641827026
Golimumab,0.3,62,Target reference concentration,1e-6,µmol/l,5.642778978397817e-7
Golimumab,0.3,63,Kd (FcRn),1.07,µmol/l,1.221748391808319
Golimumab,0.3,63,Target Kd,1.8e-5,µmol/l,1.4002052896035746e-5
Golimumab,0.3,63,koff,0.005583,1/min,0.004746969237034458
Golimumab,0.3,63,kint,0.014433333333333333,1/min,0.01836819804827719
Golimumab,0.3,63,kdeg,0.0037166666666666667,1/min,0.002882721735502435
Golimumab,0.3,63,Target reference concentration,1e-6,µmol/l,6.834081419455442e-7
Golimumab,0.3,64,Kd (FcRn),1.07,µmol/l,1.3692407313738244
Golimumab,0.3,64,Target Kd,1.8e-5,µmol/l,2.397060214233478e-5
Golimumab,0.3,64,koff,0.005583,1/min,0.007001249899661214
Golimumab,0.3,64,kint,0.014433333333333333,1/min,0.010730666618234718
Golimumab,0.3,64,kdeg,0.0037166666666666667,1/min,0.0030019286229793804
Golimumab,0.3,64,Target reference concentration,1e-6,µmol/l,1.2907263993921296e-6
Golimumab,0.3,65,Kd (FcRn),1.07,µmol/l,0.6440877968014995
Golimumab,0.3,65,Target Kd,1.8e-5,µmol/l,1.656023251609805e-5
Golimumab,0.3,65,koff,0.005583,1/min,0.008410148550065808
Golimumab,0.3,65,kint,0.014433333333333333,1/min,0.012739289047491791
Golimumab,0.3,65,kdeg,0.0037166666666666667,1/min,0.0047760066183821295
Golimumab,0.3,65,Target reference concentration,1e-6,µmol/l,1.1839655303421023e-6
Golimumab,0.3,66,Kd (FcRn),1.07,µmol/l,1.4672088459026411
Golimumab,0.3,66,Target Kd,1.8e-5,µmol/l,1.9871828702242353e-5
Golimumab,0.3,66,koff,0.005583,1/min,0.0053253270883126935
Golimumab,0.3,66,kint,0.014433333333333333,1/min,0.016609165996740997
Golimumab,0.3,66,kdeg,0.0037166666666666667,1/min,0.0037819580431086683
Golimumab,0.3,66,Target reference concentration,1e-6,µmol/l,7.250134891572892e-7
Golimumab,0.3,67,Kd (FcRn),1.07,µmol/l,1.8666476924889266
Golimumab,0.3,67,Target Kd,1.8e-5,µmol/l,1.651436138081812e-5
Golimumab,0.3,67,koff,0.005583,1/min,0.003696763726298168
Golimumab,0.3,67,kint,0.014433333333333333,1/min,0.013140872824834697
Golimumab,0.3,67,kdeg,0.0037166666666666667,1/min,0.004436923525817004
Golimumab,0.3,67,Target reference concentration,1e-6,µmol/l,7.22907810910226e-7
Golimumab,0.3,68,Kd (FcRn),1.07,µmol/l,0.9159292361441828
Golimumab,0.3,68,Target Kd,1.8e-5,µmol/l,1.4066931598174394e-5
Golimumab,0.3,68,koff,0.005583,1/min,0.004373137375789113
Golimumab,0.3,68,kint,0.014433333333333333,1/min,0.02114684219693868
Golimumab,0.3,68,kdeg,0.0037166666666666667,1/min,0.004967366626391054
Golimumab,0.3,68,Target reference concentration,1e-6,µmol/l,8.539147019262519e-7
Golimumab,0.3,69,Kd (FcRn),1.07,µmol/l,0.806592065414014
Golimumab,0.3,69,Target Kd,1.8e-5,µmol/l,1.764317307802062e-5
Golimumab,0.3,69,koff,0.005583,1/min,0.004119103669077647
Golimumab,0.3,69,kint,0.014433333333333333,1/min,0.011186198996960658
Golimumab,0.3,69,kdeg,0.0037166666666666667,1/min,0.00517167163966222
Golimumab,0.3,69,Target reference concentration,1e-6,µmol/l,4.96890441480708e-7
Golimumab,0.3,70,Kd (FcRn),1.07,µmol/l,1.0238237227052558
Golimumab,0.3,70,Target Kd,1.8e-5,µmol/l,1.6372937766813386e-5
Golimumab,0.3,70,koff,0.005583,1/min,0.002820979955327952
Golimumab,0.3,70,kint,0.014433333333333333,1/min,0.020938722903246478
Golimumab,0.3,70,kdeg,0.0037166666666666667,1/min,0.0047540748175704615
Golimumab,0.3,70,Target reference concentration,1e-6,µmol/l,1.0541556155449169e-6
Golimumab,0.3,71,Kd (FcRn),1.07,µmol/l,0.8077674925754318
Golimumab,0.3,71,Target Kd,1.8e-5,µmol/l,1.5678408680293225e-5
Golimumab,0.3,71,koff,0.005583,1/min,0.004022501869691037
Golimumab,0.3,71,kint,0.014433333333333333,1/min,0.019109564106919805
Golimumab,0.3,71,kdeg,0.0037166666666666667,1/min,0.0044632850644201515
Golimumab,0.3,71,Target reference concentration,1e-6,µmol/l,1.0526826363860774e-6
Golimumab,0.3,72,Kd (FcRn),1.07,µmol/l,0.8887765499080567
Golimumab,0.3,72,Target Kd,1.8e-5,µmol/l,2.4968995244655984e-5
Golimumab,0.3,72,koff,0.005583,1/min,0.007515932605911812
Golimumab,0.3,72,kint,0.014433333333333333,1/min,0.012760598985249238
Golimumab,0.3,72,kdeg,0.0037166666666666667,1/min,0.0029825863320367837
Golimumab,0.3,72,Target reference concentration,1e-6,µmol/l,8.874251367269061e-7
Golimumab,0.3,73,Kd (FcRn),1.07,µmol/l,0.7942359770950608
Golimumab,0.3,73,Target Kd,1.8e-5,µmol/l,2.34704617388217e-5
Golimumab,0.3,73,koff,0.005583,1/min,0.004443667257730207
Golimumab,0.3,73,kint,0.014433333333333333,1/min,0.023616103581168238
Golimumab,0.3,73,kdeg,0.0037166666666666667,1/min,0.00249167990267967
Golimumab,0.3,73,Target reference concentration,1e-6,µmol/l,1.076893515051866e-6
Golimumab,0.3,74,Kd (FcRn),1.07,µmol/l,0.7616205918497594
Golimumab,0.3,74,Target Kd,1.8e-5,µmol/l,1.3599638565120052e-5
Golimumab,0.3,74,koff,0.005583,1/min,0.0062454666620445016
Golimumab,0.3,74,kint,0.014433333333333333,1/min,0.018661593716034684
Golimumab,0.3,74,kdeg,0.0037166666666666667,1/min,0.003567196250567678
Golimumab,0.3,74,Target reference concentration,1e-6,µmol/l,1.1416729572510742e-6
Golimumab,0.3,75,Kd (FcRn),1.07,µmol/l,1.941246101757793
Golimumab,0.3,75,Target Kd,1.8e-5,µmol/l,1.2831655260667538e-5
Golimumab,0.3,75,koff,0.005583,1/min,0.003924150137899309
Golimumab,0.3,75,kint,0.014433333333333333,1/min,0.0065684071245801865
Golimumab,0.3,75,kdeg,0.0037166666666666667,1/min,0.00457511854345474
Golimumab,0.3,75,Target reference concentration,1e-6,µmol/l,1.0180033952646105e-6
Golimumab,0.3,76,Kd (FcRn),1.07,µmol/l,1.4713503858061618
Golimumab,0.3,76,Target Kd,1.8e-5,µmol/l,1.281993907227061e-5
Golimumab,0.3,76,koff,0.005583,1/min,0.007156056070855494
Golimumab,0.3,76,kint,0.014433333333333333,1/min,0.014160615454427091
Golimumab,0.3,76,kdeg,0.0037166666666666667,1/min,0.003812889144668662
Golimumab,0.3,76,Target reference concentration,1e-6,µmol/l,8.59044390084648e-7
Golimumab,0.3,77,Kd (FcRn),1.07,µmol/l,1.2073752082092735
Golimumab,0.3,77,Target Kd,1.8e-5,µmol/l,1.6823555509604304e-5
Golimumab,0.3,77,koff,0.005583,1/min,0.006051368842024032
Golimumab,0.3,77,kint,0.014433333333333333,1/min,0.009703472625436674
Golimumab,0.3,77,kdeg,0.0037166666666666667,1/min,0.003690705840071674
Golimumab,0.3,77,Target reference concentration,1e-6,µmol/l,9.83389680422169e-7
Golimumab,0.3,78,Kd (FcRn),1.07,µmol/l,1.4139987799013254
Golimumab,0.3,78,Target Kd,1.8e-5,µmol/l,3.098179260695573e-5
Golimumab,0.3,78,koff,0.005583,1/min,0.006200350608763924
Golimumab,0.3,78,kint,0.014433333333333333,1/min,0.015763670726713384
Golimumab,0.3,78,kdeg,0.0037166666666666667,1/min,0.004965338892585449
Golimumab,0.3,78,Target reference concentration,1e-6,µmol/l,8.115368377378833e-7
Golimumab,0.3,79,Kd (FcRn),1.07,µmol/l,0.8766861805557893
Golimumab,0.3,79,Target Kd,1.8e-5,µmol/l,2.207677293584394e-5
Golimumab,0.3,79,koff,0.005583,1/min,0.0047681560533876155
Golimumab,0.3,79,kint,0.014433333333333333,1/min,0.016002540721778043
Golimumab,0.3,79,kdeg,0.0037166666666666667,1/min,0.002967361858452834
Golimumab,0.3,79,Target reference concentration,1e-6,µmol/l,1.1026689370953502e-6
Golimumab,0.3,80,Kd (FcRn),1.07,µmol/l,1.5710731567079188
Golimumab,0.3,80,Target Kd,1.8e-5,µmol/l,1.5883644859140902e-5
Golimumab,0.3,80,koff,0.005583,1/min,0.005712391003901191
Golimumab,0.3,80,kint,0.014433333333333333,1/min,0.013821258598152397
Golimumab,0.3,80,kdeg,0.0037166666666666667,1/min,0.004476482112185403
Golimumab,0.3,80,Target reference concentration,1e-6,µmol/l,7.249776682620266e-7
Golimumab,0.3,81,Kd (FcRn),1.07,µmol/l,0.9285214689645864
Golimumab,0.3,81,Target Kd,1.8e-5,µmol/l,1.8256197801943332e-5
Golimumab,0.3,81,koff,0.005583,1/min,0.005830547493608434
Golimumab,0.3,81,kint,0.014433333333333333,1/min,0.013014617050322762
Golimumab,0.3,81,kdeg,0.0037166666666666667,1/min,0.0030259590446180245
Golimumab,0.3,81,Target reference concentration,1e-6,µmol/l,7.924844640540546e-7
Golimumab,0.3,82,Kd (FcRn),1.07,µmol/l,1.3707946862268663
Golimumab,0.3,82,Target Kd,1.8e-5,µmol/l,1.5780943885837086e-5
Golimumab,0.3,82,koff,0.005583,1/min,0.005614348802762436
Golimumab,0.3,82,kint,0.014433333333333333,1/min,0.013495896884112887
Golimumab,0.3,82,kdeg,0.0037166666666666667,1/min,0.002412614006415342
Golimumab,0.3,82,Target reference concentration,1e-6,µmol/l,1.3518505067624444e-6
Golimumab,0.3,83,Kd (FcRn),1.07,µmol/l,1.9160805854076977
Golimumab,0.3,83,Target Kd,1.8e-5,µmol/l,1.8840631886225357e-5
Golimumab,0.3,83,koff,0.005583,1/min,0.00563759301372282
Golimumab,0.3,83,kint,0.014433333333333333,1/min,0.012773693364876042
Golimumab,0.3,83,kdeg,0.0037166666666666667,1/min,0.003410403411755677
Golimumab,0.3,83,Target reference concentration,1e-6,µmol/l,5.295504319628192e-7
Golimumab,0.3,84,Kd (FcRn),1.07,µmol/l,0.579325885788002
Golimumab,0.3,84,Target Kd,1.8e-5,µmol/l,1.9893592327028633e-5
Golimumab,0.3,84,koff,0.005583,1/min,0.005785370799013945
Golimumab,0.3,84,kint,0.014433333333333333,1/min,0.012031426002563647
Golimumab,0.3,84,kdeg,0.0037166666666666667,1/min,0.003239889788161347
Golimumab,0.3,84,Target reference concentration,1e-6,µmol/l,6.125742368378782e-7
Golimumab,0.3,85,Kd (FcRn),1.07,µmol/l,0.7675305801771011
Golimumab,0.3,85,Target Kd,1.8e-5,µmol/l,1.6617326363636305e-5
Golimumab,0.3,85,koff,0.005583,1/min,0.00724385765484823
Golimumab,0.3,85,kint,0.014433333333333333,1/min,0.012332566672267937
Golimumab,0.3,85,kdeg,0.0037166666666666667,1/min,0.0035280010935452434
Golimumab,0.3,85,Target reference concentration,1e-6,µmol/l,8.344938254836358e-7
Golimumab,0.3,86,Kd (FcRn),1.07,µmol/l,1.1664941543728808
Golimumab,0.3,86,Target Kd,1.8e-5,µmol/l,9.23297404860011e-6
Golimumab,0.3,86,koff,0.005583,1/min,0.005831711946543823
Golimumab,0.3,86,kint,0.014433333333333333,1/min,0.014318299966239397
Golimumab,0.3,86,kdeg,0.0037166666666666667,1/min,0.003005891397210637
Golimumab,0.3,86,Target reference concentration,1e-6,µmol/l,1.7986988908083058e-6
Golimumab,0.3,87,Kd (FcRn),1.07,µmol/l,0.7202984588780832
Golimumab,0.3,87,Target Kd,1.8e-5,µmol/l,1.8802999678315294e-5
Golimumab,0.3,87,koff,0.005583,1/min,0.005759580623871913
Golimumab,0.3,87,kint,0.014433333333333333,1/min,0.008585814635836443
Golimumab,0.3,87,kdeg,0.0037166666666666667,1/min,0.004067038527327784
Golimumab,0.3,87,Target reference concentration,1e-6,µmol/l,9.405719419455474e-7
Golimumab,0.3,88,Kd (FcRn),1.07,µmol/l,1.2306996880944476
Golimumab,0.3,88,Target Kd,1.8e-5,µmol/l,2.4904665206763073e-5
Golimumab,0.3,88,koff,0.005583,1/min,0.007353174150967423
Golimumab,0.3,88,kint,0.014433333333333333,1/min,0.008787083074187888
Golimumab,0.3,88,kdeg,0.0037166666666666667,1/min,0.0047257882574123595
Golimumab,0.3,88,Target reference concentration,1e-6,µmol/l,1.1918462141276264e-6
Golimumab,0.3,89,Kd (FcRn),1.07,µmol/l,1.2708812717268716
Golimumab,0.3,89,Target Kd,1.8e-5,µmol/l,1.2544398292558401e-5
Golimumab,0.3,89,koff,0.005583,1/min,0.006533875286015254
Golimumab,0.3,89,kint,0.014433333333333333,1/min,0.00899209810852468
Golimumab,0.3,89,kdeg,0.0037166666666666667,1/min,0.002264478657748735
Golimumab,0.3,89,Target reference concentration,1e-6,µmol/l,8.440337111299827e-7
Golimumab,0.3,90,Kd (FcRn),1.07,µmol/l,0.9199058000797865
Golimumab,0.3,90,Target Kd,1.8e-5,µmol/l,1.7472408162136795e-5
Golimumab,0.3,90,koff,0.005583,1/min,0.007601803926954633
Golimumab,0.3,90,kint,0.014433333333333333,1/min,0.019378230708531344
Golimumab,0.3,90,kdeg,0.0037166666666666667,1/min,0.00352428155940538
Golimumab,0.3,90,Target reference concentration,1e-6,µmol/l,7.862799856941747e-7
Golimumab,0.3,91,Kd (FcRn),1.07,µmol/l,1.4633098926651988
Golimumab,0.3,91,Target Kd,1.8e-5,µmol/l,1.7266605949341417e-5
Golimumab,0.3,91,koff,0.005583,1/min,0.005476671604694999
Golimumab,0.3,91,kint,0.014433333333333333,1/min,0.016221657177922837
Golimumab,0.3,91,kdeg,0.0037166666666666667,1/min,0.0045326471709930295
Golimumab,0.3,91,Target reference concentration,1e-6,µmol/l,6.237077328114665e-7
Golimumab,0.3,92,Kd (FcRn),1.07,µmol/l,1.1822743334214498
Golimumab,0.3,92,Target Kd,1.8e-5,µmol/l,2.230641871384233e-5
Golimumab,0.3,92,koff,0.005583,1/min,0.004969416411841766
Golimumab,0.3,92,kint,0.014433333333333333,1/min,0.013194192264377807
Golimumab,0.3,92,kdeg,0.0037166666666666667,1/min,0.0024523350873725722
Golimumab,0.3,92,Target reference concentration,1e-6,µmol/l,1.0063493754575158e-6
Golimumab,0.3,93,Kd (FcRn),1.07,µmol/l,1.768406522834035
Golimumab,0.3,93,Target Kd,1.8e-5,µmol/l,1.7562403827504208e-5
Golimumab,0.3,93,koff,0.005583,1/min,0.0036990820556187603
Golimumab,0.3,93,kint,0.014433333333333333,1/min,0.02432203482494446
Golimumab,0.3,93,kdeg,0.0037166666666666667,1/min,0.0027751232663700584
Golimumab,0.3,93,Target reference concentration,1e-6,µmol/l,8.257910685639574e-7
Golimumab,0.3,94,Kd (FcRn),1.07,µmol/l,0.8839614282249021
Golimumab,0.3,94,Target Kd,1.8e-5,µmol/l,2.1086342951329537e-5
Golimumab,0.3,94,koff,0.005583,1/min,0.004310592665327351
Golimumab,0.3,94,kint,0.014433333333333333,1/min,0.007788315108682225
Golimumab,0.3,94,kdeg,0.0037166666666666667,1/min,0.0036803103409079985
Golimumab,0.3,94,Target reference concentration,1e-6,µmol/l,6.569081477185169e-7
Golimumab,0.3,95,Kd (FcRn),1.07,µmol/l,1.3820165515502367
Golimumab,0.3,95,Target Kd,1.8e-5,µmol/l,2.2592861501758603e-5
Golimumab,0.3,95,koff,0.005583,1/min,0.0032485628315734897
Golimumab,0.3,95,kint,0.014433333333333333,1/min,0.012283596507861485
Golimumab,0.3,95,kdeg,0.0037166666666666667,1/min,0.0024365228990897137
Golimumab,0.3,95,Target reference concentration,1e-6,µmol/l,1.0498002863530733e-6
Golimumab,0.3,96,Kd (FcRn),1.07,µmol/l,0.8216222024844426
Golimumab,0.3,96,Target Kd,1.8e-5,µmol/l,1.3211476783316969e-5
Golimumab,0.3,96,koff,0.005583,1/min,0.0026282346712059204
Golimumab,0.3,96,kint,0.014433333333333333,1/min,0.013442834726551365
Golimumab,0.3,96,kdeg,0.0037166666666666667,1/min,0.002457238207924641
Golimumab,0.3,96,Target reference concentration,1e-6,µmol/l,1.1603998701714463e-6
Golimumab,0.3,97,Kd (FcRn),1.07,µmol/l,1.3775202703929805
Golimumab,0.3,97,Target Kd,1.8e-5,µmol/l,2.6755051683393554e-5
Golimumab,0.3,97,koff,0.005583,1/min,0.008497032917289989
Golimumab,0.3,97,kint,0.014433333333333333,1/min,0.013096490672987801
Golimumab,0.3,97,kdeg,0.0037166666666666667,1/min,0.0035261604421595576
Golimumab,0.3,97,Target reference concentration,1e-6,µmol/l,9.329541709035071e-7
Golimumab,0.3,98,Kd (FcRn),1.07,µmol/l,0.716943862113611
Golimumab,0.3,98,Target Kd,1.8e-5,µmol/l,2.1423585722813002e-5
Golimumab,0.3,98,koff,0.005583,1/min,0.006135780962023251
Golimumab,0.3,98,kint,0.014433333333333333,1/min,0.01457669819322774
Golimumab,0.3,98,kdeg,0.0037166666666666667,1/min,0.0043373022481352835
Golimumab,0.3,98,Target reference concentration,1e-6,µmol/l,1.7742269637574022e-6
Golimumab,0.3,99,Kd (FcRn),1.07,µmol/l,0.9023809681494062
Golimumab,0.3,99,Target Kd,1.8e-5,µmol/l,2.302879429656572e-5
Golimumab,0.3,99,koff,0.005583,1/min,0.004950226441890746
Golimumab,0.3,99,kint,0.014433333333333333,1/min,0.00817072375072202
Golimumab,0.3,99,kdeg,0.0037166666666666667,1/min,0.0024306928387742657
Golimumab,0.3,99,Target reference concentration,1e-6,µmol/l,8.835975786561812e-7
Golimumab,0.3,100,Kd (FcRn),1.07,µmol/l,1.0066767979110482
Golimumab,0.3,100,Target Kd,1.8e-5,µmol/l,1.716913481212591e-5
Golimumab,0.3,100,koff,0.005583,1/min,0.003994234207627834
Golimumab,0.3,100,kint,0.014433333333333333,1/min,0.014853432565579862
Golimumab,0.3,100,kdeg,0.0037166666666666667,1/min,0.005298335068662938
Golimumab,0.3,100,Target reference concentration,1e-6,µmol/l,1.098606887384951e-6
Golimumab,0.5,1,Kd (FcRn),1.07,µmol/l,1.5005540957678047
Golimumab,0.5,1,Target Kd,1.8e-5,µmol/l,1.795845066640226e-5
Golimumab,0.5,1,koff,0.005583,1/min,0.005175876720546952
Golimumab,0.5,1,kint,0.014433333333333333,1/min,0.006773150847671397
Golimumab,0.5,1,kdeg,0.0037166666666666667,1/min,0.003528084500621256
Golimumab,0.5,1,Target reference concentration,1e-6,µmol/l,1.3904819639970782e-6
Golimumab,0.5,2,Kd (FcRn),1.07,µmol/l,1.2680808955585257
Golimumab,0.5,2,Target Kd,1.8e-5,µmol/l,1.0250093212001067e-5
Golimumab,0.5,2,koff,0.005583,1/min,0.003972828880650298
Golimumab,0.5,2,kint,0.014433333333333333,1/min,0.016899422619428606
Golimumab,0.5,2,kdeg,0.0037166666666666667,1/min,0.004937228363557152
Golimumab,0.5,2,Target reference concentration,1e-6,µmol/l,9.342876376228426e-7
Golimumab,0.5,3,Kd (FcRn),1.07,µmol/l,1.4820093997206312
Golimumab,0.5,3,Target Kd,1.8e-5,µmol/l,2.5244776516730864e-5
Golimumab,0.5,3,koff,0.005583,1/min,0.007687561953586877
Golimumab,0.5,3,kint,0.014433333333333333,1/min,0.0126773353297788
Golimumab,0.5,3,kdeg,0.0037166666666666667,1/min,0.0024018212441145586
Golimumab,0.5,3,Target reference concentration,1e-6,µmol/l,5.869544897358059e-7
Golimumab,0.5,4,Kd (FcRn),1.07,µmol/l,1.442548801960677
Golimumab,0.5,4,Target Kd,1.8e-5,µmol/l,1.5377150106138347e-5
Golimumab,0.5,4,koff,0.005583,1/min,0.010371792131800693
Golimumab,0.5,4,kint,0.014433333333333333,1/min,0.012625584298697635
Golimumab,0.5,4,kdeg,0.0037166666666666667,1/min,0.0033006244255303313
Golimumab,0.5,4,Target reference concentration,1e-6,µmol/l,1.764618297887212e-6
Golimumab,0.5,5,Kd (FcRn),1.07,µmol/l,0.5309905476405209
Golimumab,0.5,5,Target Kd,1.8e-5,µmol/l,2.317411383762556e-5
Golimumab,0.5,5,koff,0.005583,1/min,0.01111355303166608
Golimumab,0.5,5,kint,0.014433333333333333,1/min,0.00964589427812184
Golimumab,0.5,5,kdeg,0.0037166666666666667,1/min,0.007584723844124207
Golimumab,0.5,5,Target reference concentration,1e-6,µmol/l,5.873745733359915e-7
Golimumab,0.5,6,Kd (FcRn),1.07,µmol/l,0.44580885505565665
Golimumab,0.5,6,Target Kd,1.8e-5,µmol/l,9.7975040164734e-6
Golimumab,0.5,6,koff,0.005583,1/min,0.006741526965234236
Golimumab,0.5,6,kint,0.014433333333333333,1/min,0.018997496583590283
Golimumab,0.5,6,kdeg,0.0037166666666666667,1/min,0.005520233152016378
Golimumab,0.5,6,Target reference concentration,1e-6,µmol/l,1.057145546883098e-6
Golimumab,0.5,7,Kd (FcRn),1.07,µmol/l,0.5627543980136166
Golimumab,0.5,7,Target Kd,1.8e-5,µmol/l,1.5189815633121694e-5
Golimumab,0.5,7,koff,0.005583,1/min,0.005695797613320435
Golimumab,0.5,7,kint,0.014433333333333333,1/min,0.0047605626451536764
Golimumab,0.5,7,kdeg,0.0037166666666666667,1/min,0.002979427254152955
Golimumab,0.5,7,Target reference concentration,1e-6,µmol/l,1.0576334050329212e-6
Golimumab,0.5,8,Kd (FcRn),1.07,µmol/l,0.8121283872943804
Golimumab,0.5,8,Target Kd,1.8e-5,µmol/l,1.308430446956131e-5
Golimumab,0.5,8,koff,0.005583,1/min,0.003658771590910446
Golimumab,0.5,8,kint,0.014433333333333333,1/min,0.01784518326962258
Golimumab,0.5,8,kdeg,0.0037166666666666667,1/min,0.0031250746931978488
Golimumab,0.5,8,Target reference concentration,1e-6,µmol/l,3.0516901303628344e-7
Golimumab,0.5,9,Kd (FcRn),1.07,µmol/l,0.7125031158582279
Golimumab,0.5,9,Target Kd,1.8e-5,µmol/l,2.594553507276618e-5
Golimumab,0.5,9,koff,0.005583,1/min,0.005137018035245196
Golimumab,0.5,9,kint,0.014433333333333333,1/min,0.027860743999278674
Golimumab,0.5,9,kdeg,0.0037166666666666667,1/min,0.0023461869969472683
Golimumab,0.5,9,Target reference concentration,1e-6,µmol/l,4.017824959833714e-7
Golimumab,0.5,10,Kd (FcRn),1.07,µmol/l,0.6495231188532267
Golimumab,0.5,10,Target Kd,1.8e-5,µmol/l,2.712915368183957e-5
Golimumab,0.5,10,koff,0.005583,1/min,0.0019701626499972454
Golimumab,0.5,10,kint,0.014433333333333333,1/min,0.018884536479686503
Golimumab,0.5,10,kdeg,0.0037166666666666667,1/min,0.002622593517692266
Golimumab,0.5,10,Target reference concentration,1e-6,µmol/l,5.128784929533756e-7
Golimumab,0.5,11,Kd (FcRn),1.07,µmol/l,0.8729547400465231
Golimumab,0.5,11,Target Kd,1.8e-5,µmol/l,1.165958418196388e-5
Golimumab,0.5,11,koff,0.005583,1/min,0.00347825063576444
Golimumab,0.5,11,kint,0.014433333333333333,1/min,0.011413973483701371
Golimumab,0.5,11,kdeg,0.0037166666666666667,1/min,0.0032077099522319873
Golimumab,0.5,11,Target reference concentration,1e-6,µmol/l,1.0586361853234611e-6
Golimumab,0.5,12,Kd (FcRn),1.07,µmol/l,0.8226432552747751
Golimumab,0.5,12,Target Kd,1.8e-5,µmol/l,2.8868067098713913e-5
Golimumab,0.5,12,koff,0.005583,1/min,0.008127444995551363
Golimumab,0.5,12,kint,0.014433333333333333,1/min,0.02651802808942696
Golimumab,0.5,12,kdeg,0.0037166666666666667,1/min,0.002729399247107092
Golimumab,0.5,12,Target reference concentration,1e-6,µmol/l,6.424703386178598e-7
Golimumab,0.5,13,Kd (FcRn),1.07,µmol/l,0.8172493984737875
Golimumab,0.5,13,Target Kd,1.8e-5,µmol/l,2.055759919753988e-5
Golimumab,0.5,13,koff,0.005583,1/min,0.004629052325448883
Golimumab,0.5,13,kint,0.014433333333333333,1/min,0.025316456156308214
Golimumab,0.5,13,kdeg,0.0037166666666666667,1/min,0.004006057929269178
Golimumab,0.5,13,Target reference concentration,1e-6,µmol/l,6.307698780197446e-7
Golimumab,0.5,14,Kd (FcRn),1.07,µmol/l,1.7559338944501401
Golimumab,0.5,14,Target Kd,1.8e-5,µmol/l,1.880884591237594e-5
Golimumab,0.5,14,koff,0.005583,1/min,0.014600350062019665
Golimumab,0.5,14,kint,0.014433333333333333,1/min,0.021392158312880234
Golimumab,0.5,14,kdeg,0.0037166666666666667,1/min,0.004853795669513564
Golimumab,0.5,14,Target reference concentration,1e-6,µmol/l,7.598613929509207e-7
Golimumab,0.5,15,Kd (FcRn),1.07,µmol/l,0.4889217325522847
Golimumab,0.5,15,Target Kd,1.8e-5,µmol/l,1.88473631847713e-5
Golimumab,0.5,15,koff,0.005583,1/min,0.0038405651150560543
Golimumab,0.5,15,kint,0.014433333333333333,1/min,0.012599835582048347
Golimumab,0.5,15,kdeg,0.0037166666666666667,1/min,0.002586131306007623
Golimumab,0.5,15,Target reference concentration,1e-6,µmol/l,1.5831407729428364e-6
Golimumab,0.5,16,Kd (FcRn),1.07,µmol/l,1.3609046296539669
Golimumab,0.5,16,Target Kd,1.8e-5,µmol/l,2.0533524304112534e-5
Golimumab,0.5,16,koff,0.005583,1/min,0.0043924610224646
Golimumab,0.5,16,kint,0.014433333333333333,1/min,0.00576783547464888
Golimumab,0.5,16,kdeg,0.0037166666666666667,1/min,0.002574331167065166
Golimumab,0.5,16,Target reference concentration,1e-6,µmol/l,1.064522143580857e-6
Golimumab,0.5,17,Kd (FcRn),1.07,µmol/l,0.5447974147047581
Golimumab,0.5,17,Target Kd,1.8e-5,µmol/l,3.0120721898709077e-5
Golimumab,0.5,17,koff,0.005583,1/min,0.0037667010191433916
Golimumab,0.5,17,kint,0.014433333333333333,1/min,0.01943544041353269
Golimumab,0.5,17,kdeg,0.0037166666666666667,1/min,0.005457079931407657
Golimumab,0.5,17,Target reference concentration,1e-6,µmol/l,1.751231504198609e-6
Golimumab,0.5,18,Kd (FcRn),1.07,µmol/l,1.0018877523280971
Golimumab,0.5,18,Target Kd,1.8e-5,µmol/l,6.258483773781917e-6
Golimumab,0.5,18,koff,0.005583,1/min,0.003809776507054972
Golimumab,0.5,18,kint,0.014433333333333333,1/min,0.015898525909195476
Golimumab,0.5,18,kdeg,0.0037166666666666667,1/min,0.003726424785470373
Golimumab,0.5,18,Target reference concentration,1e-6,µmol/l,6.824032223846582e-7
Golimumab,0.5,19,Kd (FcRn),1.07,µmol/l,0.35475426408411587
Golimumab,0.5,19,Target Kd,1.8e-5,µmol/l,3.93412773947676e-5
Golimumab,0.5,19,koff,0.005583,1/min,0.004182712897011475
Golimumab,0.5,19,kint,0.014433333333333333,1/min,0.007008795670176478
Golimumab,0.5,19,kdeg,0.0037166666666666667,1/min,0.002704750340713924
Golimumab,0.5,19,Target reference concentration,1e-6,µmol/l,9.09590327995344e-7
Golimumab,0.5,20,Kd (FcRn),1.07,µmol/l,0.6692240422180991
Golimumab,0.5,20,Target Kd,1.8e-5,µmol/l,2.199794147822628e-5
Golimumab,0.5,20,koff,0.005583,1/min,0.007906776872423575
Golimumab,0.5,20,kint,0.014433333333333333,1/min,0.021569076688287964
Golimumab,0.5,20,kdeg,0.0037166666666666667,1/min,0.0038039863330564527
Golimumab,0.5,20,Target reference concentration,1e-6,µmol/l,4.849970730679313e-7
Golimumab,0.5,21,Kd (FcRn),1.07,µmol/l,0.7730286439514515
Golimumab,0.5,21,Target Kd,1.8e-5,µmol/l,1.586291894759505e-5
Golimumab,0.5,21,koff,0.005583,1/min,0.007077109391974617
Golimumab,0.5,21,kint,0.014433333333333333,1/min,0.011958047425626273
Golimumab,0.5,21,kdeg,0.0037166666666666667,1/min,0.0019714839829186336
Golimumab,0.5,21,Target reference concentration,1e-6,µmol/l,1.5327475266774934e-6
Golimumab,0.5,22,Kd (FcRn),1.07,µmol/l,2.1374143526924705
Golimumab,0.5,22,Target Kd,1.8e-5,µmol/l,1.9418816302425045e-5
Golimumab,0.5,22,koff,0.005583,1/min,0.005339723675035605
Golimumab,0.5,22,kint,0.014433333333333333,1/min,0.011473091304431712
Golimumab,0.5,22,kdeg,0.0037166666666666667,1/min,0.0042455437639279305
Golimumab,0.5,22,Target reference concentration,1e-6,µmol/l,3.5429730085659673e-7
Golimumab,0.5,23,Kd (FcRn),1.07,µmol/l,1.2677489669767985
Golimumab,0.5,23,Target Kd,1.8e-5,µmol/l,1.4193933044808184e-5
Golimumab,0.5,23,koff,0.005583,1/min,0.009252866584284229
Golimumab,0.5,23,kint,0.014433333333333333,1/min,0.01715335858783177
Golimumab,0.5,23,kdeg,0.0037166666666666667,1/min,0.005798352671119624
Golimumab,0.5,23,Target reference concentration,1e-6,µmol/l,2.608661552729887e-6
Golimumab,0.5,24,Kd (FcRn),1.07,µmol/l,0.7243705128619841
Golimumab,0.5,24,Target Kd,1.8e-5,µmol/l,9.50713287188276e-6
Golimumab,0.5,24,koff,0.005583,1/min,0.0020315784487128564
Golimumab,0.5,24,kint,0.014433333333333333,1/min,0.02373620063554623
Golimumab,0.5,24,kdeg,0.0037166666666666667,1/min,0.004286589266826535
Golimumab,0.5,24,Target reference concentration,1e-6,µmol/l,5.59572004931224e-7
Golimumab,0.5,25,Kd (FcRn),1.07,µmol/l,2.123690116467881
Golimumab,0.5,25,Target Kd,1.8e-5,µmol/l,2.514409931975154e-5
Golimumab,0.5,25,koff,0.005583,1/min,0.0017062525637290026
Golimumab,0.5,25,kint,0.014433333333333333,1/min,0.027730209857972626
Golimumab,0.5,25,kdeg,0.0037166666666666667,1/min,0.004621823907068827
Golimumab,0.5,25,Target reference concentration,1e-6,µmol/l,4.211737179401119e-7
Golimumab,0.5,26,Kd (FcRn),1.07,µmol/l,1.4414352237958807
Golimumab,0.5,26,Target Kd,1.8e-5,µmol/l,1.3059104901151333e-5
Golimumab,0.5,26,koff,0.005583,1/min,0.0036418698195836915
Golimumab,0.5,26,kint,0.014433333333333333,1/min,0.00932628065879424
Golimumab,0.5,26,kdeg,0.0037166666666666667,1/min,0.00369938351539417
Golimumab,0.5,26,Target reference concentration,1e-6,µmol/l,2.793611085082886e-7
Golimumab,0.5,27,Kd (FcRn),1.07,µmol/l,0.40199817596262793
Golimumab,0.5,27,Target Kd,1.8e-5,µmol/l,1.3843224831478272e-5
Golimumab,0.5,27,koff,0.005583,1/min,0.003968305751347676
Golimumab,0.5,27,kint,0.014433333333333333,1/min,0.007049611868782641
Golimumab,0.5,27,kdeg,0.0037166666666666667,1/min,0.003081549039644657
Golimumab,0.5,27,Target reference concentration,1e-6,µmol/l,9.763704688470627e-7
Golimumab,0.5,28,Kd (FcRn),1.07,µmol/l,0.8566326360241353
Golimumab,0.5,28,Target Kd,1.8e-5,µmol/l,2.1302909475478198e-5
Golimumab,0.5,28,koff,0.005583,1/min,0.006440755791499313
Golimumab,0.5,28,kint,0.014433333333333333,1/min,0.005821107305906992
Golimumab,0.5,28,kdeg,0.0037166666666666667,1/min,0.005812937944739773
Golimumab,0.5,28,Target reference concentration,1e-6,µmol/l,2.4239926072941347e-6
Golimumab,0.5,29,Kd (FcRn),1.07,µmol/l,0.7935552011035415
Golimumab,0.5,29,Target Kd,1.8e-5,µmol/l,2.711990894462879e-5
Golimumab,0.5,29,koff,0.005583,1/min,0.003901728551139525
Golimumab,0.5,29,kint,0.014433333333333333,1/min,0.012203752388481828
Golimumab,0.5,29,kdeg,0.0037166666666666667,1/min,0.004460222156739716
Golimumab,0.5,29,Target reference concentration,1e-6,µmol/l,6.533777090106298e-7
Golimumab,0.5,30,Kd (FcRn),1.07,µmol/l,0.9100260999358463
Golimumab,0.5,30,Target Kd,1.8e-5,µmol/l,1.0417846601274594e-5
Golimumab,0.5,30,koff,0.005583,1/min,0.004244552358944255
Golimumab,0.5,30,kint,0.014433333333333333,1/min,0.015900040927488555
Golimumab,0.5,30,kdeg,0.0037166666666666667,1/min,0.002002813315773895
Golimumab,0.5,30,Target reference concentration,1e-6,µmol/l,7.103872132763778e-7
Golimumab,0.5,31,Kd (FcRn),1.07,µmol/l,1.3627760806984166
Golimumab,0.5,31,Target Kd,1.8e-5,µmol/l,2.32911594537644e-5
Golimumab,0.5,31,koff,0.005583,1/min,0.004420418391099023
Golimumab,0.5,31,kint,0.014433333333333333,1/min,0.014432654601543794
Golimumab,0.5,31,kdeg,0.0037166666666666667,1/min,0.005020301039633692
Golimumab,0.5,31,Target reference concentration,1e-6,µmol/l,1.436871265127437e-6
Golimumab,0.5,32,Kd (FcRn),1.07,µmol/l,1.0710462535891057
Golimumab,0.5,32,Target Kd,1.8e-5,µmol/l,1.3966094896183701e-5
Golimumab,0.5,32,koff,0.005583,1/min,0.0036692121543162905
Golimumab,0.5,32,kint,0.014433333333333333,1/min,0.009507914737778986
Golimumab,0.5,32,kdeg,0.0037166666666666667,1/min,0.0016381331381678877
Golimumab,0.5,32,Target reference concentration,1e-6,µmol/l,7.612980934089222e-7
Golimumab,0.5,33,Kd (FcRn),1.07,µmol/l,0.9026811548349598
Golimumab,0.5,33,Target Kd,1.8e-5,µmol/l,1.502022919618375e-5
Golimumab,0.5,33,koff,0.005583,1/min,0.004926369776240073
Golimumab,0.5,33,kint,0.014433333333333333,1/min,0.00924150881111675
Golimumab,0.5,33,kdeg,0.0037166666666666667,1/min,0.002341077650440627
Golimumab,0.5,33,Target reference concentration,1e-6,µmol/l,9.967848926600218e-7
Golimumab,0.5,34,Kd (FcRn),1.07,µmol/l,0.304563817757725
Golimumab,0.5,34,Target Kd,1.8e-5,µmol/l,2.0775262085911052e-5
Golimumab,0.5,34,koff,0.005583,1/min,0.003919960567527408
Golimumab,0.5,34,kint,0.014433333333333333,1/min,0.01960753863487082
Golimumab,0.5,34,kdeg,0.0037166666666666667,1/min,0.00882625049084453
Golimumab,0.5,34,Target reference concentration,1e-6,µmol/l,1.0558878157401404e-6
Golimumab,0.5,35,Kd (FcRn),1.07,µmol/l,0.5174752917144673
Golimumab,0.5,35,Target Kd,1.8e-5,µmol/l,5.564493207622275e-6
Golimumab,0.5,35,koff,0.005583,1/min,0.0038967582627799867
Golimumab,0.5,35,kint,0.014433333333333333,1/min,0.0195599814471336
Golimumab,0.5,35,kdeg,0.0037166666666666667,1/min,0.003741828703142156
Golimumab,0.5,35,Target reference concentration,1e-6,µmol/l,1.025590849114804e-6
Golimumab,0.5,36,Kd (FcRn),1.07,µmol/l,1.306521141114058
Golimumab,0.5,36,Target Kd,1.8e-5,µmol/l,3.8121885760590976e-5
Golimumab,0.5,36,koff,0.005583,1/min,0.0038903018365803095
Golimumab,0.5,36,kint,0.014433333333333333,1/min,0.007000521920665609
Golimumab,0.5,36,kdeg,0.0037166666666666667,1/min,0.003093117721883698
Golimumab,0.5,36,Target reference concentration,1e-6,µmol/l,7.939785074153413e-7
Golimumab,0.5,37,Kd (FcRn),1.07,µmol/l,0.34269066175049295
Golimumab,0.5,37,Target Kd,1.8e-5,µmol/l,1.0384070344817432e-5
Golimumab,0.5,37,koff,0.005583,1/min,0.004120874109992828
Golimumab,0.5,37,kint,0.014433333333333333,1/min,0.0077658801404648994
Golimumab,0.5,37,kdeg,0.0037166666666666667,1/min,0.0036498903637352084
Golimumab,0.5,37,Target reference concentration,1e-6,µmol/l,6.137043905987387e-7
Golimumab,0.5,38,Kd (FcRn),1.07,µmol/l,0.9259482868564859
Golimumab,0.5,38,Target Kd,1.8e-5,µmol/l,1.617825243951915e-5
Golimumab,0.5,38,koff,0.005583,1/min,0.0021504472941075697
Golimumab,0.5,38,kint,0.014433333333333333,1/min,0.009160778783122546
Golimumab,0.5,38,kdeg,0.0037166666666666667,1/min,0.008687151786350888
Golimumab,0.5,38,Target reference concentration,1e-6,µmol/l,8.903172290268849e-7
Golimumab,0.5,39,Kd (FcRn),1.07,µmol/l,0.918798046104835
Golimumab,0.5,39,Target Kd,1.8e-5,µmol/l,1.4245061158256963e-5
Golimumab,0.5,39,koff,0.005583,1/min,0.0026303621015200977
Golimumab,0.5,39,kint,0.014433333333333333,1/min,0.0119746191897127
Golimumab,0.5,39,kdeg,0.0037166666666666667,1/min,0.002319376047686682
Golimumab,0.5,39,Target reference concentration,1e-6,µmol/l,3.471412300727473e-7
Golimumab,0.5,40,Kd (FcRn),1.07,µmol/l,0.6856470042357918
Golimumab,0.5,40,Target Kd,1.8e-5,µmol/l,2.1651235500170248e-5
Golimumab,0.5,40,koff,0.005583,1/min,0.002379715229251417
Golimumab,0.5,40,kint,0.014433333333333333,1/min,0.007840495264224343
Golimumab,0.5,40,kdeg,0.0037166666666666667,1/min,0.0022337564582064137
Golimumab,0.5,40,Target reference concentration,1e-6,µmol/l,1.4897992708634995e-6
Golimumab,0.5,41,Kd (FcRn),1.07,µmol/l,0.7280724533516892
Golimumab,0.5,41,Target Kd,1.8e-5,µmol/l,7.600110788338036e-6
Golimumab,0.5,41,koff,0.005583,1/min,0.010211023991792224
Golimumab,0.5,41,kint,0.014433333333333333,1/min,0.010058792516552553
Golimumab,0.5,41,kdeg,0.0037166666666666667,1/min,0.004365315878133625
Golimumab,0.5,41,Target reference concentration,1e-6,µmol/l,8.059401986334011e-7
Golimumab,0.5,42,Kd (FcRn),1.07,µmol/l,0.9822228697824692
Golimumab,0.5,42,Target Kd,1.8e-5,µmol/l,1.38007715409047e-5
Golimumab,0.5,42,koff,0.005583,1/min,0.005736314144711025
Golimumab,0.5,42,kint,0.014433333333333333,1/min,0.03694990940389088
Golimumab,0.5,42,kdeg,0.0037166666666666667,1/min,0.003140740799326214
Golimumab,0.5,42,Target reference concentration,1e-6,µmol/l,9.14894912159835e-7
Golimumab,0.5,43,Kd (FcRn),1.07,µmol/l,0.7561058637482438
Golimumab,0.5,43,Target Kd,1.8e-5,µmol/l,1.912930040926076e-5
Golimumab,0.5,43,koff,0.005583,1/min,0.001984483324314001
Golimumab,0.5,43,kint,0.014433333333333333,1/min,0.01445649258144082
Golimumab,0.5,43,kdeg,0.0037166666666666667,1/min,0.0016208272765503345
Golimumab,0.5,43,Target reference concentration,1e-6,µmol/l,4.501531917739487e-7
Golimumab,0.5,44,Kd (FcRn),1.07,µmol/l,1.3963539831969283
Golimumab,0.5,44,Target Kd,1.8e-5,µmol/l,1.6585668886806855e-5
Golimumab,0.5,44,koff,0.005583,1/min,0.007043947224668898
Golimumab,0.5,44,kint,0.014433333333333333,1/min,0.012795352599307357
Golimumab,0.5,44,kdeg,0.0037166666666666667,1/min,8.445206402925268e-4
Golimumab,0.5,44,Target reference concentration,1e-6,µmol/l,1.7494097476855853e-6
Golimumab,0.5,45,Kd (FcRn),1.07,µmol/l,1.0267775240853805
Golimumab,0.5,45,Target Kd,1.8e-5,µmol/l,1.7394126812446516e-5
Golimumab,0.5,45,koff,0.005583,1/min,0.002827820466984578
Golimumab,0.5,45,kint,0.014433333333333333,1/min,0.004673690167547737
Golimumab,0.5,45,kdeg,0.0037166666666666667,1/min,0.002006364178775339
Golimumab,0.5,45,Target reference concentration,1e-6,µmol/l,3.7889404461661334e-7
Golimumab,0.5,46,Kd (FcRn),1.07,µmol/l,0.6219786934655461
Golimumab,0.5,46,Target Kd,1.8e-5,µmol/l,1.8101317594112357e-5
Golimumab,0.5,46,koff,0.005583,1/min,0.005170156152579968
Golimumab,0.5,46,kint,0.014433333333333333,1/min,0.020570662475770437
Golimumab,0.5,46,kdeg,0.0037166666666666667,1/min,0.003010591709098706
Golimumab,0.5,46,Target reference concentration,1e-6,µmol/l,5.482397262811655e-7
Golimumab,0.5,47,Kd (FcRn),1.07,µmol/l,0.25220105337704646
Golimumab,0.5,47,Target Kd,1.8e-5,µmol/l,3.4750880941493816e-5
Golimumab,0.5,47,koff,0.005583,1/min,0.004110541355990149
Golimumab,0.5,47,kint,0.014433333333333333,1/min,0.015959704577094082
Golimumab,0.5,47,kdeg,0.0037166666666666667,1/min,0.001354549361745356
Golimumab,0.5,47,Target reference concentration,1e-6,µmol/l,1.4617488563564887e-6
Golimumab,0.5,48,Kd (FcRn),1.07,µmol/l,1.4458151818327658
Golimumab,0.5,48,Target Kd,1.8e-5,µmol/l,1.860177661947383e-5
Golimumab,0.5,48,koff,0.005583,1/min,0.009873562725099577
Golimumab,0.5,48,kint,0.014433333333333333,1/min,0.029494116327813222
Golimumab,0.5,48,kdeg,0.0037166666666666667,1/min,0.0035462750431801814
Golimumab,0.5,48,Target reference concentration,1e-6,µmol/l,1.1814618792117959e-6
Golimumab,0.5,49,Kd (FcRn),1.07,µmol/l,0.15842071957667686
Golimumab,0.5,49,Target Kd,1.8e-5,µmol/l,1.5304194802594013e-5
Golimumab,0.5,49,koff,0.005583,1/min,0.006215876284097455
Golimumab,0.5,49,kint,0.014433333333333333,1/min,0.014788327056135094
Golimumab,0.5,49,kdeg,0.0037166666666666667,1/min,0.00238013324615561
Golimumab,0.5,49,Target reference concentration,1e-6,µmol/l,7.010160318242559e-7
Golimumab,0.5,50,Kd (FcRn),1.07,µmol/l,0.8098290250741765
Golimumab,0.5,50,Target Kd,1.8e-5,µmol/l,1.8640963143594726e-5
Golimumab,0.5,50,koff,0.005583,1/min,0.002433350445616767
Golimumab,0.5,50,kint,0.014433333333333333,1/min,0.014025076324561105
Golimumab,0.5,50,kdeg,0.0037166666666666667,1/min,0.0019043386097228766
Golimumab,0.5,50,Target reference concentration,1e-6,µmol/l,7.596605183279313e-7
Golimumab,0.5,51,Kd (FcRn),1.07,µmol/l,0.6307043198699029
Golimumab,0.5,51,Target Kd,1.8e-5,µmol/l,2.3077017453494504e-5
Golimumab,0.5,51,koff,0.005583,1/min,0.004523448643148321
Golimumab,0.5,51,kint,0.014433333333333333,1/min,0.025321072551204783
Golimumab,0.5,51,kdeg,0.0037166666666666667,1/min,0.0012707683022114952
Golimumab,0.5,51,Target reference concentration,1e-6,µmol/l,4.2285151972434256e-7
Golimumab,0.5,52,Kd (FcRn),1.07,µmol/l,1.0383976960389159
Golimumab,0.5,52,Target Kd,1.8e-5,µmol/l,5.742117425846472e-6
Golimumab,0.5,52,koff,0.005583,1/min,0.0072145988958532085
Golimumab,0.5,52,kint,0.014433333333333333,1/min,0.015147035092850782
Golimumab,0.5,52,kdeg,0.0037166666666666667,1/min,0.004077583957554591
Golimumab,0.5,52,Target reference concentration,1e-6,µmol/l,6.819353826146207e-7
Golimumab,0.5,53,Kd (FcRn),1.07,µmol/l,1.0023224647157103
Golimumab,0.5,53,Target Kd,1.8e-5,µmol/l,2.9064672927890204e-5
Golimumab,0.5,53,koff,0.005583,1/min,0.010295554011416321
Golimumab,0.5,53,kint,0.014433333333333333,1/min,0.014816295045524158
Golimumab,0.5,53,kdeg,0.0037166666666666667,1/min,0.0025895440719583785
Golimumab,0.5,53,Target reference concentration,1e-6,µmol/l,4.64049237034822e-7
Golimumab,0.5,54,Kd (FcRn),1.07,µmol/l,0.43997481443547404
Golimumab,0.5,54,Target Kd,1.8e-5,µmol/l,1.2400426482307354e-5
Golimumab,0.5,54,koff,0.005583,1/min,0.004524714858099778
Golimumab,0.5,54,kint,0.014433333333333333,1/min,0.03222609312431912
Golimumab,0.5,54,kdeg,0.0037166666666666667,1/min,0.0014817501298305614
Golimumab,0.5,54,Target reference concentration,1e-6,µmol/l,2.0788722738474868e-6
Golimumab,0.5,55,Kd (FcRn),1.07,µmol/l,0.8709243361532181
Golimumab,0.5,55,Target Kd,1.8e-5,µmol/l,1.618471252137857e-5
Golimumab,0.5,55,koff,0.005583,1/min,0.014728455299449062
Golimumab,0.5,55,kint,0.014433333333333333,1/min,0.008506758822101158
Golimumab,0.5,55,kdeg,0.0037166666666666667,1/min,0.003634644858279014
Golimumab,0.5,55,Target reference concentration,1e-6,µmol/l,1.949935464236432e-6
Golimumab,0.5,56,Kd (FcRn),1.07,µmol/l,1.0284361532933397
Golimumab,0.5,56,Target Kd,1.8e-5,µmol/l,1.1326320673584398e-5
Golimumab,0.5,56,koff,0.005583,1/min,0.006250391724807077
Golimumab,0.5,56,kint,0.014433333333333333,1/min,0.006445158066415212
Golimumab,0.5,56,kdeg,0.0037166666666666667,1/min,0.0031690480486865815
Golimumab,0.5,56,Target reference concentration,1e-6,µmol/l,4.826636794374691e-7
Golimumab,0.5,57,Kd (FcRn),1.07,µmol/l,1.1658677304356642
Golimumab,0.5,57,Target Kd,1.8e-5,µmol/l,2.4768907617180062e-5
Golimumab,0.5,57,koff,0.005583,1/min,0.006334951674512
Golimumab,0.5,57,kint,0.014433333333333333,1/min,0.0082523723081554
Golimumab,0.5,57,kdeg,0.0037166666666666667,1/min,0.0011109790531107864
Golimumab,0.5,57,Target reference concentration,1e-6,µmol/l,6.062735960292979e-7
Golimumab,0.5,58,Kd (FcRn),1.07,µmol/l,0.6163419479781642
Golimumab,0.5,58,Target Kd,1.8e-5,µmol/l,1.1243398272281834e-5
Golimumab,0.5,58,koff,0.005583,1/min,0.003467144249964575
Golimumab,0.5,58,kint,0.014433333333333333,1/min,0.01694729793151541
Golimumab,0.5,58,kdeg,0.0037166666666666667,1/min,0.0027442087318499384
Golimumab,0.5,58,Target reference concentration,1e-6,µmol/l,9.73604286951788e-7
Golimumab,0.5,59,Kd (FcRn),1.07,µmol/l,0.8845066133049065
Golimumab,0.5,59,Target Kd,1.8e-5,µmol/l,2.466521716613144e-5
Golimumab,0.5,59,koff,0.005583,1/min,0.007243586072906779
Golimumab,0.5,59,kint,0.014433333333333333,1/min,0.008252903558448155
Golimumab,0.5,59,kdeg,0.0037166666666666667,1/min,0.0032147749516222347
Golimumab,0.5,59,Target reference concentration,1e-6,µmol/l,1.5244756738208392e-6
Golimumab,0.5,60,Kd (FcRn),1.07,µmol/l,0.5550232533960341
Golimumab,0.5,60,Target Kd,1.8e-5,µmol/l,7.131540235633304e-6
Golimumab,0.5,60,koff,0.005583,1/min,0.003722810009526556
Golimumab,0.5,60,kint,0.014433333333333333,1/min,0.009135433401072488
Golimumab,0.5,60,kdeg,0.0037166666666666667,1/min,0.004666925317401452
Golimumab,0.5,60,Target reference concentration,1e-6,µmol/l,9.077855228795043e-7
Golimumab,0.5,61,Kd (FcRn),1.07,µmol/l,0.565297433829085
Golimumab,0.5,61,Target Kd,1.8e-5,µmol/l,1.4203759094289567e-5
Golimumab,0.5,61,koff,0.005583,1/min,0.005143299848124369
Golimumab,0.5,61,kint,0.014433333333333333,1/min,0.0067137941523710745
Golimumab,0.5,61,kdeg,0.0037166666666666667,1/min,0.0020969875478795055
Golimumab,0.5,61,Target reference concentration,1e-6,µmol/l,6.337470437408571e-7
Golimumab,0.5,62,Kd (FcRn),1.07,µmol/l,1.1203591585912032
Golimumab,0.5,62,Target Kd,1.8e-5,µmol/l,3.0036425033571176e-5
Golimumab,0.5,62,koff,0.005583,1/min,0.005075270937986753
Golimumab,0.5,62,kint,0.014433333333333333,1/min,0.01188170934053227
Golimumab,0.5,62,kdeg,0.0037166666666666667,1/min,0.003884462627071149
Golimumab,0.5,62,Target reference concentration,1e-6,µmol/l,1.6036573231597674e-6
Golimumab,0.5,63,Kd (FcRn),1.07,µmol/l,0.380849503606351
Golimumab,0.5,63,Target Kd,1.8e-5,µmol/l,1.2992858760111445e-5
Golimumab,0.5,63,koff,0.005583,1/min,0.005269690094969267
Golimumab,0.5,63,kint,0.014433333333333333,1/min,0.017199000179609014
Golimumab,0.5,63,kdeg,0.0037166666666666667,1/min,0.002285216395925488
Golimumab,0.5,63,Target reference concentration,1e-6,µmol/l,4.61438947873864e-7
Golimumab,0.5,64,Kd (FcRn),1.07,µmol/l,0.8474034030130938
Golimumab,0.5,64,Target Kd,1.8e-5,µmol/l,1.0893404465868164e-5
Golimumab,0.5,64,koff,0.005583,1/min,0.004968506292499382
Golimumab,0.5,64,kint,0.014433333333333333,1/min,0.005678669430213573
Golimumab,0.5,64,kdeg,0.0037166666666666667,1/min,0.0034955190829782305
Golimumab,0.5,64,Target reference concentration,1e-6,µmol/l,2.9156027742925196e-6
Golimumab,0.5,65,Kd (FcRn),1.07,µmol/l,2.663360531235909
Golimumab,0.5,65,Target Kd,1.8e-5,µmol/l,1.3292085745751132e-5
Golimumab,0.5,65,koff,0.005583,1/min,0.003339330399209324
Golimumab,0.5,65,kint,0.014433333333333333,1/min,0.011815915781243915
Golimumab,0.5,65,kdeg,0.0037166666666666667,1/min,0.0027328943854325162
Golimumab,0.5,65,Target reference concentration,1e-6,µmol/l,1.492871225541428e-6
Golimumab,0.5,66,Kd (FcRn),1.07,µmol/l,0.47659591830418735
Golimumab,0.5,66,Target Kd,1.8e-5,µmol/l,2.565581850427945e-5
Golimumab,0.5,66,koff,0.005583,1/min,0.0065443953246461985
Golimumab,0.5,66,kint,0.014433333333333333,1/min,0.01771564627260789
Golimumab,0.5,66,kdeg,0.0037166666666666667,1/min,0.004019246531742289
Golimumab,0.5,66,Target reference concentration,1e-6,µmol/l,6.92595333534783e-7
Golimumab,0.5,67,Kd (FcRn),1.07,µmol/l,1.5363798636971129
Golimumab,0.5,67,Target Kd,1.8e-5,µmol/l,1.3898723413120007e-5
Golimumab,0.5,67,koff,0.005583,1/min,0.0028230580763163775
Golimumab,0.5,67,kint,0.014433333333333333,1/min,0.015905531467245448
Golimumab,0.5,67,kdeg,0.0037166666666666667,1/min,0.008067238770264613
Golimumab,0.5,67,Target reference concentration,1e-6,µmol/l,5.884005035386328e-7
Golimumab,0.5,68,Kd (FcRn),1.07,µmol/l,1.9335381382352321
Golimumab,0.5,68,Target Kd,1.8e-5,µmol/l,1.829590086822648e-5
Golimumab,0.5,68,koff,0.005583,1/min,0.0029852977132940185
Golimumab,0.5,68,kint,0.014433333333333333,1/min,0.0167556732407307
Golimumab,0.5,68,kdeg,0.0037166666666666667,1/min,0.005366315903604847
Golimumab,0.5,68,Target reference concentration,1e-6,µmol/l,7.748899889180769e-7
Golimumab,0.5,69,Kd (FcRn),1.07,µmol/l,0.7881029287975464
Golimumab,0.5,69,Target Kd,1.8e-5,µmol/l,1.0940613715140617e-5
Golimumab,0.5,69,koff,0.005583,1/min,0.0030645235917776035
Golimumab,0.5,69,kint,0.014433333333333333,1/min,0.018181231280167725
Golimumab,0.5,69,kdeg,0.0037166666666666667,1/min,0.004478336653379563
Golimumab,0.5,69,Target reference concentration,1e-6,µmol/l,6.57680736422406e-7
Golimumab,0.5,70,Kd (FcRn),1.07,µmol/l,0.6183632127392231
Golimumab,0.5,70,Target Kd,1.8e-5,µmol/l,2.081118626408471e-5
Golimumab,0.5,70,koff,0.005583,1/min,0.0040217360941002785
Golimumab,0.5,70,kint,0.014433333333333333,1/min,0.008499114337461642
Golimumab,0.5,70,kdeg,0.0037166666666666667,1/min,0.005752658604885794
Golimumab,0.5,70,Target reference concentration,1e-6,µmol/l,1.032384945809342e-6
Golimumab,0.5,71,Kd (FcRn),1.07,µmol/l,1.2687207173047919
Golimumab,0.5,71,Target Kd,1.8e-5,µmol/l,1.4466289184405822e-5
Golimumab,0.5,71,koff,0.005583,1/min,0.003661657381355659
Golimumab,0.5,71,kint,0.014433333333333333,1/min,0.005271022639104134
Golimumab,0.5,71,kdeg,0.0037166666666666667,1/min,0.004570218179093009
Golimumab,0.5,71,Target reference concentration,1e-6,µmol/l,1.8071914364192537e-6
Golimumab,0.5,72,Kd (FcRn),1.07,µmol/l,1.1470814848800792
Golimumab,0.5,72,Target Kd,1.8e-5,µmol/l,1.3300246389255274e-5
Golimumab,0.5,72,koff,0.005583,1/min,0.006263672192708707
Golimumab,0.5,72,kint,0.014433333333333333,1/min,0.010890782272477717
Golimumab,0.5,72,kdeg,0.0037166666666666667,1/min,0.005165473244800765
Golimumab,0.5,72,Target reference concentration,1e-6,µmol/l,2.0658131967948767e-6
Golimumab,0.5,73,Kd (FcRn),1.07,µmol/l,0.4508987037614042
Golimumab,0.5,73,Target Kd,1.8e-5,µmol/l,1.5798767090452143e-5
Golimumab,0.5,73,koff,0.005583,1/min,0.005877460227019144
Golimumab,0.5,73,kint,0.014433333333333333,1/min,0.012066476360484238
Golimumab,0.5,73,kdeg,0.0037166666666666667,1/min,0.0020042530240695225
Golimumab,0.5,73,Target reference concentration,1e-6,µmol/l,6.418061011962801e-7
Golimumab,0.5,74,Kd (FcRn),1.07,µmol/l,1.1961477748394709
Golimumab,0.5,74,Target Kd,1.8e-5,µmol/l,2.3538874252670746e-5
Golimumab,0.5,74,koff,0.005583,1/min,0.004725909159606318
Golimumab,0.5,74,kint,0.014433333333333333,1/min,0.014475136459538736
Golimumab,0.5,74,kdeg,0.0037166666666666667,1/min,0.0031175863294345906
Golimumab,0.5,74,Target reference concentration,1e-6,µmol/l,9.70254175305682e-7
Golimumab,0.5,75,Kd (FcRn),1.07,µmol/l,1.2417572728559487
Golimumab,0.5,75,Target Kd,1.8e-5,µmol/l,1.6248382369296833e-5
Golimumab,0.5,75,koff,0.005583,1/min,0.004088972696388538
Golimumab,0.5,75,kint,0.014433333333333333,1/min,0.009343401252305822
Golimumab,0.5,75,kdeg,0.0037166666666666667,1/min,0.006057183011609743
Golimumab,0.5,75,Target reference concentration,1e-6,µmol/l,9.173722741735812e-7
Golimumab,0.5,76,Kd (FcRn),1.07,µmol/l,1.135392529702699
Golimumab,0.5,76,Target Kd,1.8e-5,µmol/l,1.7738551794608024e-5
Golimumab,0.5,76,koff,0.005583,1/min,0.0050880520095264925
Golimumab,0.5,76,kint,0.014433333333333333,1/min,0.014984790537384418
Golimumab,0.5,76,kdeg,0.0037166666666666667,1/min,0.00434053067160131
Golimumab,0.5,76,Target reference concentration,1e-6,µmol/l,9.752503757486815e-7
Golimumab,0.5,77,Kd (FcRn),1.07,µmol/l,0.8822021341097821
Golimumab,0.5,77,Target Kd,1.8e-5,µmol/l,1.3369990314471258e-5
Golimumab,0.5,77,koff,0.005583,1/min,0.0027276106276771035
Golimumab,0.5,77,kint,0.014433333333333333,1/min,0.013206104001618901
Golimumab,0.5,77,kdeg,0.0037166666666666667,1/min,0.005691274757042628
Golimumab,0.5,77,Target reference concentration,1e-6,µmol/l,8.366068996760031e-7
Golimumab,0.5,78,Kd (FcRn),1.07,µmol/l,1.1113577407243278
Golimumab,0.5,78,Target Kd,1.8e-5,µmol/l,1.3870782803097748e-5
Golimumab,0.5,78,koff,0.005583,1/min,0.004405889735181153
Golimumab,0.5,78,kint,0.014433333333333333,1/min,0.013921517949837167
Golimumab,0.5,78,kdeg,0.0037166666666666667,1/min,0.008228033306253893
Golimumab,0.5,78,Target reference concentration,1e-6,µmol/l,8.611803735641284e-7
Golimumab,0.5,79,Kd (FcRn),1.07,µmol/l,2.5762197618675864
Golimumab,0.5,79,Target Kd,1.8e-5,µmol/l,1.993178893541848e-5
Golimumab,0.5,79,koff,0.005583,1/min,0.006182384713262339
Golimumab,0.5,79,kint,0.014433333333333333,1/min,0.028160545921782347
Golimumab,0.5,79,kdeg,0.0037166666666666667,1/min,0.004194944158222367
Golimumab,0.5,79,Target reference concentration,1e-6,µmol/l,7.510893117940872e-7
Golimumab,0.5,80,Kd (FcRn),1.07,µmol/l,1.0161586272262657
Golimumab,0.5,80,Target Kd,1.8e-5,µmol/l,1.7659286178771718e-5
Golimumab,0.5,80,koff,0.005583,1/min,0.004671276497134702
Golimumab,0.5,80,kint,0.014433333333333333,1/min,0.012941078313789923
Golimumab,0.5,80,kdeg,0.0037166666666666667,1/min,0.003897020669644825
Golimumab,0.5,80,Target reference concentration,1e-6,µmol/l,1.03136581702123e-6
Golimumab,0.5,81,Kd (FcRn),1.07,µmol/l,1.8350276913571824
Golimumab,0.5,81,Target Kd,1.8e-5,µmol/l,8.698354716270085e-6
Golimumab,0.5,81,koff,0.005583,1/min,0.00269358842296048
Golimumab,0.5,81,kint,0.014433333333333333,1/min,0.007782258166343845
Golimumab,0.5,81,kdeg,0.0037166666666666667,1/min,0.005306521244425175
Golimumab,0.5,81,Target reference concentration,1e-6,µmol/l,1.3773249610320284e-6
Golimumab,0.5,82,Kd (FcRn),1.07,µmol/l,0.7505449833431784
Golimumab,0.5,82,Target Kd,1.8e-5,µmol/l,5.152918558460463e-6
Golimumab,0.5,82,koff,0.005583,1/min,0.0036038111308605257
Golimumab,0.5,82,kint,0.014433333333333333,1/min,0.016640608044977603
Golimumab,0.5,82,kdeg,0.0037166666666666667,1/min,0.0019939838256776143
Golimumab,0.5,82,Target reference concentration,1e-6,µmol/l,1.6062559854253508e-6
Golimumab,0.5,83,Kd (FcRn),1.07,µmol/l,1.3712883756337777
Golimumab,0.5,83,Target Kd,1.8e-5,µmol/l,1.2064701276940913e-5
Golimumab,0.5,83,koff,0.005583,1/min,0.00691966271296316
Golimumab,0.5,83,kint,0.014433333333333333,1/min,0.011480202773795415
Golimumab,0.5,83,kdeg,0.0037166666666666667,1/min,0.004379493028612231
Golimumab,0.5,83,Target reference concentration,1e-6,µmol/l,3.9737813093577746e-7
Golimumab,0.5,84,Kd (FcRn),1.07,µmol/l,0.8261799483670835
Golimumab,0.5,84,Target Kd,1.8e-5,µmol/l,2.3658723923619997e-5
Golimumab,0.5,84,koff,0.005583,1/min,0.0021599409056384695
Golimumab,0.5,84,kint,0.014433333333333333,1/min,0.010145300369849418
Golimumab,0.5,84,kdeg,0.0037166666666666667,1/min,0.0034752909278121524
Golimumab,0.5,84,Target reference concentration,1e-6,µmol/l,6.383258866649862e-7
Golimumab,0.5,85,Kd (FcRn),1.07,µmol/l,1.5113035755599362
Golimumab,0.5,85,Target Kd,1.8e-5,µmol/l,8.539498362336461e-6
Golimumab,0.5,85,koff,0.005583,1/min,0.0050081836213333834
Golimumab,0.5,85,kint,0.014433333333333333,1/min,0.02069684177365996
Golimumab,0.5,85,kdeg,0.0037166666666666667,1/min,0.0019324943581406
Golimumab,0.5,85,Target reference concentration,1e-6,µmol/l,1.124702543120881e-6
Golimumab,0.5,86,Kd (FcRn),1.07,µmol/l,1.7513451562153055
Golimumab,0.5,86,Target Kd,1.8e-5,µmol/l,1.4745587478570806e-5
Golimumab,0.5,86,koff,0.005583,1/min,0.0026291484491719436
Golimumab,0.5,86,kint,0.014433333333333333,1/min,0.01290879239741255
Golimumab,0.5,86,kdeg,0.0037166666666666667,1/min,0.0047025518533038435
Golimumab,0.5,86,Target reference concentration,1e-6,µmol/l,1.0203067722631028e-6
Golimumab,0.5,87,Kd (FcRn),1.07,µmol/l,0.3152683098014311
Golimumab,0.5,87,Target Kd,1.8e-5,µmol/l,2.6330935129217222e-5
Golimumab,0.5,87,koff,0.005583,1/min,0.002966076548612727
Golimumab,0.5,87,kint,0.014433333333333333,1/min,0.012204363111542604
Golimumab,0.5,87,kdeg,0.0037166666666666667,1/min,0.0061546650798717985
Golimumab,0.5,87,Target reference concentration,1e-6,µmol/l,1.1257165853651324e-6
Golimumab,0.5,88,Kd (FcRn),1.07,µmol/l,0.611975466813428
Golimumab,0.5,88,Target Kd,1.8e-5,µmol/l,1.53504134040519e-5
Golimumab,0.5,88,koff,0.005583,1/min,0.005949811877210221
Golimumab,0.5,88,kint,0.014433333333333333,1/min,0.012471174243659696
Golimumab,0.5,88,kdeg,0.0037166666666666667,1/min,0.00214493445890976
Golimumab,0.5,88,Target reference concentration,1e-6,µmol/l,1.008858311085182e-6
Golimumab,0.5,89,Kd (FcRn),1.07,µmol/l,0.761611226354122
Golimumab,0.5,89,Target Kd,1.8e-5,µmol/l,9.180159706445162e-6
Golimumab,0.5,89,koff,0.005583,1/min,0.0028870263676765524
Golimumab,0.5,89,kint,0.014433333333333333,1/min,0.009196920820486664
Golimumab,0.5,89,kdeg,0.0037166666666666667,1/min,0.004063224226046464
Golimumab,0.5,89,Target reference concentration,1e-6,µmol/l,1.71962590290111e-6
Golimumab,0.5,90,Kd (FcRn),1.07,µmol/l,0.6057244464075371
Golimumab,0.5,90,Target Kd,1.8e-5,µmol/l,1.1238611153534427e-5
Golimumab,0.5,90,koff,0.005583,1/min,0.005486697090518735
Golimumab,0.5,90,kint,0.014433333333333333,1/min,0.023162177725486226
Golimumab,0.5,90,kdeg,0.0037166666666666667,1/min,0.0013634400857173816
Golimumab,0.5,90,Target reference concentration,1e-6,µmol/l,1.0229155144363634e-6
Golimumab,0.5,91,Kd (FcRn),1.07,µmol/l,0.7663728742730049
Golimumab,0.5,91,Target Kd,1.8e-5,µmol/l,9.436093907186061e-6
Golimumab,0.5,91,koff,0.005583,1/min,0.005341921596485987
Golimumab,0.5,91,kint,0.014433333333333333,1/min,0.01537096572621841
Golimumab,0.5,91,kdeg,0.0037166666666666667,1/min,0.00563399568691342
Golimumab,0.5,91,Target reference concentration,1e-6,µmol/l,4.4567638127367423e-7
Golimumab,0.5,92,Kd (FcRn),1.07,µmol/l,1.1602980563105187
Golimumab,0.5,92,Target Kd,1.8e-5,µmol/l,1.6373195991847183e-5
Golimumab,0.5,92,koff,0.005583,1/min,0.007700463974359277
Golimumab,0.5,92,kint,0.014433333333333333,1/min,0.031711260928837366
Golimumab,0.5,92,kdeg,0.0037166666666666667,1/min,0.0016474858230599207
Golimumab,0.5,92,Target reference concentration,1e-6,µmol/l,6.654005530903276e-7
Golimumab,0.5,93,Kd (FcRn),1.07,µmol/l,1.3641235150074467
Golimumab,0.5,93,Target Kd,1.8e-5,µmol/l,1.6793622804592963e-5
Golimumab,0.5,93,koff,0.005583,1/min,0.003921196606113131
Golimumab,0.5,93,kint,0.014433333333333333,1/min,0.006096418236770382
Golimumab,0.5,93,kdeg,0.0037166666666666667,1/min,0.002496124029196207
Golimumab,0.5,93,Target reference concentration,1e-6,µmol/l,4.369544994855748e-7
Golimumab,0.5,94,Kd (FcRn),1.07,µmol/l,1.0602382292684283
Golimumab,0.5,94,Target Kd,1.8e-5,µmol/l,6.817146007961609e-6
Golimumab,0.5,94,koff,0.005583,1/min,0.00356847120313358
Golimumab,0.5,94,kint,0.014433333333333333,1/min,0.016058444515261745
Golimumab,0.5,94,kdeg,0.0037166666666666667,1/min,0.0066362405802813185
Golimumab,0.5,94,Target reference concentration,1e-6,µmol/l,7.021977018217314e-7
Golimumab,0.5,95,Kd (FcRn),1.07,µmol/l,1.1222383875160102
Golimumab,0.5,95,Target Kd,1.8e-5,µmol/l,1.6098126909902984e-5
Golimumab,0.5,95,koff,0.005583,1/min,0.003405373403426985
Golimumab,0.5,95,kint,0.014433333333333333,1/min,0.00614230797052027
Golimumab,0.5,95,kdeg,0.0037166666666666667,1/min,0.006121443064761327
Golimumab,0.5,95,Target reference concentration,1e-6,µmol/l,5.638304429238911e-7
Golimumab,0.5,96,Kd (FcRn),1.07,µmol/l,1.1603150489599248
Golimumab,0.5,96,Target Kd,1.8e-5,µmol/l,1.5965947437731558e-5
Golimumab,0.5,96,koff,0.005583,1/min,0.00919078439271955
Golimumab,0.5,96,kint,0.014433333333333333,1/min,0.0184804518595165
Golimumab,0.5,96,kdeg,0.0037166666666666667,1/min,0.0021744095750372886
Golimumab,0.5,96,Target reference concentration,1e-6,µmol/l,1.0905448028426054e-6
Golimumab,0.5,97,Kd (FcRn),1.07,µmol/l,1.0589459969933481
Golimumab,0.5,97,Target Kd,1.8e-5,µmol/l,8.714732507123554e-6
Golimumab,0.5,97,koff,0.005583,1/min,0.009387390983850366
Golimumab,0.5,97,kint,0.014433333333333333,1/min,0.017762997000476496
Golimumab,0.5,97,kdeg,0.0037166666666666667,1/min,0.003953927071129813
Golimumab,0.5,97,Target reference concentration,1e-6,µmol/l,8.923833290625824e-7
Golimumab,0.5,98,Kd (FcRn),1.07,µmol/l,0.9916901951400983
Golimumab,0.5,98,Target Kd,1.8e-5,µmol/l,7.022703565491311e-6
Golimumab,0.5,98,koff,0.005583,1/min,0.006107476132201163
Golimumab,0.5,98,kint,0.014433333333333333,1/min,0.013953245099359789
Golimumab,0.5,98,kdeg,0.0037166666666666667,1/min,0.002678605144815592
Golimumab,0.5,98,Target reference concentration,1e-6,µmol/l,5.489101072080993e-7
Golimumab,0.5,99,Kd (FcRn),1.07,µmol/l,1.9748134417263963
Golimumab,0.5,99,Target Kd,1.8e-5,µmol/l,1.2596187970950163e-5
Golimumab,0.5,99,koff,0.005583,1/min,0.0018828220978826815
Golimumab,0.5,99,kint,0.014433333333333333,1/min,0.008118617878014595
Golimumab,0.5,99,kdeg,0.0037166666666666667,1/min,0.0067595730992760245
Golimumab,0.5,99,Target reference concentration,1e-6,µmol/l,8.969204259723186e-7
Golimumab,0.5,100,Kd (FcRn),1.07,µmol/l,1.2041311543639162
Golimumab,0.5,100,Target Kd,1.8e-5,µmol/l,9.01257956724545e-6
Golimumab,0.5,100,koff,0.005583,1/min,0.0034182967644482637
Golimumab,0.5,100,kint,0.014433333333333333,1/min,0.01726615257641953
Golimumab,0.5,100,kdeg,0.0037166666666666667,1/min,0.001625426793537807
Golimumab,0.5,100,Target reference concentration,1e-6,µmol/l,3.4071994745004387e-7
