Molecule,Variability_CV,PopulationIndividualId,Monkey_index,BodyWeight_kg,Target_population_seed,Target_center_internal,Target_center_display,Target_display_unit,Target_reference_concentration_internal,Target_reference_concentration_display
Golimumab,0.3,0,1,5.80231537055332,20261920,1e-6,1e-6,µmol/l,9.855118941094384e-7,9.855118941094384e-7
Golimumab,0.3,1,2,5.645638146738351,20261920,1e-6,1e-6,µmol/l,1.4248870978590953e-6,1.4248870978590953e-6
Golimumab,0.3,2,3,6.300247033732127,20261920,1e-6,1e-6,µmol/l,9.904108487068541e-7,9.904108487068541e-7
Golimumab,0.3,3,4,4.943502088051058,20261920,1e-6,1e-6,µmol/l,9.152343573113305e-7,9.152343573113305e-7
Golimumab,0.3,4,5,3.836304005624867,20261920,1e-6,1e-6,µmol/l,1.7016536343514783e-6,1.7016536343514783e-6
Golimumab,0.3,5,6,3.937432529841285,20261920,1e-6,1e-6,µmol/l,8.564467486560712e-7,8.564467486560712e-7
Golimumab,0.3,6,7,4.453095805576582,20261920,1e-6,1e-6,µmol/l,5.810147654284655e-7,5.810147654284655e-7
Golimumab,0.3,7,8,4.964697302302671,20261920,1e-6,1e-6,µmol/l,1.0330206897080358e-6,1.0330206897080358e-6
Golimumab,0.3,8,9,3.094345459758465,20261920,1e-6,1e-6,µmol/l,1.617360569820322e-6,1.617360569820322e-6
Golimumab,0.3,9,10,4.5767794910710204,20261920,1e-6,1e-6,µmol/l,1.0836725589395538e-6,1.0836725589395538e-6
Golimumab,0.3,10,11,6.373423207259467,20261920,1e-6,1e-6,µmol/l,1.2457739599872174e-6,1.2457739599872174e-6
Golimumab,0.3,11,12,5.412919010227973,20261920,1e-6,1e-6,µmol/l,8.018321340850638e-7,8.018321340850638e-7
Golimumab,0.3,12,13,6.4101888851310065,20261920,1e-6,1e-6,µmol/l,8.160499347379145e-7,8.160499347379145e-7
Golimumab,0.3,13,14,4.3571936792494705,20261920,1e-6,1e-6,µmol/l,1.0202554389412655e-6,1.0202554389412655e-6
Golimumab,0.3,14,15,4.023366939753,20261920,1e-6,1e-6,µmol/l,7.218246734320785e-7,7.218246734320785e-7
Golimumab,0.3,15,16,4.2959051790162475,20261920,1e-6,1e-6,µmol/l,5.861621090685242e-7,5.861621090685242e-7
Golimumab,0.3,16,17,6.73380293684723,20261920,1e-6,1e-6,µmol/l,1.07953566265733e-6,1.07953566265733e-6
Golimumab,0.3,17,18,3.5633907488376786,20261920,1e-6,1e-6,µmol/l,1.238777837346374e-6,1.238777837346374e-6
Golimumab,0.3,18,19,5.3290953330365465,20261920,1e-6,1e-6,µmol/l,8.725093123824435e-7,8.725093123824435e-7
Golimumab,0.3,19,20,3.293491723152572,20261920,1e-6,1e-6,µmol/l,1.0252313465190708e-6,1.0252313465190708e-6
Golimumab,0.3,20,21,3.1172473040024036,20261920,1e-6,1e-6,µmol/l,1.1427812017384393e-6,1.1427812017384393e-6
Golimumab,0.3,21,22,6.219449523472904,20261920,1e-6,1e-6,µmol/l,8.636499171558889e-7,8.636499171558889e-7
Golimumab,0.3,22,23,6.269255285742347,20261920,1e-6,1e-6,µmol/l,6.082808487305921e-7,6.082808487305921e-7
Golimumab,0.3,23,24,5.386554110043941,20261920,1e-6,1e-6,µmol/l,1.382671041709975e-6,1.382671041709975e-6
Golimumab,0.3,24,25,5.088779761497294,20261920,1e-6,1e-6,µmol/l,1.0623406572522682e-6,1.0623406572522682e-6
Golimumab,0.3,25,26,4.613898054516829,20261920,1e-6,1e-6,µmol/l,7.498404369438991e-7,7.498404369438991e-7
Golimumab,0.3,26,27,3.897526057855006,20261920,1e-6,1e-6,µmol/l,9.591263040656075e-7,9.591263040656075e-7
Golimumab,0.3,27,28,4.483172927742439,20261920,1e-6,1e-6,µmol/l,9.643070501025827e-7,9.643070501025827e-7
Golimumab,0.3,28,29,5.742117436016966,20261920,1e-6,1e-6,µmol/l,7.478230537787722e-7,7.478230537787722e-7
Golimumab,0.3,29,30,5.0572699336601765,20261920,1e-6,1e-6,µmol/l,1.546429356354386e-6,1.546429356354386e-6
Golimumab,0.3,30,31,5.028069273581761,20261920,1e-6,1e-6,µmol/l,1.0269384338733577e-6,1.0269384338733577e-6
Golimumab,0.3,31,32,5.960978870727577,20261920,1e-6,1e-6,µmol/l,7.842331820709571e-7,7.842331820709571e-7
Golimumab,0.3,32,33,4.636811110021924,20261920,1e-6,1e-6,µmol/l,5.545249572781621e-7,5.545249572781621e-7
Golimumab,0.3,33,34,6.442742468529726,20261920,1e-6,1e-6,µmol/l,1.0040731888331014e-6,1.0040731888331014e-6
Golimumab,0.3,34,35,4.805577891788249,20261920,1e-6,1e-6,µmol/l,7.191399530253933e-7,7.191399530253933e-7
Golimumab,0.3,35,36,6.229859456061321,20261920,1e-6,1e-6,µmol/l,1.1689340210961914e-6,1.1689340210961914e-6
Golimumab,0.3,36,37,3.905497357670915,20261920,1e-6,1e-6,µmol/l,6.520798984233491e-7,6.520798984233491e-7
Golimumab,0.3,37,38,5.920436854902858,20261920,1e-6,1e-6,µmol/l,6.742057670321401e-7,6.742057670321401e-7
Golimumab,0.3,38,39,4.59635845459828,20261920,1e-6,1e-6,µmol/l,1.4926031917461174e-6,1.4926031917461174e-6
Golimumab,0.3,39,40,3.563313428574853,20261920,1e-6,1e-6,µmol/l,1.24054709389704e-6,1.24054709389704e-6
Golimumab,0.3,40,41,6.500568756601104,20261920,1e-6,1e-6,µmol/l,1.2526368265508315e-6,1.2526368265508315e-6
Golimumab,0.3,41,42,6.943693401265748,20261920,1e-6,1e-6,µmol/l,1.2230068047181364e-6,1.2230068047181364e-6
Golimumab,0.3,42,43,3.1443358753548636,20261920,1e-6,1e-6,µmol/l,8.471160052091628e-7,8.471160052091628e-7
Golimumab,0.3,43,44,6.703953673925228,20261920,1e-6,1e-6,µmol/l,1.1031394388062447e-6,1.1031394388062447e-6
Golimumab,0.3,44,45,4.372320824010446,20261920,1e-6,1e-6,µmol/l,1.1382013109988965e-6,1.1382013109988965e-6
Golimumab,0.3,45,46,3.8454700358423737,20261920,1e-6,1e-6,µmol/l,7.098424641763771e-7,7.098424641763771e-7
Golimumab,0.3,46,47,3.9426268641569773,20261920,1e-6,1e-6,µmol/l,8.095768315449441e-7,8.095768315449441e-7
Golimumab,0.3,47,48,6.535082317672242,20261920,1e-6,1e-6,µmol/l,7.198955889406045e-7,7.198955889406045e-7
Golimumab,0.3,48,49,4.905895364426961,20261920,1e-6,1e-6,µmol/l,1.023294615303767e-6,1.023294615303767e-6
Golimumab,0.3,49,50,3.5711118693328983,20261920,1e-6,1e-6,µmol/l,1.2315949845948846e-6,1.2315949845948846e-6
Golimumab,0.6,0,1,5.80231537055332,20261921,1e-6,1e-6,µmol/l,1.740809021696325e-6,1.740809021696325e-6
Golimumab,0.6,1,2,5.645638146738351,20261921,1e-6,1e-6,µmol/l,9.152291753137711e-7,9.152291753137712e-7
Golimumab,0.6,2,3,6.300247033732127,20261921,1e-6,1e-6,µmol/l,8.091578469713925e-7,8.091578469713925e-7
Golimumab,0.6,3,4,4.943502088051058,20261921,1e-6,1e-6,µmol/l,9.469527803755972e-7,9.469527803755972e-7
Golimumab,0.6,4,5,3.836304005624867,20261921,1e-6,1e-6,µmol/l,3.8732412086473426e-7,3.8732412086473426e-7
Golimumab,0.6,5,6,3.937432529841285,20261921,1e-6,1e-6,µmol/l,8.165286737935426e-7,8.165286737935426e-7
Golimumab,0.6,6,7,4.453095805576582,20261921,1e-6,1e-6,µmol/l,1.1442125744930126e-6,1.1442125744930126e-6
Golimumab,0.6,7,8,4.964697302302671,20261921,1e-6,1e-6,µmol/l,9.768422218052228e-7,9.768422218052228e-7
Golimumab,0.6,8,9,3.094345459758465,20261921,1e-6,1e-6,µmol/l,2.4768723438012416e-6,2.4768723438012416e-6
Golimumab,0.6,9,10,4.5767794910710204,20261921,1e-6,1e-6,µmol/l,5.561582702271618e-7,5.561582702271618e-7
Golimumab,0.6,10,11,6.373423207259467,20261921,1e-6,1e-6,µmol/l,4.5696902147781297e-7,4.569690214778129e-7
Golimumab,0.6,11,12,5.412919010227973,20261921,1e-6,1e-6,µmol/l,8.004090812302069e-7,8.004090812302069e-7
Golimumab,0.6,12,13,6.4101888851310065,20261921,1e-6,1e-6,µmol/l,1.2729055210867543e-6,1.2729055210867543e-6
Golimumab,0.6,13,14,4.3571936792494705,20261921,1e-6,1e-6,µmol/l,5.06726668254205e-7,5.06726668254205e-7
Golimumab,0.6,14,15,4.023366939753,20261921,1e-6,1e-6,µmol/l,9.71788775261633e-7,9.71788775261633e-7
Golimumab,0.6,15,16,4.2959051790162475,20261921,1e-6,1e-6,µmol/l,3.087831352281385e-7,3.087831352281385e-7
Golimumab,0.6,16,17,6.73380293684723,20261921,1e-6,1e-6,µmol/l,4.898228346577804e-7,4.898228346577804e-7
Golimumab,0.6,17,18,3.5633907488376786,20261921,1e-6,1e-6,µmol/l,2.169179515490068e-6,2.169179515490068e-6
Golimumab,0.6,18,19,5.3290953330365465,20261921,1e-6,1e-6,µmol/l,6.666404420451769e-7,6.666404420451769e-7
Golimumab,0.6,19,20,3.293491723152572,20261921,1e-6,1e-6,µmol/l,1.228078916840142e-6,1.228078916840142e-6
Golimumab,0.6,20,21,3.1172473040024036,20261921,1e-6,1e-6,µmol/l,5.846913837549372e-7,5.846913837549372e-7
Golimumab,0.6,21,22,6.219449523472904,20261921,1e-6,1e-6,µmol/l,1.7239842508904558e-6,1.7239842508904558e-6
Golimumab,0.6,22,23,6.269255285742347,20261921,1e-6,1e-6,µmol/l,5.041444689961806e-7,5.041444689961806e-7
Golimumab,0.6,23,24,5.386554110043941,20261921,1e-6,1e-6,µmol/l,9.631193828745521e-7,9.631193828745521e-7
Golimumab,0.6,24,25,5.088779761497294,20261921,1e-6,1e-6,µmol/l,1.4774196556798692e-6,1.4774196556798692e-6
Golimumab,0.6,25,26,4.613898054516829,20261921,1e-6,1e-6,µmol/l,1.447017310958393e-6,1.447017310958393e-6
Golimumab,0.6,26,27,3.897526057855006,20261921,1e-6,1e-6,µmol/l,8.137945957691019e-7,8.137945957691019e-7
Golimumab,0.6,27,28,4.483172927742439,20261921,1e-6,1e-6,µmol/l,3.816799374177929e-7,3.816799374177929e-7
Golimumab,0.6,28,29,5.742117436016966,20261921,1e-6,1e-6,µmol/l,4.954249899122082e-7,4.954249899122082e-7
Golimumab,0.6,29,30,5.0572699336601765,20261921,1e-6,1e-6,µmol/l,9.600894728057628e-7,9.600894728057628e-7
Golimumab,0.6,30,31,5.028069273581761,20261921,1e-6,1e-6,µmol/l,4.5642446726000916e-7,4.5642446726000916e-7
Golimumab,0.6,31,32,5.960978870727577,20261921,1e-6,1e-6,µmol/l,1.2200309495441286e-6,1.2200309495441286e-6
Golimumab,0.6,32,33,4.636811110021924,20261921,1e-6,1e-6,µmol/l,6.197736926163434e-7,6.197736926163434e-7
Golimumab,0.6,33,34,6.442742468529726,20261921,1e-6,1e-6,µmol/l,1.416579646144602e-6,1.416579646144602e-6
Golimumab,0.6,34,35,4.805577891788249,20261921,1e-6,1e-6,µmol/l,1.2075759131313905e-6,1.2075759131313905e-6
Golimumab,0.6,35,36,6.229859456061321,20261921,1e-6,1e-6,µmol/l,7.994033453199279e-7,7.994033453199279e-7
Golimumab,0.6,36,37,3.905497357670915,20261921,1e-6,1e-6,µmol/l,9.458666193922646e-7,9.458666193922645e-7
Golimumab,0.6,37,38,5.920436854902858,20261921,1e-6,1e-6,µmol/l,8.69883033382244e-7,8.69883033382244e-7
Golimumab,0.6,38,39,4.59635845459828,20261921,1e-6,1e-6,µmol/l,4.944444523680398e-7,4.944444523680398e-7
Golimumab,0.6,39,40,3.563313428574853,20261921,1e-6,1e-6,µmol/l,6.386155688714597e-7,6.386155688714597e-7
Golimumab,0.6,40,41,6.500568756601104,20261921,1e-6,1e-6,µmol/l,4.993364974640284e-7,4.993364974640284e-7
Golimumab,0.6,41,42,6.943693401265748,20261921,1e-6,1e-6,µmol/l,8.623697916863179e-7,8.623697916863179e-7
Golimumab,0.6,42,43,3.1443358753548636,20261921,1e-6,1e-6,µmol/l,2.6881949312096837e-6,2.6881949312096837e-6
Golimumab,0.6,43,44,6.703953673925228,20261921,1e-6,1e-6,µmol/l,1.997851039095922e-6,1.997851039095922e-6
Golimumab,0.6,44,45,4.372320824010446,20261921,1e-6,1e-6,µmol/l,2.7602228204497834e-6,2.7602228204497834e-6
Golimumab,0.6,45,46,3.8454700358423737,20261921,1e-6,1e-6,µmol/l,6.589480230073173e-7,6.589480230073173e-7
Golimumab,0.6,46,47,3.9426268641569773,20261921,1e-6,1e-6,µmol/l,6.560351553277792e-7,6.560351553277792e-7
Golimumab,0.6,47,48,6.535082317672242,20261921,1e-6,1e-6,µmol/l,5.414361812694202e-7,5.414361812694202e-7
Golimumab,0.6,48,49,4.905895364426961,20261921,1e-6,1e-6,µmol/l,1.0078657393847379e-6,1.0078657393847379e-6
Golimumab,0.6,49,50,3.5711118693328983,20261921,1e-6,1e-6,µmol/l,6.663857431014257e-7,6.663857431014257e-7
Nivolumab,0.3,0,1,5.80231537055332,20262020,1.66e-5,1.66e-5,µmol/l,1.1971444940945912e-5,1.1971444940945912e-5
Nivolumab,0.3,1,2,5.645638146738351,20262020,1.66e-5,1.66e-5,µmol/l,2.5817142035073055e-5,2.5817142035073055e-5
Nivolumab,0.3,2,3,6.300247033732127,20262020,1.66e-5,1.66e-5,µmol/l,2.406526194691205e-5,2.406526194691205e-5
Nivolumab,0.3,3,4,4.943502088051058,20262020,1.66e-5,1.66e-5,µmol/l,1.3280956326609238e-5,1.3280956326609238e-5
Nivolumab,0.3,4,5,3.836304005624867,20262020,1.66e-5,1.66e-5,µmol/l,1.361871617052342e-5,1.361871617052342e-5
Nivolumab,0.3,5,6,3.937432529841285,20262020,1.66e-5,1.66e-5,µmol/l,1.3668766016991812e-5,1.3668766016991812e-5
Nivolumab,0.3,6,7,4.453095805576582,20262020,1.66e-5,1.66e-5,µmol/l,2.0256379441087356e-5,2.0256379441087356e-5
Nivolumab,0.3,7,8,4.964697302302671,20262020,1.66e-5,1.66e-5,µmol/l,1.8297034363936743e-5,1.8297034363936743e-5
Nivolumab,0.3,8,9,3.094345459758465,20262020,1.66e-5,1.66e-5,µmol/l,1.5493911464020733e-5,1.5493911464020733e-5
Nivolumab,0.3,9,10,4.5767794910710204,20262020,1.66e-5,1.66e-5,µmol/l,1.4128513064936521e-5,1.4128513064936523e-5
Nivolumab,0.3,10,11,6.373423207259467,20262020,1.66e-5,1.66e-5,µmol/l,1.057093538372199e-5,1.057093538372199e-5
Nivolumab,0.3,11,12,5.412919010227973,20262020,1.66e-5,1.66e-5,µmol/l,1.555895811727711e-5,1.555895811727711e-5
Nivolumab,0.3,12,13,6.4101888851310065,20262020,1.66e-5,1.66e-5,µmol/l,9.893103211604085e-6,9.893103211604085e-6
Nivolumab,0.3,13,14,4.3571936792494705,20262020,1.66e-5,1.66e-5,µmol/l,1.9540028432808797e-5,1.9540028432808797e-5
Nivolumab,0.3,14,15,4.023366939753,20262020,1.66e-5,1.66e-5,µmol/l,1.326883735277913e-5,1.326883735277913e-5
Nivolumab,0.3,15,16,4.2959051790162475,20262020,1.66e-5,1.66e-5,µmol/l,1.577345588090365e-5,1.577345588090365e-5
Nivolumab,0.3,16,17,6.73380293684723,20262020,1.66e-5,1.66e-5,µmol/l,1.4835722700210522e-5,1.4835722700210522e-5
Nivolumab,0.3,17,18,3.5633907488376786,20262020,1.66e-5,1.66e-5,µmol/l,1.1436924053918116e-5,1.1436924053918116e-5
Nivolumab,0.3,18,19,5.3290953330365465,20262020,1.66e-5,1.66e-5,µmol/l,1.5767572917548746e-5,1.5767572917548746e-5
Nivolumab,0.3,19,20,3.293491723152572,20262020,1.66e-5,1.66e-5,µmol/l,1.59792862176232e-5,1.59792862176232e-5
Nivolumab,0.3,20,21,3.1172473040024036,20262020,1.66e-5,1.66e-5,µmol/l,2.3443653617067106e-5,2.3443653617067106e-5
Nivolumab,0.3,21,22,6.219449523472904,20262020,1.66e-5,1.66e-5,µmol/l,1.573087524082266e-5,1.573087524082266e-5
Nivolumab,0.3,22,23,6.269255285742347,20262020,1.66e-5,1.66e-5,µmol/l,1.0575148264994437e-5,1.0575148264994437e-5
Nivolumab,0.3,23,24,5.386554110043941,20262020,1.66e-5,1.66e-5,µmol/l,1.3869066759815294e-5,1.3869066759815294e-5
Nivolumab,0.3,24,25,5.088779761497294,20262020,1.66e-5,1.66e-5,µmol/l,1.4757004096765112e-5,1.4757004096765112e-5
Nivolumab,0.3,25,26,4.613898054516829,20262020,1.66e-5,1.66e-5,µmol/l,1.3145776806467042e-5,1.3145776806467042e-5
Nivolumab,0.3,26,27,3.897526057855006,20262020,1.66e-5,1.66e-5,µmol/l,1.9219582850656387e-5,1.9219582850656387e-5
Nivolumab,0.3,27,28,4.483172927742439,20262020,1.66e-5,1.66e-5,µmol/l,2.4296084764509918e-5,2.4296084764509918e-5
Nivolumab,0.3,28,29,5.742117436016966,20262020,1.66e-5,1.66e-5,µmol/l,1.3330479914684887e-5,1.3330479914684887e-5
Nivolumab,0.3,29,30,5.0572699336601765,20262020,1.66e-5,1.66e-5,µmol/l,2.654857861841709e-5,2.654857861841709e-5
Nivolumab,0.3,30,31,5.028069273581761,20262020,1.66e-5,1.66e-5,µmol/l,1.5204628678065873e-5,1.5204628678065873e-5
Nivolumab,0.3,31,32,5.960978870727577,20262020,1.66e-5,1.66e-5,µmol/l,2.080387472877899e-5,2.080387472877899e-5
Nivolumab,0.3,32,33,4.636811110021924,20262020,1.66e-5,1.66e-5,µmol/l,1.441667136365116e-5,1.4416671363651159e-5
Nivolumab,0.3,33,34,6.442742468529726,20262020,1.66e-5,1.66e-5,µmol/l,2.0766221656652245e-5,2.0766221656652245e-5
Nivolumab,0.3,34,35,4.805577891788249,20262020,1.66e-5,1.66e-5,µmol/l,1.2258534665945336e-5,1.2258534665945336e-5
Nivolumab,0.3,35,36,6.229859456061321,20262020,1.66e-5,1.66e-5,µmol/l,2.0290057342289104e-5,2.0290057342289104e-5
Nivolumab,0.3,36,37,3.905497357670915,20262020,1.66e-5,1.66e-5,µmol/l,1.3797099736690793e-5,1.3797099736690793e-5
Nivolumab,0.3,37,38,5.920436854902858,20262020,1.66e-5,1.66e-5,µmol/l,1.819682084976136e-5,1.819682084976136e-5
Nivolumab,0.3,38,39,4.59635845459828,20262020,1.66e-5,1.66e-5,µmol/l,2.2513455841309204e-5,2.2513455841309204e-5
Nivolumab,0.3,39,40,3.563313428574853,20262020,1.66e-5,1.66e-5,µmol/l,9.995854843963431e-6,9.995854843963431e-6
Nivolumab,0.3,40,41,6.500568756601104,20262020,1.66e-5,1.66e-5,µmol/l,1.1715867464155583e-5,1.1715867464155583e-5
Nivolumab,0.3,41,42,6.943693401265748,20262020,1.66e-5,1.66e-5,µmol/l,2.018147608079055e-5,2.018147608079055e-5
Nivolumab,0.3,42,43,3.1443358753548636,20262020,1.66e-5,1.66e-5,µmol/l,1.3597230805795968e-5,1.3597230805795968e-5
Nivolumab,0.3,43,44,6.703953673925228,20262020,1.66e-5,1.66e-5,µmol/l,1.8006612946650118e-5,1.8006612946650118e-5
Nivolumab,0.3,44,45,4.372320824010446,20262020,1.66e-5,1.66e-5,µmol/l,3.0650361760260867e-5,3.0650361760260867e-5
Nivolumab,0.3,45,46,3.8454700358423737,20262020,1.66e-5,1.66e-5,µmol/l,2.707568927798764e-5,2.707568927798764e-5
Nivolumab,0.3,46,47,3.9426268641569773,20262020,1.66e-5,1.66e-5,µmol/l,1.2780508524879616e-5,1.2780508524879616e-5
Nivolumab,0.3,47,48,6.535082317672242,20262020,1.66e-5,1.66e-5,µmol/l,9.326174518617992e-6,9.326174518617992e-6
Nivolumab,0.3,48,49,4.905895364426961,20262020,1.66e-5,1.66e-5,µmol/l,8.52834110813217e-6,8.52834110813217e-6
Nivolumab,0.3,49,50,3.5711118693328983,20262020,1.66e-5,1.66e-5,µmol/l,2.175531683198993e-5,2.175531683198993e-5
Nivolumab,0.6,0,1,5.80231537055332,20262021,1.66e-5,1.66e-5,µmol/l,7.771235353652796e-6,7.771235353652796e-6
Nivolumab,0.6,1,2,5.645638146738351,20262021,1.66e-5,1.66e-5,µmol/l,2.492227556812057e-5,2.492227556812057e-5
Nivolumab,0.6,2,3,6.300247033732127,20262021,1.66e-5,1.66e-5,µmol/l,1.6058950243900826e-5,1.6058950243900826e-5
Nivolumab,0.6,3,4,4.943502088051058,20262021,1.66e-5,1.66e-5,µmol/l,7.545188635113054e-6,7.545188635113053e-6
Nivolumab,0.6,4,5,3.836304005624867,20262021,1.66e-5,1.66e-5,µmol/l,3.6365688304861066e-5,3.6365688304861066e-5
Nivolumab,0.6,5,6,3.937432529841285,20262021,1.66e-5,1.66e-5,µmol/l,4.505250777540529e-6,4.505250777540529e-6
Nivolumab,0.6,6,7,4.453095805576582,20262021,1.66e-5,1.66e-5,µmol/l,2.1679536572784367e-5,2.1679536572784367e-5
Nivolumab,0.6,7,8,4.964697302302671,20262021,1.66e-5,1.66e-5,µmol/l,2.6493119872151595e-5,2.6493119872151595e-5
Nivolumab,0.6,8,9,3.094345459758465,20262021,1.66e-5,1.66e-5,µmol/l,1.3596606110151044e-5,1.3596606110151044e-5
Nivolumab,0.6,9,10,4.5767794910710204,20262021,1.66e-5,1.66e-5,µmol/l,1.5619854369729824e-5,1.5619854369729824e-5
Nivolumab,0.6,10,11,6.373423207259467,20262021,1.66e-5,1.66e-5,µmol/l,2.1963515677933104e-5,2.1963515677933104e-5
Nivolumab,0.6,11,12,5.412919010227973,20262021,1.66e-5,1.66e-5,µmol/l,1.1946826066098384e-5,1.1946826066098384e-5
Nivolumab,0.6,12,13,6.4101888851310065,20262021,1.66e-5,1.66e-5,µmol/l,2.0388421723102893e-5,2.0388421723102893e-5
Nivolumab,0.6,13,14,4.3571936792494705,20262021,1.66e-5,1.66e-5,µmol/l,1.534153266441839e-5,1.534153266441839e-5
Nivolumab,0.6,14,15,4.023366939753,20262021,1.66e-5,1.66e-5,µmol/l,1.684822028714157e-5,1.684822028714157e-5
Nivolumab,0.6,15,16,4.2959051790162475,20262021,1.66e-5,1.66e-5,µmol/l,9.10824712900717e-6,9.10824712900717e-6
Nivolumab,0.6,16,17,6.73380293684723,20262021,1.66e-5,1.66e-5,µmol/l,1.187632494682557e-5,1.187632494682557e-5
Nivolumab,0.6,17,18,3.5633907488376786,20262021,1.66e-5,1.66e-5,µmol/l,1.4126378177884131e-5,1.4126378177884131e-5
Nivolumab,0.6,18,19,5.3290953330365465,20262021,1.66e-5,1.66e-5,µmol/l,5.976391854465347e-6,5.976391854465347e-6
Nivolumab,0.6,19,20,3.293491723152572,20262021,1.66e-5,1.66e-5,µmol/l,2.9920081243668126e-5,2.992008124366813e-5
Nivolumab,0.6,20,21,3.1172473040024036,20262021,1.66e-5,1.66e-5,µmol/l,1.4035617633599445e-5,1.4035617633599445e-5
Nivolumab,0.6,21,22,6.219449523472904,20262021,1.66e-5,1.66e-5,µmol/l,3.452281874028858e-5,3.452281874028858e-5
Nivolumab,0.6,22,23,6.269255285742347,20262021,1.66e-5,1.66e-5,µmol/l,2.188183527695874e-5,2.188183527695874e-5
Nivolumab,0.6,23,24,5.386554110043941,20262021,1.66e-5,1.66e-5,µmol/l,1.894617212896909e-5,1.894617212896909e-5
Nivolumab,0.6,24,25,5.088779761497294,20262021,1.66e-5,1.66e-5,µmol/l,1.1094160477544221e-5,1.1094160477544221e-5
Nivolumab,0.6,25,26,4.613898054516829,20262021,1.66e-5,1.66e-5,µmol/l,1.6796377808033505e-5,1.6796377808033505e-5
Nivolumab,0.6,26,27,3.897526057855006,20262021,1.66e-5,1.66e-5,µmol/l,4.7153514430174674e-6,4.7153514430174674e-6
Nivolumab,0.6,27,28,4.483172927742439,20262021,1.66e-5,1.66e-5,µmol/l,4.822876086890312e-6,4.822876086890312e-6
Nivolumab,0.6,28,29,5.742117436016966,20262021,1.66e-5,1.66e-5,µmol/l,1.1916998966135338e-5,1.1916998966135338e-5
Nivolumab,0.6,29,30,5.0572699336601765,20262021,1.66e-5,1.66e-5,µmol/l,1.3713512468092915e-5,1.3713512468092915e-5
Nivolumab,0.6,30,31,5.028069273581761,20262021,1.66e-5,1.66e-5,µmol/l,6.95997038851391e-6,6.95997038851391e-6
Nivolumab,0.6,31,32,5.960978870727577,20262021,1.66e-5,1.66e-5,µmol/l,1.2204855607708758e-5,1.2204855607708758e-5
Nivolumab,0.6,32,33,4.636811110021924,20262021,1.66e-5,1.66e-5,µmol/l,9.707019134534173e-6,9.707019134534173e-6
Nivolumab,0.6,33,34,6.442742468529726,20262021,1.66e-5,1.66e-5,µmol/l,6.1739048727441525e-6,6.1739048727441525e-6
Nivolumab,0.6,34,35,4.805577891788249,20262021,1.66e-5,1.66e-5,µmol/l,1.2642615278644589e-5,1.2642615278644589e-5
Nivolumab,0.6,35,36,6.229859456061321,20262021,1.66e-5,1.66e-5,µmol/l,1.851268452664307e-5,1.851268452664307e-5
Nivolumab,0.6,36,37,3.905497357670915,20262021,1.66e-5,1.66e-5,µmol/l,1.3809722244828424e-5,1.3809722244828424e-5
Nivolumab,0.6,37,38,5.920436854902858,20262021,1.66e-5,1.66e-5,µmol/l,1.4538528498175155e-5,1.4538528498175157e-5
Nivolumab,0.6,38,39,4.59635845459828,20262021,1.66e-5,1.66e-5,µmol/l,5.005314768037623e-5,5.005314768037623e-5
Nivolumab,0.6,39,40,3.563313428574853,20262021,1.66e-5,1.66e-5,µmol/l,5.0802833792058115e-6,5.0802833792058115e-6
Nivolumab,0.6,40,41,6.500568756601104,20262021,1.66e-5,1.66e-5,µmol/l,1.1751501650325158e-5,1.1751501650325158e-5
Nivolumab,0.6,41,42,6.943693401265748,20262021,1.66e-5,1.66e-5,µmol/l,2.6087526703633717e-5,2.6087526703633717e-5
Nivolumab,0.6,42,43,3.1443358753548636,20262021,1.66e-5,1.66e-5,µmol/l,3.04317891009389e-5,3.0431789100938903e-5
Nivolumab,0.6,43,44,6.703953673925228,20262021,1.66e-5,1.66e-5,µmol/l,1.4080758745476764e-5,1.4080758745476764e-5
Nivolumab,0.6,44,45,4.372320824010446,20262021,1.66e-5,1.66e-5,µmol/l,1.5401900133786278e-5,1.5401900133786278e-5
Nivolumab,0.6,45,46,3.8454700358423737,20262021,1.66e-5,1.66e-5,µmol/l,9.324758513743308e-6,9.324758513743308e-6
Nivolumab,0.6,46,47,3.9426268641569773,20262021,1.66e-5,1.66e-5,µmol/l,1.4566220436853849e-5,1.4566220436853847e-5
Nivolumab,0.6,47,48,6.535082317672242,20262021,1.66e-5,1.66e-5,µmol/l,2.0853134419449213e-5,2.0853134419449213e-5
Nivolumab,0.6,48,49,4.905895364426961,20262021,1.66e-5,1.66e-5,µmol/l,4.471700387414697e-5,4.471700387414697e-5
Nivolumab,0.6,49,50,3.5711118693328983,20262021,1.66e-5,1.66e-5,µmol/l,8.603308202191645e-6,8.603308202191645e-6
