Molecule,Variability_CV,Design,N_per_group,Total_animals,Dose_mg_kg,Endpoint,Fraction_within_2fold,Median_fold_error,Fold_error_5th_percentile,Fold_error_95th_percentile
Golimumab,0.3,2 dose groups,2,4,1,AUC0-28d,0.996,0.910218852159296,0.6194416554199382,1.2831055647790897
Golimumab,0.3,2 dose groups,2,4,1,Cmax,1,0.8887209816283023,0.67038003936423185,1.1331613373570486
Golimumab,0.3,2 dose groups,2,4,1,Terminal clearance,1,1.0035309926864693,0.7406716412753163,1.3174950088728776
Golimumab,0.3,2 dose groups,2,4,10,AUC0-28d,0.995,0.9014564675496759,0.6211778258618265,1.2766289375658295
Golimumab,0.3,2 dose groups,2,4,10,Cmax,1,0.8975387831452186,0.6672471806921003,1.13606610572284
Golimumab,0.3,2 dose groups,2,4,10,Terminal clearance,1,1.0148002588386298,0.7557626809078205,1.3199523353073732
Golimumab,0.3,2 dose groups,3,6,1,AUC0-28d,0.997,0.9221679277183441,0.6773305480670918,1.2042397779944325
Golimumab,0.3,2 dose groups,3,6,1,Cmax,1,0.8995537367937378,0.6950712356833453,1.0815453588006312
Golimumab,0.3,2 dose groups,3,6,1,Terminal clearance,1,1.00225841476453,0.8065043198166487,1.266795613636978
Golimumab,0.3,2 dose groups,3,6,10,AUC0-28d,1,0.9245380746992391,0.6695466641416941,1.2284452261105123
Golimumab,0.3,2 dose groups,3,6,10,Cmax,1,0.8942889343170068,0.7029990139372118,1.084489024422744
Golimumab,0.3,2 dose groups,3,6,10,Terminal clearance,1,1.0002234375034036,0.7930961822988497,1.2692544295490351
Golimumab,0.3,2 dose groups,6,12,1,AUC0-28d,1,0.9113104822032775,0.735851939441483,1.1206259657121866
Golimumab,0.3,2 dose groups,6,12,1,Cmax,1,0.891957619934161,0.7607646549697284,1.0272050055872815
Golimumab,0.3,2 dose groups,6,12,1,Terminal clearance,1,1.0121933536952858,0.8640235609410465,1.19430352660697
Golimumab,0.3,2 dose groups,6,12,10,AUC0-28d,1,0.9148448585860397,0.7507433324371178,1.122630697310571
Golimumab,0.3,2 dose groups,6,12,10,Cmax,1,0.89324648651952,0.7630811929200141,1.0312903752736253
Golimumab,0.3,2 dose groups,6,12,10,Terminal clearance,1,1.012006930118532,0.8592613940591034,1.1861976268184944
Golimumab,0.3,3 dose groups,2,6,1,AUC0-28d,0.992,0.9106675473483122,0.6076186368720616,1.3017373929490348
Golimumab,0.3,3 dose groups,2,6,1,Cmax,1,0.9032082654377289,0.6645866419698381,1.1307507045694414
Golimumab,0.3,3 dose groups,2,6,1,Terminal clearance,1,0.9979473220751662,0.7544630006943216,1.3380548905913454
Golimumab,0.3,3 dose groups,2,6,3,AUC0-28d,0.996,0.8940495165358194,0.6097805256842916,1.2950184780606129
Golimumab,0.3,3 dose groups,2,6,3,Cmax,1,0.8930731843469542,0.6729895324175456,1.1350304697877884
Golimumab,0.3,3 dose groups,2,6,3,Terminal clearance,1,1.0041672032092166,0.7616517535049544,1.3158893513859782
Golimumab,0.3,3 dose groups,2,6,10,AUC0-28d,0.996,0.9193959725370543,0.6182368199449995,1.2862872742001012
Golimumab,0.3,3 dose groups,2,6,10,Cmax,1,0.8965477865968978,0.664708931702516,1.1345256456735462
Golimumab,0.3,3 dose groups,2,6,10,Terminal clearance,1,0.9993144636871492,0.7392719795973102,1.3105629354452974
Golimumab,0.3,3 dose groups,3,9,1,AUC0-28d,0.999,0.9104806642580285,0.6750645172894935,1.2169529599457163
Golimumab,0.3,3 dose groups,3,9,1,Cmax,1,0.8880830479392069,0.7195086777445187,1.086827832080861
Golimumab,0.3,3 dose groups,3,9,1,Terminal clearance,1,1.0140851615052617,0.8008656147578873,1.2622678627142663
Golimumab,0.3,3 dose groups,3,9,3,AUC0-28d,1,0.9083967411345406,0.6669629272846591,1.187680503370994
Golimumab,0.3,3 dose groups,3,9,3,Cmax,1,0.8914498231999968,0.6993585541586527,1.073675158158998
Golimumab,0.3,3 dose groups,3,9,3,Terminal clearance,1,1.0134983180976496,0.8054296638306995,1.2648833788287515
Golimumab,0.3,3 dose groups,3,9,10,AUC0-28d,0.999,0.9258298619665204,0.6928503530947279,1.2373777828444417
Golimumab,0.3,3 dose groups,3,9,10,Cmax,1,0.8915190214544472,0.7216620643127979,1.0904002376475648
Golimumab,0.3,3 dose groups,3,9,10,Terminal clearance,1,0.9953931697610043,0.7963375663204459,1.2470465347824247
Golimumab,0.3,3 dose groups,6,18,1,AUC0-28d,1,0.9230336059590383,0.7305408962101384,1.128176816996257
Golimumab,0.3,3 dose groups,6,18,1,Cmax,1,0.8931646154125348,0.7565854174225778,1.0340925975729753
Golimumab,0.3,3 dose groups,6,18,1,Terminal clearance,1,1.0139378501119136,0.8597549022609445,1.1879039502329873
Golimumab,0.3,3 dose groups,6,18,3,AUC0-28d,1,0.9174954699602005,0.7333187297691688,1.1169400889858305
Golimumab,0.3,3 dose groups,6,18,3,Cmax,1,0.894230453362646,0.7593583392726112,1.0289935336052096
Golimumab,0.3,3 dose groups,6,18,3,Terminal clearance,1,1.014842446471726,0.8572625909122084,1.1946583538651576
Golimumab,0.3,3 dose groups,6,18,10,AUC0-28d,1,0.9163210372591559,0.736745908819093,1.1126603809293978
Golimumab,0.3,3 dose groups,6,18,10,Cmax,1,0.8950724429912348,0.7638171335991015,1.031189313027608
Golimumab,0.3,3 dose groups,6,18,10,Terminal clearance,1,1.0173907342505553,0.8706875131182467,1.1908162897646302
Golimumab,0.3,5 dose groups,2,10,0.1,AUC0-28d,0.99,0.900044627745323,0.5876728283793666,1.2825636824877686
Golimumab,0.3,5 dose groups,2,10,0.1,Cmax,1,0.8938787886684331,0.6645272261238473,1.139870183401923
Golimumab,0.3,5 dose groups,2,10,0.1,Terminal clearance,1,1.0077419696826388,0.744655904121827,1.3450226423973217
Golimumab,0.3,5 dose groups,2,10,1,AUC0-28d,0.992,0.900341522807957,0.6008219144831394,1.3163291844351381
Golimumab,0.3,5 dose groups,2,10,1,Cmax,1,0.8852862917439519,0.6700029581751591,1.1364515211601698
Golimumab,0.3,5 dose groups,2,10,1,Terminal clearance,1,1.005548052760672,0.7566522426957715,1.3331127458651089
Golimumab,0.3,5 dose groups,2,10,3,AUC0-28d,0.994,0.8889672707815921,0.5994480358251866,1.2737850689294636
Golimumab,0.3,5 dose groups,2,10,3,Cmax,1,0.8857458191982348,0.6642513566535898,1.1296349770536165
Golimumab,0.3,5 dose groups,2,10,3,Terminal clearance,1,1.0038167621286112,0.7519510055634476,1.351325184250326
Golimumab,0.3,5 dose groups,2,10,10,AUC0-28d,0.995,0.9021800798045612,0.6139248159829299,1.2758199405366297
Golimumab,0.3,5 dose groups,2,10,10,Cmax,1,0.8961605754544804,0.6739865723612023,1.1324724289538544
Golimumab,0.3,5 dose groups,2,10,10,Terminal clearance,1,1.0031860842970106,0.7597553526367642,1.3110104352104046
Golimumab,0.3,5 dose groups,2,10,30,AUC0-28d,0.997,0.9016403809324112,0.6261526241436498,1.2820311146848
Golimumab,0.3,5 dose groups,2,10,30,Cmax,1,0.8921469142692667,0.6700579472839376,1.1307875096032205
Golimumab,0.3,5 dose groups,2,10,30,Terminal clearance,1,1.0027493752353398,0.7443207256559563,1.3324212814680034
Golimumab,0.3,5 dose groups,3,15,0.1,AUC0-28d,1,0.910196169184446,0.6644861710016087,1.2248569192780743
Golimumab,0.3,5 dose groups,3,15,0.1,Cmax,1,0.8866042627992428,0.7049348043777788,1.0839036079356905
Golimumab,0.3,5 dose groups,3,15,0.1,Terminal clearance,1,1.0114128193202745,0.7939551298966141,1.285084344949115
Golimumab,0.3,5 dose groups,3,15,1,AUC0-28d,1,0.9131097471055087,0.682461183760296,1.213106289424291
Golimumab,0.3,5 dose groups,3,15,1,Cmax,1,0.8942493944958301,0.7191273216736093,1.0916158504894282
Golimumab,0.3,5 dose groups,3,15,1,Terminal clearance,1,1.0039299863121007,0.7923951818801345,1.272001908436207
Golimumab,0.3,5 dose groups,3,15,3,AUC0-28d,1,0.9105592536522592,0.6551626046000368,1.2006613990667532
Golimumab,0.3,5 dose groups,3,15,3,Cmax,1,0.8788916149265109,0.7083631005538413,1.0686955364388337
Golimumab,0.3,5 dose groups,3,15,3,Terminal clearance,1,1.0008212061731125,0.7964586028677453,1.2631388873956746
Golimumab,0.3,5 dose groups,3,15,10,AUC0-28d,0.997,0.9164325836439317,0.66091010328311,1.2043783761537057
Golimumab,0.3,5 dose groups,3,15,10,Cmax,1,0.8944282627834357,0.704194635744914,1.0786319550509758
Golimumab,0.3,5 dose groups,3,15,10,Terminal clearance,1,1.0118916268906144,0.7898770103726932,1.28293860577065
Golimumab,0.3,5 dose groups,3,15,30,AUC0-28d,1,0.9153001270004182,0.6579912055478674,1.2117419054531566
Golimumab,0.3,5 dose groups,3,15,30,Cmax,1,0.8878852499892519,0.6959084771659918,1.0892934389092364
Golimumab,0.3,5 dose groups,3,15,30,Terminal clearance,1,1.0081123291256868,0.7914176406265745,1.2878268184909758
Golimumab,0.3,5 dose groups,6,30,0.1,AUC0-28d,1,0.916552509173765,0.7404068187512907,1.118353106986921
Golimumab,0.3,5 dose groups,6,30,0.1,Cmax,1,0.8910608858462662,0.7576163534162009,1.031953485284046
Golimumab,0.3,5 dose groups,6,30,0.1,Terminal clearance,1,1.0141640034994746,0.8638142527315094,1.1954677193907888
Golimumab,0.3,5 dose groups,6,30,1,AUC0-28d,1,0.9262779228162994,0.7281734032582685,1.1287359303377578
Golimumab,0.3,5 dose groups,6,30,1,Cmax,1,0.8956543661769454,0.7608727513331889,1.0251211959509927
Golimumab,0.3,5 dose groups,6,30,1,Terminal clearance,1,1.0144193226125697,0.8488038620769849,1.2012546965831816
Golimumab,0.3,5 dose groups,6,30,3,AUC0-28d,1,0.9138350436090812,0.7226888611667273,1.1318300720081262
Golimumab,0.3,5 dose groups,6,30,3,Cmax,1,0.8921527446355542,0.747824959860819,1.0347405191225603
Golimumab,0.3,5 dose groups,6,30,3,Terminal clearance,1,1.0152338413943622,0.8589573574290126,1.1921449678562563
Golimumab,0.3,5 dose groups,6,30,10,AUC0-28d,1,0.909889690742683,0.7372680589185701,1.1259579242310938
Golimumab,0.3,5 dose groups,6,30,10,Cmax,1,0.8872868431838525,0.7608611823701531,1.0300932963123273
Golimumab,0.3,5 dose groups,6,30,10,Terminal clearance,1,1.0122149109253031,0.8527495266021387,1.1932377045617595
Golimumab,0.3,5 dose groups,6,30,30,AUC0-28d,1,0.9250839378175746,0.7389302937104598,1.13000959574129
Golimumab,0.3,5 dose groups,6,30,30,Cmax,1,0.8909712580442055,0.7626385819326061,1.0277134677488524
Golimumab,0.3,5 dose groups,6,30,30,Terminal clearance,1,1.0040048706921665,0.8527232086401699,1.182978076211829
Golimumab,0.5,2 dose groups,2,4,1,AUC0-28d,0.98,1.0286908438127296,0.6191655435208692,1.658807153097351
Golimumab,0.5,2 dose groups,2,4,1,Cmax,1,0.887984054453854,0.6727076425325287,1.120937139380875
Golimumab,0.5,2 dose groups,2,4,1,Terminal clearance,0.981,0.8928487197185102,0.5691669330277139,1.347721738944943
Golimumab,0.5,2 dose groups,2,4,10,AUC0-28d,0.992,1.0403023840073216,0.6436731076759881,1.6347933064862001
Golimumab,0.5,2 dose groups,2,4,10,Cmax,1,0.8948872690379961,0.6730210627905118,1.1173253776308025
Golimumab,0.5,2 dose groups,2,4,10,Terminal clearance,0.984,0.8864476749675357,0.5751234083512576,1.370509916400069
Golimumab,0.5,2 dose groups,3,6,1,AUC0-28d,0.999,1.044237344361143,0.7170284077244276,1.5731570170908253
Golimumab,0.5,2 dose groups,3,6,1,Cmax,1,0.8901722124841539,0.7065404041013138,1.0773988325344364
Golimumab,0.5,2 dose groups,3,6,1,Terminal clearance,0.989,0.8941798018699327,0.6235724649912312,1.2905794135780426
Golimumab,0.5,2 dose groups,3,6,10,AUC0-28d,0.996,1.0686779193103515,0.7113441194988073,1.6144980787234169
Golimumab,0.5,2 dose groups,3,6,10,Cmax,1,0.8927798240342006,0.7150329740591048,1.0799133450227263
Golimumab,0.5,2 dose groups,3,6,10,Terminal clearance,0.991,0.8822415422236924,0.6005394324297385,1.2522861777708723
Golimumab,0.5,2 dose groups,6,12,1,AUC0-28d,1,1.0656240279104536,0.8144799408811583,1.4211792677277868
Golimumab,0.5,2 dose groups,6,12,1,Cmax,1,0.8978513754739197,0.7607025417621858,1.025730190735967
Golimumab,0.5,2 dose groups,6,12,1,Terminal clearance,1,0.9089564560578444,0.6843978700666187,1.1380177400432754
Golimumab,0.5,2 dose groups,6,12,10,AUC0-28d,1,1.0700739354173208,0.7992881943022071,1.4103408738631236
Golimumab,0.5,2 dose groups,6,12,10,Cmax,1,0.8938377049089936,0.7613873101622363,1.0174751037525522
Golimumab,0.5,2 dose groups,6,12,10,Terminal clearance,1,0.8985313431644419,0.6945752864828618,1.1704080663688716
Golimumab,0.5,3 dose groups,2,6,1,AUC0-28d,0.98,1.0394906976191391,0.6042823420087977,1.6662666129830808
Golimumab,0.5,3 dose groups,2,6,1,Cmax,1,0.8855851027539456,0.6564560966835704,1.1380106664008847
Golimumab,0.5,3 dose groups,2,6,1,Terminal clearance,0.972,0.8964681758944295,0.5488835434672872,1.4122503719575648
Golimumab,0.5,3 dose groups,2,6,3,AUC0-28d,0.984,1.0369250634787992,0.6486055588661799,1.691379518371835
Golimumab,0.5,3 dose groups,2,6,3,Cmax,1,0.8971635616830143,0.6645594328846284,1.1364073906249192
Golimumab,0.5,3 dose groups,2,6,3,Terminal clearance,0.98,0.8865755577995307,0.5674624651989014,1.3320998636606591
Golimumab,0.5,3 dose groups,2,6,10,AUC0-28d,0.982,1.035398336584207,0.6489816944326076,1.6412366070917388
Golimumab,0.5,3 dose groups,2,6,10,Cmax,1,0.8868867807163613,0.6697714951119591,1.1340352735703927
Golimumab,0.5,3 dose groups,2,6,10,Terminal clearance,0.978,0.8942805460130374,0.5548250256773941,1.3665455697231716
Golimumab,0.5,3 dose groups,3,9,1,AUC0-28d,0.997,1.0590750480457634,0.7007700972655537,1.5579045315328193
Golimumab,0.5,3 dose groups,3,9,1,Cmax,1,0.8950525338829073,0.7040365846325816,1.0840491990874281
Golimumab,0.5,3 dose groups,3,9,1,Terminal clearance,0.986,0.8971949449064028,0.6149440807204664,1.2686955053859543
Golimumab,0.5,3 dose groups,3,9,3,AUC0-28d,0.995,1.0630660755898385,0.7248199764640394,1.5613698970096748
Golimumab,0.5,3 dose groups,3,9,3,Cmax,1,0.8996226524537497,0.7042157798525528,1.082549252933601
Golimumab,0.5,3 dose groups,3,9,3,Terminal clearance,0.997,0.8921624897023182,0.6231134757319294,1.2598383901131491
Golimumab,0.5,3 dose groups,3,9,10,AUC0-28d,0.998,1.053106903682131,0.6916187759932978,1.569681286775814
Golimumab,0.5,3 dose groups,3,9,10,Cmax,1,0.8925207987568073,0.7085803877809084,1.0830999314442833
Golimumab,0.5,3 dose groups,3,9,10,Terminal clearance,0.995,0.9007977962686,0.6240149405747561,1.2924344893860713
Golimumab,0.5,3 dose groups,6,18,1,AUC0-28d,1,1.0729290351476122,0.7870137620856095,1.4126814717271858
Golimumab,0.5,3 dose groups,6,18,1,Cmax,1,0.8903115535318291,0.7641652445057251,1.0233549576310754
Golimumab,0.5,3 dose groups,6,18,1,Terminal clearance,1,0.9033189910283168,0.6957265545686462,1.1772923359507592
Golimumab,0.5,3 dose groups,6,18,3,AUC0-28d,0.999,1.061083990469165,0.8119013320777676,1.4175071178122374
Golimumab,0.5,3 dose groups,6,18,3,Cmax,1,0.8955622634458839,0.7580483269614118,1.0236547770076336
Golimumab,0.5,3 dose groups,6,18,3,Terminal clearance,0.999,0.9147025348845855,0.6946967751162613,1.143765462053228
Golimumab,0.5,3 dose groups,6,18,10,AUC0-28d,1,1.060822876453826,0.7966511054821473,1.3961435887833569
Golimumab,0.5,3 dose groups,6,18,10,Cmax,1,0.8912011988520134,0.7535108335378058,1.0266757938356832
Golimumab,0.5,3 dose groups,6,18,10,Terminal clearance,1,0.9051278540453759,0.695958373526033,1.162812457495427
Golimumab,0.5,5 dose groups,2,10,0.1,AUC0-28d,0.974,1.0506124699691892,0.631484691003663,1.6702076300192128
Golimumab,0.5,5 dose groups,2,10,0.1,Cmax,1,0.8844269237722802,0.6692072012198728,1.1411096266977325
Golimumab,0.5,5 dose groups,2,10,0.1,Terminal clearance,0.965,0.8907276786978185,0.5259817293665073,1.3673892895629034
Golimumab,0.5,5 dose groups,2,10,1,AUC0-28d,0.975,1.0246545135317868,0.6215203072853768,1.6786400214412882
Golimumab,0.5,5 dose groups,2,10,1,Cmax,1,0.8844903776609363,0.6732160153570124,1.137496461646923
Golimumab,0.5,5 dose groups,2,10,1,Terminal clearance,0.969,0.8902321355996698,0.5488509735353209,1.3677501835113475
Golimumab,0.5,5 dose groups,2,10,3,AUC0-28d,0.987,1.028690262809107,0.6413940143871767,1.6243817963773288
Golimumab,0.5,5 dose groups,2,10,3,Cmax,1,0.8883309844231071,0.6493144225959421,1.132101421808569
Golimumab,0.5,5 dose groups,2,10,3,Terminal clearance,0.972,0.8926485178439488,0.5519020913792135,1.3860345816065112
Golimumab,0.5,5 dose groups,2,10,10,AUC0-28d,0.981,1.061430243382483,0.6357696657677206,1.694188127067981
Golimumab,0.5,5 dose groups,2,10,10,Cmax,1,0.9055881467073957,0.6730101082923009,1.14139888123687
Golimumab,0.5,5 dose groups,2,10,10,Terminal clearance,0.967,0.8836115881495452,0.5414386284740883,1.3820319951316027
Golimumab,0.5,5 dose groups,2,10,30,AUC0-28d,0.985,1.0253531660171367,0.6391536915678506,1.703762573361442
Golimumab,0.5,5 dose groups,2,10,30,Cmax,1,0.8855637151458362,0.6647723768946855,1.1292895933308946
Golimumab,0.5,5 dose groups,2,10,30,Terminal clearance,0.972,0.8910039854299316,0.549278577243418,1.3522779421796536
Golimumab,0.5,5 dose groups,3,15,0.1,AUC0-28d,0.995,1.0518975272312088,0.6941722454113775,1.5594045404722983
Golimumab,0.5,5 dose groups,3,15,0.1,Cmax,1,0.894171791912834,0.7010869690842768,1.0995730567737327
Golimumab,0.5,5 dose groups,3,15,0.1,Terminal clearance,0.987,0.9034901692149242,0.6161204721244009,1.2614682143754248
Golimumab,0.5,5 dose groups,3,15,1,AUC0-28d,0.999,1.0440746841673412,0.7035190551658691,1.522857376681666
Golimumab,0.5,5 dose groups,3,15,1,Cmax,1,0.8903805725938252,0.6993368226132075,1.0917451407192036
Golimumab,0.5,5 dose groups,3,15,1,Terminal clearance,0.996,0.9039148469565622,0.6447544687816115,1.2757812631581715
Golimumab,0.5,5 dose groups,3,15,3,AUC0-28d,0.997,1.03746835397369,0.7049849590088233,1.5339904653988228
Golimumab,0.5,5 dose groups,3,15,3,Cmax,1,0.88693624958099615,0.6944142819101942,1.0883079021207003
Golimumab,0.5,5 dose groups,3,15,3,Terminal clearance,0.992,0.9079240800581752,0.6129073508416977,1.2700821485560378
Golimumab,0.5,5 dose groups,3,15,10,AUC0-28d,0.998,1.0530621062689205,0.7000808500138328,1.566335063644641
Golimumab,0.5,5 dose groups,3,15,10,Cmax,1,0.8879325282172021,0.6930684105182482,1.0772031231907633
Golimumab,0.5,5 dose groups,3,15,10,Terminal clearance,0.987,0.8910260086343496,0.589135759737423,1.2522250687419436
Golimumab,0.5,5 dose groups,3,15,30,AUC0-28d,0.996,1.058346309934668,0.707979361260812,1.5944011967769263
Golimumab,0.5,5 dose groups,3,15,30,Cmax,1,0.8909879586314503,0.7168361017850844,1.078004414961115
Golimumab,0.5,5 dose groups,3,15,30,Terminal clearance,0.989,0.89719174556525,0.6056448553394197,1.257913430892837
Golimumab,0.5,5 dose groups,6,30,0.1,AUC0-28d,1,1.077110979163196,0.8014190832416318,1.4054098084678281
Golimumab,0.5,5 dose groups,6,30,0.1,Cmax,1,0.8910272990045123,0.756691446900325,1.0263040995365031
Golimumab,0.5,5 dose groups,6,30,0.1,Terminal clearance,1,0.9031092509529486,0.6909571776538171,1.1538956965922742
Golimumab,0.5,5 dose groups,6,30,1,AUC0-28d,1,1.0762951369119178,0.8162348283745389,1.3997844594800313
Golimumab,0.5,5 dose groups,6,30,1,Cmax,1,0.9008668074886683,0.7669036921741651,1.0266761743484463
Golimumab,0.5,5 dose groups,6,30,1,Terminal clearance,1,0.9069642306181988,0.6911311788553202,1.1573148309739787
Golimumab,0.5,5 dose groups,6,30,3,AUC0-28d,1,1.0683026937887266,0.8057171616009894,1.4024438965476462
Golimumab,0.5,5 dose groups,6,30,3,Cmax,1,0.8953996392211725,0.7642679837601669,1.0336565903778148
Golimumab,0.5,5 dose groups,6,30,3,Terminal clearance,1,0.907102105351448,0.7028458151823257,1.1621487740951304
Golimumab,0.5,5 dose groups,6,30,10,AUC0-28d,1,1.0647878477671688,0.8061442916659626,1.4314218123735898
Golimumab,0.5,5 dose groups,6,30,10,Cmax,1,0.8934899983090816,0.7600843268053771,1.0303796726556427
Golimumab,0.5,5 dose groups,6,30,10,Terminal clearance,1,0.908326883111081,0.6878667570050174,1.1584795799050756
Golimumab,0.5,5 dose groups,6,30,30,AUC0-28d,1,1.063088486052426,0.8269363877571476,1.424082647989069
Golimumab,0.5,5 dose groups,6,30,30,Cmax,1,0.8937519173116848,0.7593069365843157,1.024929251562723
Golimumab,0.5,5 dose groups,6,30,30,Terminal clearance,1,0.899352951960509,0.68350236230502,1.1482679517904646
