Species,Metric,Molecule,Dose_mg_kg,Fold_error,Log2_fold_error,Evaluation_status
Monkey,AUC0-tlast,Tocilizumab,10,1.3315,0.4130524285485271,Evaluated
Monkey,Cmax,Tocilizumab,10,1.0648,0.09058247636244234,Evaluated
Monkey,Clearance,Tocilizumab,10,0.237,-2.077041035763828,Evaluated
Monkey,AUC0-tlast,Nivolumab,1,0.5716,-0.8069221784536329,Evaluated
Monkey,Cmax,Nivolumab,1,0.9742,-0.03771011170900127,Evaluated
Monkey,Clearance,Nivolumab,1,NA,NA,Not evaluable
Monkey,AUC0-tlast,Nivolumab,10,0.4223,-1.2436598477481473,Evaluated
Monkey,Cmax,Nivolumab,10,0.7362,-0.44183034516538827,Evaluated
Monkey,Clearance,Nivolumab,10,2.293,1.1972363549187066,Evaluated
Monkey,AUC0-tlast,Pembrolizumab,0.3,0.744,-0.42662547355405567,Evaluated
Monkey,Cmax,Pembrolizumab,0.3,0.3978,-1.3298848187157055,Evaluated
Monkey,Clearance,Pembrolizumab,0.3,NA,NA,Not evaluable
Monkey,AUC0-tlast,Pembrolizumab,3,0.8831,-0.17935128064281183,Evaluated
Monkey,Cmax,Pembrolizumab,3,0.988,-0.017417053077409404,Evaluated
Monkey,Clearance,Pembrolizumab,3,NA,NA,Not evaluable
Monkey,AUC0-tlast,Pembrolizumab,30,0.9248,-0.11278669704877065,Evaluated
Monkey,Cmax,Pembrolizumab,30,1.0477,0.06722567253197158,Evaluated
Monkey,Clearance,Pembrolizumab,30,NA,NA,Not evaluable
Monkey,AUC0-tlast,Atezolizumab,0.5,1.2821,0.3585087922824307,Evaluated
Monkey,Cmax,Atezolizumab,0.5,1.4239,0.5098478298928157,Evaluated
Monkey,Clearance,Atezolizumab,0.5,NA,NA,Not evaluable
Monkey,AUC0-tlast,Atezolizumab,5,0.8982,-0.1548913727698765,Evaluated
Monkey,Cmax,Atezolizumab,5,1.0919,0.12684073527769343,Evaluated
Monkey,Clearance,Atezolizumab,5,0.9799,-0.02929356695061715,Evaluated
Monkey,AUC0-tlast,Atezolizumab,20,0.6979,-0.5189077630936494,Evaluated
Monkey,Cmax,Atezolizumab,20,0.8598,-0.21792698456614754,Evaluated
Monkey,Clearance,Atezolizumab,20,NA,NA,Not evaluable
Monkey,AUC0-tlast,Avelumab,5,2.1495,1.1040011103212148,Evaluated
Monkey,Cmax,Avelumab,5,1.2958,0.37384306291830866,Evaluated
Monkey,Clearance,Avelumab,5,0.388,-1.3658714424749594,Evaluated
Monkey,AUC0-tlast,Adalimumab,3,0.9714,-0.041862608525727235,Evaluated
Monkey,Cmax,Adalimumab,3,1.2095,0.2744107693178379,Evaluated
Monkey,Clearance,Adalimumab,3,NA,NA,Not evaluable
Monkey,AUC0-tlast,Golimumab,3,0.7893,-0.34135434566240397,Evaluated
Monkey,Cmax,Golimumab,3,0.8049,-0.3131185395677722,Evaluated
Monkey,Clearance,Golimumab,3,1.1801,0.23890911669840434,Evaluated
Monkey,AUC0-tlast,Bevacizumab,4,0.6001,-0.7367251650279297,Evaluated
Monkey,Cmax,Bevacizumab,4,1.1389,0.18764107818068257,Evaluated
Monkey,Clearance,Bevacizumab,4,NA,NA,Not evaluable
Monkey,AUC0-tlast,Bevacizumab,5,1.3621,0.445832624207628,Evaluated
Monkey,Cmax,Bevacizumab,5,1.3512,0.4342412332519363,Evaluated
Monkey,Clearance,Bevacizumab,5,0.7194,-0.4751339354140695,Evaluated
Human,AUC0-tlast,Tocilizumab,8,0.6722,-0.5730375522414476,Evaluated
Human,Cmax,Tocilizumab,8,0.7191,-0.4757356851791603,Evaluated
Human,Clearance,Tocilizumab,8,1.3104,0.3900072620915592,Evaluated
Human,AUC0-tlast,Nivolumab,1,0.8167,-0.29212186718314975,Evaluated
Human,Cmax,Nivolumab,1,0.9958,-0.00607207948340012,Evaluated
Human,Clearance,Nivolumab,1,NA,NA,Not evaluable
Human,AUC0-tlast,Nivolumab,3,1.0315,0.04474382122439775,Evaluated
Human,Cmax,Nivolumab,3,1.1674,0.2232989733327897,Evaluated
Human,Clearance,Nivolumab,3,NA,NA,Not evaluable
Human,AUC0-tlast,Nivolumab,4,1.0182,0.026020970714370147,Evaluated
Human,Cmax,Nivolumab,4,1.3366,0.41856777929971184,Evaluated
Human,Clearance,Nivolumab,4,NA,NA,Not evaluable
Human,AUC0-tlast,Nivolumab,6,1.0426,0.060185765046563026,Evaluated
Human,Cmax,Nivolumab,6,1.2836,0.3601956947323582,Evaluated
Human,Clearance,Nivolumab,6,NA,NA,Not evaluable
Human,AUC0-tlast,Nivolumab,10,0.9839,-0.023416402123002746,Evaluated
Human,Cmax,Nivolumab,10,1.1671,0.2229281800026127,Evaluated
Human,Clearance,Nivolumab,10,NA,NA,Not evaluable
Human,AUC0-tlast,Nivolumab,20,1.3357,0.4175960129666715,Evaluated
Human,Cmax,Nivolumab,20,2.3862,1.2547149679769183,Evaluated
Human,Clearance,Nivolumab,20,NA,NA,Not evaluable
Human,AUC0-tlast,Pembrolizumab,2,1.2804,0.3565945819961317,Evaluated
Human,Cmax,Pembrolizumab,2,1.0325,0.04614178164472063,Evaluated
Human,Clearance,Pembrolizumab,2,NA,NA,Not evaluable
Human,AUC0-tlast,Pembrolizumab,10,1.4084,0.4940571323136819,Evaluated
Human,Cmax,Pembrolizumab,10,1.0153,0.021906076733622215,Evaluated
Human,Clearance,Pembrolizumab,10,NA,NA,Not evaluable
Human,AUC0-tlast,Atezolizumab,1,1.0934,0.12882128065013393,Evaluated
Human,Cmax,Atezolizumab,1,1.0976,0.13435238662336282,Evaluated
Human,Clearance,Atezolizumab,1,NA,NA,Not evaluable
Human,AUC0-tlast,Atezolizumab,3,0.9384,-0.09172508152094092,Evaluated
Human,Cmax,Atezolizumab,3,0.8303,-0.26829539660526547,Evaluated
Human,Clearance,Atezolizumab,3,NA,NA,Not evaluable
Human,AUC0-tlast,Atezolizumab,10,0.9919,-0.01173341457382676,Evaluated
Human,Cmax,Atezolizumab,10,1.021,0.029982866215714315,Evaluated
Human,Clearance,Atezolizumab,10,NA,NA,Not evaluable
Human,AUC0-tlast,Atezolizumab,15,1.0669,0.09342495941910291,Evaluated
Human,Cmax,Atezolizumab,15,1.0278,0.03955955725570582,Evaluated
Human,Clearance,Atezolizumab,15,NA,NA,Not evaluable
Human,AUC0-tlast,Atezolizumab,20,0.9626,-0.05499167158457706,Evaluated
Human,Cmax,Atezolizumab,20,0.8553,-0.22549755489034062,Evaluated
Human,Clearance,Atezolizumab,20,NA,NA,Not evaluable
Human,AUC0-tlast,Avelumab,1,2.1624,1.1126334169852452,Evaluated
Human,Cmax,Avelumab,1,1.2733,0.3485723701596412,Evaluated
Human,Clearance,Avelumab,1,0.1488,-2.748553568441418,Evaluated
Human,AUC0-tlast,Avelumab,3,1.5955,0.6740086086172249,Evaluated
Human,Cmax,Avelumab,3,0.8378,-0.2553222106829261,Evaluated
Human,Clearance,Avelumab,3,0.3195,-1.6461121637150926,Evaluated
Human,AUC0-tlast,Avelumab,10,1.0653,0.09125976619267828,Evaluated
Human,Cmax,Avelumab,10,0.9091,-0.13748909687166025,Evaluated
Human,Clearance,Avelumab,10,0.444,-1.171368418311981,Evaluated
Human,AUC0-tlast,Avelumab,20,1.338,0.42007811597937394,Evaluated
Human,Cmax,Avelumab,20,0.948,-0.07704103576382801,Evaluated
Human,Clearance,Avelumab,20,0.4049,-1.304362451872992,Evaluated
Human,AUC0-tlast,Adalimumab,0.5,1.1635,0.2184712107432615,Evaluated
Human,Cmax,Adalimumab,0.5,0.985,-0.02180437031834845,Evaluated
Human,Clearance,Adalimumab,0.5,0.7476,-0.4196615258042913,Evaluated
Human,AUC0-tlast,Adalimumab,1,1.3678,0.45185729447653983,Evaluated
Human,Cmax,Adalimumab,1,0.926,-0.11091590140185059,Evaluated
Human,Clearance,Adalimumab,1,0.6431,-0.6368850054106817,Evaluated
Human,AUC0-tlast,Adalimumab,3,1.3561,0.43946356799098146,Evaluated
Human,Cmax,Adalimumab,3,1.0208,0.029700234215419886,Evaluated
Human,Clearance,Adalimumab,3,0.6311,-0.6640594714965243,Evaluated
Human,AUC0-tlast,Adalimumab,5,1.0126,0.018064389360361564,Evaluated
Human,Cmax,Adalimumab,5,0.7548,-0.405833671949004,Evaluated
Human,Clearance,Adalimumab,5,NA,NA,Not evaluable
Human,AUC0-tlast,Adalimumab,10,0.9616,-0.056491198838263944,Evaluated
Human,Cmax,Adalimumab,10,0.8327,-0.26413127092642047,Evaluated
Human,Clearance,Adalimumab,10,NA,NA,Not evaluable
Human,AUC0-tlast,Golimumab,0.1,1.7925,0.8419731189271801,Evaluated
Human,Cmax,Golimumab,0.1,0.9482,-0.07673670182305393,Evaluated
Human,Clearance,Golimumab,0.1,0.4522,-1.1449671027979205,Evaluated
Human,AUC0-tlast,Golimumab,0.3,1.209,0.27381424458703657,Evaluated
Human,Cmax,Golimumab,0.3,0.6303,-0.6658894321552473,Evaluated
Human,Clearance,Golimumab,0.3,0.6794,-0.5576668766702485,Evaluated
Human,AUC0-tlast,Golimumab,1,1.0928,0.12802938874064107,Evaluated
Human,Cmax,Golimumab,1,0.8744,-0.1936346938775448,Evaluated
Human,Clearance,Golimumab,1,0.7256,-0.4627536390209269,Evaluated
Human,AUC0-tlast,Golimumab,3,1.4973,0.582363309673199,Evaluated
Human,Cmax,Golimumab,3,1.1717,0.22860323194846943,Evaluated
Human,Clearance,Golimumab,3,0.5695,-0.8122322529539752,Evaluated
Human,AUC0-tlast,Golimumab,6,1.2706,0.3455099242513388,Evaluated
Human,Cmax,Golimumab,6,0.9421,-0.08604789083803648,Evaluated
Human,Clearance,Golimumab,6,0.7659,-0.38477205642117435,Evaluated
Human,AUC0-tlast,Golimumab,10,1.4845,0.5699770933245684,Evaluated
Human,Cmax,Golimumab,10,1.1059,0.14522093708562958,Evaluated
Human,Clearance,Golimumab,10,0.6877,-0.5401487492943315,Evaluated
Human,AUC0-tlast,Bevacizumab,15,1.033,0.04684025420297235,Evaluated
Human,Cmax,Bevacizumab,15,1.2583,0.33147592612318894,Evaluated
Human,Clearance,Bevacizumab,15,1.031,0.04404433270602122,Evaluated
