Molecule,Variability_CV,Design,N_per_group,Total_animals,Dose_mg_kg,Endpoint,Replicates,Fraction_within_2fold,Mean_fold_error,Geometric_mean_fold_error,Relative_bias_percent,RMSE_percent,Median_fold_error,Fold_error_5th_percentile,Fold_error_95th_percentile
Golimumab,0.3,2 dose groups,2,4,1,AUC0-28d,100,0.96,0.9726737946778011,0.9344078541043281,-2.732620532219887,27.475201167695957,0.9509085916724512,0.5589351160666359,1.4018128855401142
Golimumab,0.3,2 dose groups,2,4,1,Cmax,100,1,0.9020313273678237,0.8907274516388045,-9.796867263217635,17.09202264412079,0.9077680568424469,0.6629472850860766,1.1357535654022035
Golimumab,0.3,2 dose groups,2,4,1,Terminal clearance,100,0.99,0.9797125312339812,0.9425909514528652,-2.0287468766018835,27.410689974102837,0.9305580759700893,0.6023220173390085,1.4668768967441657
Golimumab,0.3,2 dose groups,2,4,10,AUC0-28d,100,0.96,0.9593595197584271,0.9167926042213865,-4.064048024157286,28.889872868328382,0.9342889184444043,0.5554217207149647,1.4255695814008247
Golimumab,0.3,2 dose groups,2,4,10,Cmax,100,1,0.8826012409296927,0.871969403772226,-11.739875907030727,17.962661958632584,0.8822384980784181,0.6884717962378901,1.133094868452975
Golimumab,0.3,2 dose groups,2,4,10,Terminal clearance,100,0.99,0.9774089533646468,0.940024664654429,-2.2591046635353162,27.489887135849102,0.9258579770866866,0.5976980053380877,1.4677283495984192
Golimumab,0.3,2 dose groups,3,6,1,AUC0-28d,100,0.98,0.9681973833838415,0.9279436906943517,-3.1802616616158463,28.721592095562514,0.9317171111677225,0.5948650443902601,1.4128342934666007
Golimumab,0.3,2 dose groups,3,6,1,Cmax,100,1,0.8905814229816039,0.8845552892017013,-10.941857701839607,15.058318504380628,0.889278026369395,0.729235150919768,1.0767573662351786
Golimumab,0.3,2 dose groups,3,6,1,Terminal clearance,100,0.99,0.9796701307531279,0.9425622797870341,-2.032986924687208,27.405006414268428,0.9302867249698975,0.6023404565847008,1.466350590496558
Golimumab,0.3,2 dose groups,3,6,10,AUC0-28d,100,0.99,0.9621834448081983,0.9217933702259454,-3.7816555191801715,28.23757142547374,0.9583150995748414,0.5847571252576682,1.429402470906865
Golimumab,0.3,2 dose groups,3,6,10,Cmax,100,1,0.8859190159176081,0.876846843548822,-11.408098408239187,16.950587596535076,0.8972084911677078,0.6871675426819069,1.0713706100447908
Golimumab,0.3,2 dose groups,3,6,10,Terminal clearance,100,0.99,0.9775004239829775,0.9400893985485004,-2.249957601702246,27.50821942336653,0.92916226957466,0.5992547438427139,1.4681873822430536
Golimumab,0.3,2 dose groups,6,12,1,AUC0-28d,100,1,0.9747649870678151,0.9404821605863819,-2.5235012932184886,26.12180971863235,0.9291393493928681,0.5752639129618665,1.433151569611257
Golimumab,0.3,2 dose groups,6,12,1,Cmax,100,1,0.8997655271461242,0.8965426023748742,-10.023447285387576,12.513166804435702,0.9046294141905804,0.7679620046779484,1.011365830776875
Golimumab,0.3,2 dose groups,6,12,1,Terminal clearance,100,0.99,0.9797094187950021,0.9425979279834689,-2.0290581204997937,27.40598018018047,0.9305468456176389,0.6023963702182343,1.4661423902314195
Golimumab,0.3,2 dose groups,6,12,10,AUC0-28d,100,1,0.9632135618423155,0.9311248098640406,-3.6786438157684453,25.297356811651905,0.9663912400408954,0.6111600513371864,1.4709495521606146
Golimumab,0.3,2 dose groups,6,12,10,Cmax,100,1,0.8890108742025573,0.8859307635191284,-11.098912579744269,13.338579669501943,0.8996595648090457,0.7797660429911429,1.036252680542307
Golimumab,0.3,2 dose groups,6,12,10,Terminal clearance,100,0.99,0.9776216654918765,0.9401670110868915,-2.2378334508123543,27.516581989570426,0.9275400168829822,0.5990013201250894,1.4685266769144572
Golimumab,0.3,3 dose groups,2,6,0.1,AUC0-28d,100,0.99,0.9718781504246663,0.9283481179669693,-2.81218495753337,29.581720070377234,0.9386477821356163,0.5600574419358774,1.489238875220691
Golimumab,0.3,3 dose groups,2,6,0.1,Cmax,100,1,0.8960159027190105,0.8854041817959873,-10.398409728098946,17.21751649412683,0.8934357169384608,0.685498432410658,1.1247391317269293
Golimumab,0.3,3 dose groups,2,6,0.1,Terminal clearance,100,0.99,0.9800606885012499,0.9430690378006553,-1.9939311498750056,27.361286530194125,0.9305420367923725,0.6021004458337832,1.4664518422960364
Golimumab,0.3,3 dose groups,2,6,1,AUC0-28d,100,0.96,0.9726737946778011,0.9344078541043281,-2.732620532219887,27.475201167695957,0.9509085916724512,0.5589351160666359,1.4018128855401142
Golimumab,0.3,3 dose groups,2,6,1,Cmax,100,1,0.9020313273678237,0.8907274516388045,-9.796867263217635,17.09202264412079,0.9077680568424469,0.6629472850860766,1.1357535654022035
Golimumab,0.3,3 dose groups,2,6,1,Terminal clearance,100,0.99,0.9797125312339812,0.9425909514528652,-2.0287468766018835,27.410689974102837,0.9305580759700893,0.6023220173390085,1.4668768967441657
Golimumab,0.3,3 dose groups,2,6,10,AUC0-28d,100,0.96,0.9593595197584271,0.9167926042213865,-4.064048024157286,28.889872868328382,0.9342889184444043,0.5554217207149647,1.4255695814008247
Golimumab,0.3,3 dose groups,2,6,10,Cmax,100,1,0.8826012409296927,0.871969403772226,-11.739875907030727,17.962661958632584,0.8822384980784181,0.6884717962378901,1.133094868452975
Golimumab,0.3,3 dose groups,2,6,10,Terminal clearance,100,0.99,0.9774089533646468,0.940024664654429,-2.2591046635353162,27.489887135849102,0.9258579770866866,0.5976980053380877,1.4677283495984192
Golimumab,0.3,3 dose groups,3,9,0.1,AUC0-28d,100,1,0.9643278257334356,0.9213546403498245,-3.567217426656444,29.59180112245931,0.9220944306011916,0.5653682080515587,1.438130160222223
Golimumab,0.3,3 dose groups,3,9,0.1,Cmax,100,1,0.8870384718383619,0.8786665917721876,-11.296152816163808,16.53833786829688,0.8945466400900799,0.6880615566498841,1.0685975807495693
Golimumab,0.3,3 dose groups,3,9,0.1,Terminal clearance,100,0.99,0.9799793369706785,0.9429886021722629,-2.0020663029321484,27.357694284249106,0.9302950359610129,0.6018188079047709,1.4671517533276417
Golimumab,0.3,3 dose groups,3,9,1,AUC0-28d,100,0.98,0.9681973833838415,0.9279436906943517,-3.1802616616158463,28.721592095562514,0.9317171111677225,0.5948650443902601,1.4128342934666007
Golimumab,0.3,3 dose groups,3,9,1,Cmax,100,1,0.8905814229816039,0.8845552892017013,-10.941857701839607,15.058318504380628,0.889278026369395,0.729235150919768,1.0767573662351786
Golimumab,0.3,3 dose groups,3,9,1,Terminal clearance,100,0.99,0.9796701307531279,0.9425622797870341,-2.032986924687208,27.405006414268428,0.9302867249698975,0.6023404565847008,1.466350590496558
Golimumab,0.3,3 dose groups,3,9,10,AUC0-28d,100,0.99,0.9621834448081983,0.9217933702259454,-3.7816555191801715,28.23757142547374,0.9583150995748414,0.5847571252576682,1.429402470906865
Golimumab,0.3,3 dose groups,3,9,10,Cmax,100,1,0.8859190159176081,0.876846843548822,-11.408098408239187,16.950587596535076,0.8972084911677078,0.6871675426819069,1.0713706100447908
Golimumab,0.3,3 dose groups,3,9,10,Terminal clearance,100,0.99,0.9775004239829775,0.9400893985485004,-2.249957601702246,27.50821942336653,0.92916226957466,0.5992547438427139,1.4681873822430536
Golimumab,0.3,3 dose groups,6,18,0.1,AUC0-28d,100,0.99,0.9627917120288738,0.9322226301286588,-3.7208287971126186,24.744462273373,0.9743688400627912,0.6230746018090991,1.3414599753814531
Golimumab,0.3,3 dose groups,6,18,0.1,Cmax,100,1,0.89182697810705025,0.8890059542951138,-10.817302189294974,12.954473784457932,0.8887402665906885,0.7723194685271283,1.0104592646615491
Golimumab,0.3,3 dose groups,6,18,0.1,Terminal clearance,100,0.99,0.9799638789429727,0.9429884396943051,-2.0036121057027345,27.355703007605488,0.9299441020213164,0.6023876513745076,1.4659460318698658
Golimumab,0.3,3 dose groups,6,18,1,AUC0-28d,100,1,0.9747649870678151,0.9404821605863819,-2.5235012932184886,26.12180971863235,0.9291393493928681,0.5752639129618665,1.433151569611257
Golimumab,0.3,3 dose groups,6,18,1,Cmax,100,1,0.8997655271461242,0.8965426023748742,-10.023447285387576,12.513166804435702,0.9046294141905804,0.7679620046779484,1.011365830776875
Golimumab,0.3,3 dose groups,6,18,1,Terminal clearance,100,0.99,0.9797094187950021,0.9425979279834689,-2.0290581204997937,27.40598018018047,0.9305468456176389,0.6023963702182343,1.4661423902314195
Golimumab,0.3,3 dose groups,6,18,10,AUC0-28d,100,1,0.9632135618423155,0.9311248098640406,-3.6786438157684453,25.297356811651905,0.9663912400408954,0.6111600513371864,1.4709495521606146
Golimumab,0.3,3 dose groups,6,18,10,Cmax,100,1,0.8890108742025573,0.8859307635191284,-11.098912579744269,13.338579669501943,0.8996595648090457,0.7797660429911429,1.036252680542307
Golimumab,0.3,3 dose groups,6,18,10,Terminal clearance,100,0.99,0.9776216654918765,0.9401670110868915,-2.2378334508123543,27.516581989570426,0.9275400168829822,0.5990013201250894,1.4685266769144572
Golimumab,0.3,5 dose groups,2,10,0.1,AUC0-28d,100,0.99,0.9718781504246663,0.9283481179669693,-2.81218495753337,29.581720070377234,0.9386477821356163,0.5600574419358774,1.489238875220691
Golimumab,0.3,5 dose groups,2,10,0.1,Cmax,100,1,0.8960159027190105,0.8854041817959873,-10.398409728098946,17.21751649412683,0.8934357169384608,0.685498432410658,1.1247391317269293
Golimumab,0.3,5 dose groups,2,10,0.1,Terminal clearance,100,0.99,0.9800606885012499,0.9430690378006553,-1.9939311498750056,27.361286530194125,0.9305420367923725,0.6021004458337832,1.4664518422960364
Golimumab,0.3,5 dose groups,2,10,1,AUC0-28d,100,0.96,0.9726737946778011,0.9344078541043281,-2.732620532219887,27.475201167695957,0.9509085916724512,0.5589351160666359,1.4018128855401142
Golimumab,0.3,5 dose groups,2,10,1,Cmax,100,1,0.9020313273678237,0.8907274516388045,-9.796867263217635,17.09202264412079,0.9077680568424469,0.6629472850860766,1.1357535654022035
Golimumab,0.3,5 dose groups,2,10,1,Terminal clearance,100,0.99,0.9797125312339812,0.9425909514528652,-2.0287468766018835,27.410689974102837,0.9305580759700893,0.6023220173390085,1.4668768967441657
Golimumab,0.3,5 dose groups,2,10,3,AUC0-28d,100,0.96,0.9561262831778563,0.9070943174759848,-4.387371682214369,31.449156420285895,0.9606616267620911,0.5400894909882581,1.6080399146538757
Golimumab,0.3,5 dose groups,2,10,3,Cmax,100,1,0.8773594269118492,0.8641775387768446,-12.26405730881508,19.5418807707522,0.8712381829427768,0.6680321789214884,1.1607663506262516
Golimumab,0.3,5 dose groups,2,10,3,Terminal clearance,100,0.99,0.979080603345263,0.9419300475142091,-2.0919396654736966,27.415334155783555,0.9290335080337833,0.6024728752043736,1.4652239375338185
Golimumab,0.3,5 dose groups,2,10,10,AUC0-28d,100,0.96,0.9593595197584271,0.9167926042213865,-4.064048024157286,28.889872868328382,0.9342889184444043,0.5554217207149647,1.4255695814008247
Golimumab,0.3,5 dose groups,2,10,10,Cmax,100,1,0.8826012409296927,0.871969403772226,-11.739875907030727,17.962661958632584,0.8822384980784181,0.6884717962378901,1.133094868452975
Golimumab,0.3,5 dose groups,2,10,10,Terminal clearance,100,0.99,0.9774089533646468,0.940024664654429,-2.2591046635353162,27.489887135849102,0.9258579770866866,0.5976980053380877,1.4677283495984192
Golimumab,0.3,5 dose groups,2,10,30,AUC0-28d,100,0.98,0.9812110278664832,0.9466339681220673,-1.8788972133516824,26.772009852031392,0.9658676233458302,0.6006737988129138,1.341721423109432
Golimumab,0.3,5 dose groups,2,10,30,Cmax,100,1,0.9058794821886398,0.8975418004117777,-9.412051781136022,15.537673051721878,0.8973703331932629,0.7339518403480244,1.1350059561342067
Golimumab,0.3,5 dose groups,2,10,30,Terminal clearance,100,0.98,0.9744769166017577,0.936201665458608,-2.5523083398242274,27.798037419613724,0.9203045093425785,0.5923073267102766,1.4582743636977757
Golimumab,0.3,5 dose groups,3,15,0.1,AUC0-28d,100,1,0.9643278257334356,0.9213546403498245,-3.567217426656444,29.59180112245931,0.9220944306011916,0.5653682080515587,1.438130160222223
Golimumab,0.3,5 dose groups,3,15,0.1,Cmax,100,1,0.8870384718383619,0.8786665917721876,-11.296152816163808,16.53833786829688,0.8945466400900799,0.6880615566498841,1.0685975807495693
Golimumab,0.3,5 dose groups,3,15,0.1,Terminal clearance,100,0.99,0.9799793369706785,0.9429886021722629,-2.0020663029321484,27.357694284249106,0.9302950359610129,0.6018188079047709,1.4671517533276417
Golimumab,0.3,5 dose groups,3,15,1,AUC0-28d,100,0.98,0.9681973833838415,0.9279436906943517,-3.1802616616158463,28.721592095562514,0.9317171111677225,0.5948650443902601,1.4128342934666007
Golimumab,0.3,5 dose groups,3,15,1,Cmax,100,1,0.8905814229816039,0.8845552892017013,-10.941857701839607,15.058318504380628,0.889278026369395,0.729235150919768,1.0767573662351786
Golimumab,0.3,5 dose groups,3,15,1,Terminal clearance,100,0.99,0.9796701307531279,0.9425622797870341,-2.032986924687208,27.405006414268428,0.9302867249698975,0.6023404565847008,1.466350590496558
Golimumab,0.3,5 dose groups,3,15,3,AUC0-28d,100,0.98,0.9338140886822339,0.9001494020681657,-6.618591131776608,26.650440340834532,0.8976312820646919,0.5672348155260089,1.383016381928162
Golimumab,0.3,5 dose groups,3,15,3,Cmax,100,1,0.8648434716471987,0.857553340868742,-13.515652835280134,17.589324327224208,0.8600482627348934,0.6833667684527764,1.0676007155083016
Golimumab,0.3,5 dose groups,3,15,3,Terminal clearance,100,0.99,0.979069155818645,0.9418734677695678,-2.0930844181355046,27.431813065756,0.9293564033115351,0.6013982786762424,1.466939663169483
Golimumab,0.3,5 dose groups,3,15,10,AUC0-28d,100,0.99,0.9621834448081983,0.9217933702259454,-3.7816555191801715,28.23757142547374,0.9583150995748414,0.5847571252576682,1.429402470906865
Golimumab,0.3,5 dose groups,3,15,10,Cmax,100,1,0.8859190159176081,0.876846843548822,-11.408098408239187,16.950587596535076,0.8972084911677078,0.6871675426819069,1.0713706100447908
Golimumab,0.3,5 dose groups,3,15,10,Terminal clearance,100,0.99,0.9775004239829775,0.9400893985485004,-2.249957601702246,27.50821942336653,0.92916226957466,0.5992547438427139,1.4681873822430536
Golimumab,0.3,5 dose groups,3,15,30,AUC0-28d,100,0.98,0.9748984980151529,0.9384924051643398,-2.5101501984847063,26.776811027208925,0.9723383357752806,0.5983167978606132,1.4172593167251857
Golimumab,0.3,5 dose groups,3,15,30,Cmax,100,1,0.8958545616949264,0.8891934406793282,-10.41454383050736,15.040764140819999,0.8951480212883764,0.7125103325307552,1.0669914670417895
Golimumab,0.3,5 dose groups,3,15,30,Terminal clearance,100,0.99,0.9736460082691772,0.9356277992988913,-2.6353991730822757,27.691454463820957,0.9199576054265732,0.5915756318928893,1.4759373138346137
Golimumab,0.3,5 dose groups,6,30,0.1,AUC0-28d,100,0.99,0.9627917120288738,0.9322226301286588,-3.7208287971126186,24.744462273373,0.9743688400627912,0.6230746018090991,1.3414599753814531
Golimumab,0.3,5 dose groups,6,30,0.1,Cmax,100,1,0.89182697810705025,0.8890059542951138,-10.817302189294974,12.954473784457932,0.8887402665906885,0.7723194685271283,1.0104592646615491
Golimumab,0.3,5 dose groups,6,30,0.1,Terminal clearance,100,0.99,0.9799638789429727,0.9429884396943051,-2.0036121057027345,27.355703007605488,0.9299441020213164,0.6023876513745076,1.4659460318698658
Golimumab,0.3,5 dose groups,6,30,1,AUC0-28d,100,1,0.9747649870678151,0.9404821605863819,-2.5235012932184886,26.12180971863235,0.9291393493928681,0.5752639129618665,1.433151569611257
Golimumab,0.3,5 dose groups,6,30,1,Cmax,100,1,0.8997655271461242,0.8965426023748742,-10.023447285387576,12.513166804435702,0.9046294141905804,0.7679620046779484,1.011365830776875
Golimumab,0.3,5 dose groups,6,30,1,Terminal clearance,100,0.99,0.9797094187950021,0.9425979279834689,-2.0290581204997937,27.40598018018047,0.9305468456176389,0.6023963702182343,1.4661423902314195
Golimumab,0.3,5 dose groups,6,30,3,AUC0-28d,100,0.99,0.9584666320683226,0.9261965679147641,-4.153336793167739,25.10810143903173,0.9394866897225624,0.6140769546929132,1.419597676543605
Golimumab,0.3,5 dose groups,6,30,3,Cmax,100,1,0.8861788360125651,0.8825168939267988,-11.382116398743491,13.919292613022686,0.8809923198101575,0.7471541033470727,1.0194831287177917
Golimumab,0.3,5 dose groups,6,30,3,Terminal clearance,100,0.99,0.9791837047850044,0.9419898312916457,-2.0816295214995617,27.432300627885247,0.9299348526771731,0.6016752700196777,1.4670057439924327
Golimumab,0.3,5 dose groups,6,30,10,AUC0-28d,100,1,0.9632135618423155,0.9311248098640406,-3.6786438157684453,25.297356811651905,0.9663912400408954,0.6111600513371864,1.4709495521606146
Golimumab,0.3,5 dose groups,6,30,10,Cmax,100,1,0.8890108742025573,0.8859307635191284,-11.098912579744269,13.338579669501943,0.8996595648090457,0.7797660429911429,1.036252680542307
Golimumab,0.3,5 dose groups,6,30,10,Terminal clearance,100,0.99,0.9776216654918765,0.9401670110868915,-2.2378334508123543,27.516581989570426,0.9275400168829822,0.5990013201250894,1.4685266769144572
Golimumab,0.3,5 dose groups,6,30,30,AUC0-28d,100,1,0.9713761757307704,0.937265285295429,-2.8623824269229603,25.95419112387582,0.9571485050049464,0.5906368958410017,1.3676910204614603
Golimumab,0.3,5 dose groups,6,30,30,Cmax,100,1,0.8910987703985799,0.8884810279580418,-10.890122960142012,12.830608305335373,0.9019121919588173,0.7713377320535106,0.9916214961746617
Golimumab,0.3,5 dose groups,6,30,30,Terminal clearance,100,0.99,0.973262031870406,0.9353497717695138,-2.6737968129593948,27.658083701873675,0.9236865518893329,0.5899014431865104,1.4675709011086333
Golimumab,0.6,2 dose groups,2,4,1,AUC0-28d,100,0.93,1.0347815133512626,0.9659704954421139,3.478151335126256,36.861388770165455,1.0291614052530107,0.4340744351905784,1.7020435858760357
Golimumab,0.6,2 dose groups,2,4,1,Cmax,100,1,0.8958715837987103,0.8821261777669706,-10.412841620128965,18.58733726224561,0.9141242785033183,0.6350159727675597,1.1641833364804504
Golimumab,0.6,2 dose groups,2,4,1,Terminal clearance,100,0.89,0.9651399857418669,0.8911330978576992,-3.486001425813312,40.52011502435855,0.8640393163575786,0.45562969025820865,1.800862871985391
Golimumab,0.6,2 dose groups,2,4,10,AUC0-28d,100,0.94,1.0147471048907493,0.9473398781115716,1.4747104890749263,36.596965343750135,0.9627329106548355,0.4976995531039408,1.7247885158185075
Golimumab,0.6,2 dose groups,2,4,10,Cmax,100,1,0.8730649235158054,0.8625721480725222,-12.693507648419455,18.38492655625516,0.8762441001648645,0.6396781514148576,1.0927147150572616
Golimumab,0.6,2 dose groups,2,4,10,Terminal clearance,100,0.89,0.9627221568276879,0.8881420691181046,-3.7277843172312086,40.648938574461724,0.858263390275958,0.4530547644534116,1.8003611751646673
Golimumab,0.6,2 dose groups,3,6,1,AUC0-28d,100,0.93,1.0535381275873708,0.9849814955838813,5.353812758737075,37.88031648362382,1.0316956089168734,0.4901877519276065,1.810702906800757
Golimumab,0.6,2 dose groups,3,6,1,Cmax,100,1,0.9047746598155996,0.899474868892596,-9.522534018440043,13.624201913953474,0.9071408516351398,0.7267414554910933,1.0672733797200007
Golimumab,0.6,2 dose groups,3,6,1,Terminal clearance,100,0.89,0.9650700555757726,0.8910966874557525,-3.4929944424227366,40.51028232741472,0.8639529759033355,0.4556865945727184,1.8007472756790208
Golimumab,0.6,2 dose groups,3,6,10,AUC0-28d,100,0.92,1.0410402048473808,0.9722454977397621,4.10402048473808,36.67720758733124,1.0407754654941455,0.4778309569728181,1.6817974453340427
Golimumab,0.6,2 dose groups,3,6,10,Cmax,100,1,0.8943306975911763,0.8857326684701874,-10.566930240882366,16.130048421497246,0.9022689610316807,0.694734852609804,1.098416241180114
Golimumab,0.6,2 dose groups,3,6,10,Terminal clearance,100,0.9,0.962985083351233,0.8884978411529159,-3.7014916648766993,40.60792808468619,0.8615350660786708,0.45258341359570864,1.794170026790383
Golimumab,0.6,2 dose groups,6,12,1,AUC0-28d,100,0.95,1.0326075817562015,0.9685305440776386,3.2607581756201487,35.646114283433114,1.0088114831961672,0.5351540872376023,1.7383183188211566
Golimumab,0.6,2 dose groups,6,12,1,Cmax,100,1,0.888216851309976,0.8844458462124414,-11.178314869002403,13.824318639628816,0.888489021730154,0.7531965265619549,1.0207398228954143
Golimumab,0.6,2 dose groups,6,12,1,Terminal clearance,100,0.89,0.9650671287834915,0.8910821705805999,-3.4932871216508454,40.512894761323714,0.8639259210905816,0.4556617075801682,1.8001331142051684
Golimumab,0.6,2 dose groups,6,12,10,AUC0-28d,100,0.96,1.0565924482169322,0.9921773819157853,5.659244821693221,37.15747582650168,1.0168620017226653,0.50515146755579865,1.7522715726879867
Golimumab,0.6,2 dose groups,6,12,10,Cmax,100,1,0.9087249252411856,0.9042918622628869,-9.127507475881435,12.810756103269815,0.9105404672862413,0.7739435231504201,1.0608363757230053
Golimumab,0.6,2 dose groups,6,12,10,Terminal clearance,100,0.89,0.963393791643673,0.8887538200271105,-3.6606208356326997,40.678669891068296,0.8636135472808306,0.45218871182065284,1.8006545323762235
Golimumab,0.6,3 dose groups,2,6,0.1,AUC0-28d,100,0.93,1.0348051672657945,0.9546334160793242,3.4805167265794523,41.17953051960656,0.9641835940482231,0.4918264651092973,1.7898888074618506
Golimumab,0.6,3 dose groups,2,6,0.1,Cmax,100,1,0.8829308321392642,0.8720857585129026,-11.706916786073585,18.03131950251975,0.8967319159488703,0.6489175458020253,1.1482964687460395
Golimumab,0.6,3 dose groups,2,6,0.1,Terminal clearance,100,0.9,0.9652297247288547,0.8914508695292583,-3.477027527114529,40.42855503234514,0.8646214389055117,0.4552685246909411,1.7985509279944636
Golimumab,0.6,3 dose groups,2,6,1,AUC0-28d,100,0.93,1.0347815133512626,0.9659704954421139,3.478151335126256,36.861388770165455,1.0291614052530107,0.4340744351905784,1.7020435858760357
Golimumab,0.6,3 dose groups,2,6,1,Cmax,100,1,0.8958715837987103,0.8821261777669706,-10.412841620128965,18.58733726224561,0.9141242785033183,0.6350159727675597,1.1641833364804504
Golimumab,0.6,3 dose groups,2,6,1,Terminal clearance,100,0.89,0.9651399857418669,0.8911330978576992,-3.486001425813312,40.52011502435855,0.8640393163575786,0.45562969025820865,1.800862871985391
Golimumab,0.6,3 dose groups,2,6,10,AUC0-28d,100,0.94,1.0147471048907493,0.9473398781115716,1.4747104890749263,36.596965343750135,0.9627329106548355,0.4976995531039408,1.7247885158185075
Golimumab,0.6,3 dose groups,2,6,10,Cmax,100,1,0.8730649235158054,0.8625721480725222,-12.693507648419455,18.38492655625516,0.8762441001648645,0.6396781514148576,1.0927147150572616
Golimumab,0.6,3 dose groups,2,6,10,Terminal clearance,100,0.89,0.9627221568276879,0.8881420691181046,-3.7277843172312086,40.648938574461724,0.858263390275958,0.4530547644534116,1.8003611751646673
Golimumab,0.6,3 dose groups,3,9,0.1,AUC0-28d,100,0.95,1.0369945677252623,0.9728190542300695,3.699456772526233,36.209842745342876,1.067993111637354,0.5213707606425488,1.61320558194687
Golimumab,0.6,3 dose groups,3,9,0.1,Cmax,100,1,0.8955636013823529,0.8887249828853846,-10.443639861764709,15.103278057189353,0.8918207129900552,0.7319982810500257,1.0479390546790912
Golimumab,0.6,3 dose groups,3,9,0.1,Terminal clearance,100,0.9,0.9653279410067347,0.8915261051294249,-3.467205899326531,40.43833180718915,0.8624174136840931,0.4552100263744947,1.7974695959992855
Golimumab,0.6,3 dose groups,3,9,1,AUC0-28d,100,0.93,1.0535381275873708,0.9849814955838813,5.353812758737075,37.88031648362382,1.0316956089168734,0.4901877519276065,1.810702906800757
Golimumab,0.6,3 dose groups,3,9,1,Cmax,100,1,0.9047746598155996,0.899474868892596,-9.522534018440043,13.624201913953474,0.9071408516351398,0.7267414554910933,1.0672733797200007
Golimumab,0.6,3 dose groups,3,9,1,Terminal clearance,100,0.89,0.9650700555757726,0.8910966874557525,-3.4929944424227366,40.51028232741472,0.8639529759033355,0.4556865945727184,1.8007472756790208
Golimumab,0.6,3 dose groups,3,9,10,AUC0-28d,100,0.92,1.0410402048473808,0.9722454977397621,4.10402048473808,36.67720758733124,1.0407754654941455,0.4778309569728181,1.6817974453340427
Golimumab,0.6,3 dose groups,3,9,10,Cmax,100,1,0.8943306975911763,0.8857326684701874,-10.566930240882366,16.130048421497246,0.9022689610316807,0.694734852609804,1.098416241180114
Golimumab,0.6,3 dose groups,3,9,10,Terminal clearance,100,0.9,0.962985083351233,0.8884978411529159,-3.7014916648766993,40.60792808468619,0.8615350660786708,0.45258341359570864,1.794170026790383
Golimumab,0.6,3 dose groups,6,18,0.1,AUC0-28d,100,0.95,1.0294318190745633,0.9687147334569168,2.943181907456327,35.406501987703834,1.0206450919944365,0.5097961209781112,1.7160459534981376
Golimumab,0.6,3 dose groups,6,18,0.1,Cmax,100,1,0.889126012141226,0.8851265496740482,-11.0873987858774,13.890715299015922,0.8837397350158807,0.7636824178994195,1.0327754440471213
Golimumab,0.6,3 dose groups,6,18,0.1,Terminal clearance,100,0.9,0.9655614433195049,0.8917994301691261,-3.4438556680495114,40.442111662730795,0.8633636212783024,0.4563660180052013,1.7974438951275908
Golimumab,0.6,3 dose groups,6,18,1,AUC0-28d,100,0.95,1.0326075817562015,0.9685305440776386,3.2607581756201487,35.646114283433114,1.0088114831961672,0.5351540872376023,1.7383183188211566
Golimumab,0.6,3 dose groups,6,18,1,Cmax,100,1,0.888216851309976,0.8844458462124414,-11.178314869002403,13.824318639628816,0.888489021730154,0.7531965265619549,1.0207398228954143
Golimumab,0.6,3 dose groups,6,18,1,Terminal clearance,100,0.89,0.9650671287834915,0.8910821705805999,-3.4932871216508454,40.512894761323714,0.8639259210905816,0.4556617075801682,1.8001331142051684
Golimumab,0.6,3 dose groups,6,18,10,AUC0-28d,100,0.96,1.0565924482169322,0.9921773819157853,5.659244821693221,37.15747582650168,1.0168620017226653,0.50515146755579865,1.7522715726879867
Golimumab,0.6,3 dose groups,6,18,10,Cmax,100,1,0.9087249252411856,0.9042918622628869,-9.127507475881435,12.810756103269815,0.9105404672862413,0.7739435231504201,1.0608363757230053
Golimumab,0.6,3 dose groups,6,18,10,Terminal clearance,100,0.89,0.963393791643673,0.8887538200271105,-3.6606208356326997,40.678669891068296,0.8636135472808306,0.45218871182065284,1.8006545323762235
Golimumab,0.6,5 dose groups,2,10,0.1,AUC0-28d,100,0.93,1.0348051672657945,0.9546334160793242,3.4805167265794523,41.17953051960656,0.9641835940482231,0.4918264651092973,1.7898888074618506
Golimumab,0.6,5 dose groups,2,10,0.1,Cmax,100,1,0.8829308321392642,0.8720857585129026,-11.706916786073585,18.03131950251975,0.8967319159488703,0.6489175458020253,1.1482964687460395
Golimumab,0.6,5 dose groups,2,10,0.1,Terminal clearance,100,0.9,0.9652297247288547,0.8914508695292583,-3.477027527114529,40.42855503234514,0.8646214389055117,0.4552685246909411,1.7985509279944636
Golimumab,0.6,5 dose groups,2,10,1,AUC0-28d,100,0.93,1.0347815133512626,0.9659704954421139,3.478151335126256,36.861388770165455,1.0291614052530107,0.4340744351905784,1.7020435858760357
Golimumab,0.6,5 dose groups,2,10,1,Cmax,100,1,0.8958715837987103,0.8821261777669706,-10.412841620128965,18.58733726224561,0.9141242785033183,0.6350159727675597,1.1641833364804504
Golimumab,0.6,5 dose groups,2,10,1,Terminal clearance,100,0.89,0.9651399857418669,0.8911330978576992,-3.486001425813312,40.52011502435855,0.8640393163575786,0.45562969025820865,1.800862871985391
Golimumab,0.6,5 dose groups,2,10,3,AUC0-28d,100,0.93,1.0219253613199561,0.9489885845597201,2.192536131995615,38.5587954440066,0.9908821317588565,0.48039364338898777,1.694962826894544
Golimumab,0.6,5 dose groups,2,10,3,Cmax,100,1,0.8766076343602494,0.8659994666100069,-12.339236563975064,18.35891983038755,0.8768709012521587,0.6808328982967817,1.1079559513287423
Golimumab,0.6,5 dose groups,2,10,3,Terminal clearance,100,0.89,0.9644837479246565,0.8903884249520764,-3.551625207534348,40.53932698511152,0.8635785735525291,0.4550580860559035,1.7994174232805091
Golimumab,0.6,5 dose groups,2,10,10,AUC0-28d,100,0.94,1.0147471048907493,0.9473398781115716,1.4747104890749263,36.596965343750135,0.9627329106548355,0.4976995531039408,1.7247885158185075
Golimumab,0.6,5 dose groups,2,10,10,Cmax,100,1,0.8730649235158054,0.8625721480725222,-12.693507648419455,18.38492655625516,0.8762441001648645,0.6396781514148576,1.0927147150572616
Golimumab,0.6,5 dose groups,2,10,10,Terminal clearance,100,0.89,0.9627221568276879,0.8881420691181046,-3.7277843172312086,40.648938574461724,0.858263390275958,0.4530547644534116,1.8003611751646673
Golimumab,0.6,5 dose groups,2,10,30,AUC0-28d,100,0.93,1.0223555676391758,0.9619664845167487,2.235556763917579,34.7833473342105,1.013233045714006,0.4935994070497043,1.666260834925854
Golimumab,0.6,5 dose groups,2,10,30,Cmax,100,1,0.8817617123899635,0.8712988925092268,-11.823828761003652,17.87398535316593,0.8773656764873168,0.6720443005752694,1.1172639708302945
Golimumab,0.6,5 dose groups,2,10,30,Terminal clearance,100,0.89,0.9585156392209722,0.8827423551869191,-4.148436077902784,40.84109821603653,0.8552763778566507,0.4466373520856573,1.8184004761746329
Golimumab,0.6,5 dose groups,3,15,0.1,AUC0-28d,100,0.95,1.0369945677252623,0.9728190542300695,3.699456772526233,36.209842745342876,1.067993111637354,0.5213707606425488,1.61320558194687
Golimumab,0.6,5 dose groups,3,15,0.1,Cmax,100,1,0.8955636013823529,0.8887249828853846,-10.443639861764709,15.103278057189353,0.8918207129900552,0.7319982810500257,1.0479390546790912
Golimumab,0.6,5 dose groups,3,15,0.1,Terminal clearance,100,0.9,0.9653279410067347,0.8915261051294249,-3.467205899326531,40.43833180718915,0.8624174136840931,0.4552100263744947,1.7974695959992855
Golimumab,0.6,5 dose groups,3,15,1,AUC0-28d,100,0.93,1.0535381275873708,0.9849814955838813,5.353812758737075,37.88031648362382,1.0316956089168734,0.4901877519276065,1.810702906800757
Golimumab,0.6,5 dose groups,3,15,1,Cmax,100,1,0.9047746598155996,0.899474868892596,-9.522534018440043,13.624201913953474,0.9071408516351398,0.7267414554910933,1.0672733797200007
Golimumab,0.6,5 dose groups,3,15,1,Terminal clearance,100,0.89,0.9650700555757726,0.8910966874557525,-3.4929944424227366,40.51028232741472,0.8639529759033355,0.4556865945727184,1.8007472756790208
Golimumab,0.6,5 dose groups,3,15,3,AUC0-28d,100,0.96,1.0523090762495722,0.9896916634171338,5.230907624957215,36.22618674286349,1.043871340242835,0.5208540286788689,1.7364192716260682
Golimumab,0.6,5 dose groups,3,15,3,Cmax,100,1,0.9096838456810011,0.903390628471499,-9.031615431899887,13.98251619370896,0.893633735404739,0.7634627358888788,1.0718333962198052
Golimumab,0.6,5 dose groups,3,15,3,Terminal clearance,100,0.89,0.9647432793355676,0.8905849017805901,-3.5256720664432417,40.55813170653897,0.8637503915382145,0.4551599452314794,1.8020896245387514
Golimumab,0.6,5 dose groups,3,15,10,AUC0-28d,100,0.92,1.0410402048473808,0.9722454977397621,4.10402048473808,36.67720758733124,1.0407754654941455,0.4778309569728181,1.6817974453340427
Golimumab,0.6,5 dose groups,3,15,10,Cmax,100,1,0.8943306975911763,0.8857326684701874,-10.566930240882366,16.130048421497246,0.9022689610316807,0.694734852609804,1.098416241180114
Golimumab,0.6,5 dose groups,3,15,10,Terminal clearance,100,0.9,0.962985083351233,0.8884978411529159,-3.7014916648766993,40.60792808468619,0.8615350660786708,0.45258341359570864,1.794170026790383
Golimumab,0.6,5 dose groups,3,15,30,AUC0-28d,100,0.94,1.051692801387196,0.9872852056514165,5.169280138719601,36.14085913678116,1.0490178679858742,0.5044498863279161,1.626907983494588
Golimumab,0.6,5 dose groups,3,15,30,Cmax,100,1,0.9020282789664867,0.8954676095581834,-9.797172103351325,14.6075439380031,0.8925096579189604,0.7241651115968479,1.0669612634935
Golimumab,0.6,5 dose groups,3,15,30,Terminal clearance,100,0.9,0.9591801245007202,0.8836677192404653,-4.0819875499279785,40.79016857725733,0.8527457333607209,0.44815531808691644,1.7989761300854297
Golimumab,0.6,5 dose groups,6,30,0.1,AUC0-28d,100,0.95,1.0294318190745633,0.9687147334569168,2.943181907456327,35.406501987703834,1.0206450919944365,0.5097961209781112,1.7160459534981376
Golimumab,0.6,5 dose groups,6,30,0.1,Cmax,100,1,0.889126012141226,0.8851265496740482,-11.0873987858774,13.890715299015922,0.8837397350158807,0.7636824178994195,1.0327754440471213
Golimumab,0.6,5 dose groups,6,30,0.1,Terminal clearance,100,0.9,0.9655614433195049,0.8917994301691261,-3.4438556680495114,40.442111662730795,0.8633636212783024,0.4563660180052013,1.7974438951275908
Golimumab,0.6,5 dose groups,6,30,1,AUC0-28d,100,0.95,1.0326075817562015,0.9685305440776386,3.2607581756201487,35.646114283433114,1.0088114831961672,0.5351540872376023,1.7383183188211566
Golimumab,0.6,5 dose groups,6,30,1,Cmax,100,1,0.888216851309976,0.8844458462124414,-11.178314869002403,13.824318639628816,0.888489021730154,0.7531965265619549,1.0207398228954143
Golimumab,0.6,5 dose groups,6,30,1,Terminal clearance,100,0.89,0.9650671287834915,0.8910821705805999,-3.4932871216508454,40.512894761323714,0.8639259210905816,0.4556617075801682,1.8001331142051684
Golimumab,0.6,5 dose groups,6,30,3,AUC0-28d,100,0.95,1.0394799843040923,0.9769811523209779,3.9479984304092275,35.656237851181835,1.0378541429781138,0.5122464502819507,1.6651384358965273
Golimumab,0.6,5 dose groups,6,30,3,Cmax,100,1,0.895028795591017,0.8917123130936805,-10.4971204408983,13.00927109321354,0.8932394123397998,0.7703167037380982,1.01769876719543
Golimumab,0.6,5 dose groups,6,30,3,Terminal clearance,100,0.89,0.964610151852235,0.8904792980230821,-3.5389848147765024,40.55007662274728,0.8634683292921481,0.4547340074328651,1.801055001761642
Golimumab,0.6,5 dose groups,6,30,10,AUC0-28d,100,0.96,1.0565924482169322,0.9921773819157853,5.659244821693221,37.15747582650168,1.0168620017226653,0.50515146755579865,1.7522715726879867
Golimumab,0.6,5 dose groups,6,30,10,Cmax,100,1,0.9087249252411856,0.9042918622628869,-9.127507475881435,12.810756103269815,0.9105404672862413,0.7739435231504201,1.0608363757230053
Golimumab,0.6,5 dose groups,6,30,10,Terminal clearance,100,0.89,0.963393791643673,0.8887538200271105,-3.6606208356326997,40.678669891068296,0.8636135472808306,0.45218871182065284,1.8006545323762235
Golimumab,0.6,5 dose groups,6,30,30,AUC0-28d,100,0.91,1.0527504556520564,0.9803181965748082,5.275045565205638,39.022843970292186,1.026104946203658,0.48226868145123264,1.717766924704822
Golimumab,0.6,5 dose groups,6,30,30,Cmax,100,1,0.8924708832922208,0.8890037569086159,-10.75291167077792,13.298157433054717,0.8935528470778094,0.7599425915781298,1.0168971998876126
Golimumab,0.6,5 dose groups,6,30,30,Terminal clearance,100,0.89,0.9580269033429404,0.8830503288158745,-4.197309665705962,40.67897700970464,0.8549222477738212,0.4465768064744621,1.7965448673437
Nivolumab,0.3,2 dose groups,2,4,1,AUC0-28d,100,1,0.9037096963088357,0.8863745496242738,-9.629030369116432,20.367309100103462,0.8881734578602951,0.6696229612976912,1.1904216456891323
Nivolumab,0.3,2 dose groups,2,4,1,Cmax,100,1,0.890098097835703,0.8800163843298329,-10.990190216429696,17.240691645961682,0.8906380912955173,0.6958109909991512,1.1248122688581168
Nivolumab,0.3,2 dose groups,2,4,1,Terminal clearance,100,1,1.0012506603789229,0.9834226682629553,0.1250660378922852,19.30375975219975,0.9915136031717833,0.7271679696450484,1.3948252697817307
Nivolumab,0.3,2 dose groups,2,4,10,AUC0-28d,100,1,0.931370367665434,0.9148592878464951,-6.862963233456599,19.0933516067785,0.9013490065666638,0.6914009798877461,1.2317154133400845
Nivolumab,0.3,2 dose groups,2,4,10,Cmax,100,1,0.916650513380135,0.9074932782417121,-8.334948661986497,15.375324627929713,0.8962446092950405,0.7185395338110498,1.123255833217034
Nivolumab,0.3,2 dose groups,2,4,10,Terminal clearance,100,1,1.0002498560677158,0.9822185748733032,0.024985606771577018,19.41230164957096,0.9908945363200393,0.7254941380888125,1.397864712642238
Nivolumab,0.3,2 dose groups,3,6,1,AUC0-28d,100,1,0.8972146475671109,0.8871651433369302,-10.27853524328891,16.864661116996682,0.8920269807180217,0.7034558709594049,1.1164724750788972
Nivolumab,0.3,2 dose groups,3,6,1,Cmax,100,1,0.8872852549319237,0.8808378953961734,-11.271474506807632,15.50382004033472,0.8755084838016606,0.7327070598906003,1.0760519193398899
Nivolumab,0.3,2 dose groups,3,6,1,Terminal clearance,100,1,1.001329544448846,0.9834937206154871,0.13295444488459207,19.308629185715283,0.9912499745477508,0.7272015913967803,1.3950945676617572
Nivolumab,0.3,2 dose groups,3,6,10,AUC0-28d,100,1,0.8912300494289164,0.873882425861511,-10.876995057108363,20.813948375844745,0.8837190238226444,0.6445579671352272,1.238149680264896
Nivolumab,0.3,2 dose groups,3,6,10,Cmax,100,1,0.8739311954572067,0.8663151088096954,-12.606880454279334,17.060156470613823,0.8770607797865482,0.6944207538300646,1.068637876333305
Nivolumab,0.3,2 dose groups,3,6,10,Terminal clearance,100,1,0.9995234938723788,0.981572525237389,-0.047650612762117905,19.36105316134239,0.9870918703017864,0.725999540540709,1.3915999017371352
Nivolumab,0.3,2 dose groups,6,12,1,AUC0-28d,100,1,0.8918247056611651,0.8827907214992571,-10.817529433883488,16.62703898518526,0.8919372536217702,0.6913792100897119,1.0809034477372075
Nivolumab,0.3,2 dose groups,6,12,1,Cmax,100,1,0.8793652392828905,0.876477610004407,-12.063476071710955,14.017455685494745,0.8739040316996387,0.7714125769482789,1.0068485614934883
Nivolumab,0.3,2 dose groups,6,12,1,Terminal clearance,100,1,1.0012846037185816,0.9834556503651208,0.1284603718581634,19.30484486560734,0.9913179594999473,0.7272712428170832,1.394945539041678
Nivolumab,0.3,2 dose groups,6,12,10,AUC0-28d,100,1,0.9120074707079919,0.9005215427850454,-8.799252929200808,16.825535633187528,0.9256134269180041,0.6842603668067451,1.121895463663209
Nivolumab,0.3,2 dose groups,6,12,10,Cmax,100,1,0.8964004675951063,0.8931571562373172,-10.359953240489371,12.876899605139325,0.8911713227101963,0.78202365849521,1.0366074083483143
Nivolumab,0.3,2 dose groups,6,12,10,Terminal clearance,100,1,0.9999074711053533,0.9819151722240469,-0.00925288946467262,19.383984861637586,0.9898134295030832,0.7246046398535395,1.3966809136109355
Nivolumab,0.3,3 dose groups,2,6,0.1,AUC0-28d,100,0.99,0.9201158683248611,0.8995254848477621,-7.988413167513886,20.723005234164894,0.9304563660760036,0.6352976287048001,1.2134350439838917
Nivolumab,0.3,3 dose groups,2,6,0.1,Cmax,100,1,0.9050918470342446,0.8932764676724435,-9.490815296575539,17.368467238939246,0.9044815249002994,0.6878953055260678,1.1390700648891683
Nivolumab,0.3,3 dose groups,2,6,0.1,Terminal clearance,100,1,1.0014376903015054,0.9837278375685209,0.14376903015054232,19.241954171497646,0.9910915787571208,0.7278904547081625,1.3932728885950534
Nivolumab,0.3,3 dose groups,2,6,1,AUC0-28d,100,1,0.9037096963088357,0.8863745496242738,-9.629030369116432,20.367309100103462,0.8881734578602951,0.6696229612976912,1.1904216456891323
Nivolumab,0.3,3 dose groups,2,6,1,Cmax,100,1,0.890098097835703,0.8800163843298329,-10.990190216429696,17.240691645961682,0.8906380912955173,0.6958109909991512,1.1248122688581168
Nivolumab,0.3,3 dose groups,2,6,1,Terminal clearance,100,1,1.0012506603789229,0.9834226682629553,0.1250660378922852,19.30375975219975,0.9915136031717833,0.7271679696450484,1.3948252697817307
Nivolumab,0.3,3 dose groups,2,6,10,AUC0-28d,100,1,0.931370367665434,0.9148592878464951,-6.862963233456599,19.0933516067785,0.9013490065666638,0.6914009798877461,1.2317154133400845
Nivolumab,0.3,3 dose groups,2,6,10,Cmax,100,1,0.916650513380135,0.9074932782417121,-8.334948661986497,15.375324627929713,0.8962446092950405,0.7185395338110498,1.123255833217034
Nivolumab,0.3,3 dose groups,2,6,10,Terminal clearance,100,1,1.0002498560677158,0.9822185748733032,0.024985606771577018,19.41230164957096,0.9908945363200393,0.7254941380888125,1.397864712642238
Nivolumab,0.3,3 dose groups,3,9,0.1,AUC0-28d,100,1,0.9052920007674357,0.8886517785808866,-9.470799923256434,19.640819415871757,0.8814338358238158,0.638551266753832,1.1806264990610287
Nivolumab,0.3,3 dose groups,3,9,0.1,Cmax,100,1,0.8895537374065048,0.8824692128575292,-11.04462625934952,15.727573089471797,0.8745967231126051,0.7132959840411688,1.0849375613918149
Nivolumab,0.3,3 dose groups,3,9,0.1,Terminal clearance,100,1,1.0014531977395207,0.9837390583234693,0.1453197739520684,19.242226549637962,0.9912630794440569,0.7300031053658474,1.3931779950399759
Nivolumab,0.3,3 dose groups,3,9,1,AUC0-28d,100,1,0.8972146475671109,0.8871651433369302,-10.27853524328891,16.864661116996682,0.8920269807180217,0.7034558709594049,1.1164724750788972
Nivolumab,0.3,3 dose groups,3,9,1,Cmax,100,1,0.8872852549319237,0.8808378953961734,-11.271474506807632,15.50382004033472,0.8755084838016606,0.7327070598906003,1.0760519193398899
Nivolumab,0.3,3 dose groups,3,9,1,Terminal clearance,100,1,1.001329544448846,0.9834937206154871,0.13295444488459207,19.308629185715283,0.9912499745477508,0.7272015913967803,1.3950945676617572
Nivolumab,0.3,3 dose groups,3,9,10,AUC0-28d,100,1,0.8912300494289164,0.873882425861511,-10.876995057108363,20.813948375844745,0.8837190238226444,0.6445579671352272,1.238149680264896
Nivolumab,0.3,3 dose groups,3,9,10,Cmax,100,1,0.8739311954572067,0.8663151088096954,-12.606880454279334,17.060156470613823,0.8770607797865482,0.6944207538300646,1.068637876333305
Nivolumab,0.3,3 dose groups,3,9,10,Terminal clearance,100,1,0.9995234938723788,0.981572525237389,-0.047650612762117905,19.36105316134239,0.9870918703017864,0.725999540540709,1.3915999017371352
Nivolumab,0.3,3 dose groups,6,18,0.1,AUC0-28d,100,1,0.90324352688375,0.8928780466805357,-9.675647311625003,16.481057219827065,0.9064447977771042,0.6511356405010147,1.1043203319702297
Nivolumab,0.3,3 dose groups,6,18,0.1,Cmax,100,1,0.8892978096645385,0.8866173618143739,-11.070219033546147,13.004805441845715,0.8950222658172349,0.7722890021242254,0.9897997164410756
Nivolumab,0.3,3 dose groups,6,18,0.1,Terminal clearance,100,1,1.001359758308126,0.9836659100978794,0.1359758308125958,19.233893989348996,0.9914991666503408,0.7285929397197781,1.3944656026436817
Nivolumab,0.3,3 dose groups,6,18,1,AUC0-28d,100,1,0.8918247056611651,0.8827907214992571,-10.817529433883488,16.62703898518526,0.8919372536217702,0.6913792100897119,1.0809034477372075
Nivolumab,0.3,3 dose groups,6,18,1,Cmax,100,1,0.8793652392828905,0.876477610004407,-12.063476071710955,14.017455685494745,0.8739040316996387,0.7714125769482789,1.0068485614934883
Nivolumab,0.3,3 dose groups,6,18,1,Terminal clearance,100,1,1.0012846037185816,0.9834556503651208,0.1284603718581634,19.30484486560734,0.9913179594999473,0.7272712428170832,1.394945539041678
Nivolumab,0.3,3 dose groups,6,18,10,AUC0-28d,100,1,0.9120074707079919,0.9005215427850454,-8.799252929200808,16.825535633187528,0.9256134269180041,0.6842603668067451,1.121895463663209
Nivolumab,0.3,3 dose groups,6,18,10,Cmax,100,1,0.8964004675951063,0.8931571562373172,-10.359953240489371,12.876899605139325,0.8911713227101963,0.78202365849521,1.0366074083483143
Nivolumab,0.3,3 dose groups,6,18,10,Terminal clearance,100,1,0.9999074711053533,0.9819151722240469,-0.00925288946467262,19.383984861637586,0.9898134295030832,0.7246046398535395,1.3966809136109355
Nivolumab,0.3,5 dose groups,2,10,0.1,AUC0-28d,100,0.99,0.9201158683248611,0.8995254848477621,-7.988413167513886,20.723005234164894,0.9304563660760036,0.6352976287048001,1.2134350439838917
Nivolumab,0.3,5 dose groups,2,10,0.1,Cmax,100,1,0.9050918470342446,0.8932764676724435,-9.490815296575539,17.368467238939246,0.9044815249002994,0.6878953055260678,1.1390700648891683
Nivolumab,0.3,5 dose groups,2,10,0.1,Terminal clearance,100,1,1.0014376903015054,0.9837278375685209,0.14376903015054232,19.241954171497646,0.9910915787571208,0.7278904547081625,1.3932728885950534
Nivolumab,0.3,5 dose groups,2,10,1,AUC0-28d,100,1,0.9037096963088357,0.8863745496242738,-9.629030369116432,20.367309100103462,0.8881734578602951,0.6696229612976912,1.1904216456891323
Nivolumab,0.3,5 dose groups,2,10,1,Cmax,100,1,0.890098097835703,0.8800163843298329,-10.990190216429696,17.240691645961682,0.8906380912955173,0.6958109909991512,1.1248122688581168
Nivolumab,0.3,5 dose groups,2,10,1,Terminal clearance,100,1,1.0012506603789229,0.9834226682629553,0.1250660378922852,19.30375975219975,0.9915136031717833,0.7271679696450484,1.3948252697817307
Nivolumab,0.3,5 dose groups,2,10,3,AUC0-28d,100,1,0.9115808888156461,0.8870475384666932,-8.841911118435386,22.561023145782798,0.917532918845696,0.5868707062609634,1.2438533271847994
Nivolumab,0.3,5 dose groups,2,10,3,Cmax,100,1,0.8937406514401828,0.8803953699682617,-10.625934855981722,18.420791032004445,0.9189162179847774,0.6313226491556362,1.1281486993008598
Nivolumab,0.3,5 dose groups,2,10,3,Terminal clearance,100,1,1.0009002251929924,0.9830423685055365,0.09002251929923766,19.31766300070957,0.9902473750797656,0.7271557460961865,1.3944298823813712
Nivolumab,0.3,5 dose groups,2,10,10,AUC0-28d,100,1,0.931370367665434,0.9148592878464951,-6.862963233456599,19.0933516067785,0.9013490065666638,0.6914009798877461,1.2317154133400845
Nivolumab,0.3,5 dose groups,2,10,10,Cmax,100,1,0.916650513380135,0.9074932782417121,-8.334948661986497,15.375324627929713,0.8962446092950405,0.7185395338110498,1.123255833217034
Nivolumab,0.3,5 dose groups,2,10,10,Terminal clearance,100,1,1.0002498560677158,0.9822185748733032,0.024985606771577018,19.41230164957096,0.9908945363200393,0.7254941380888125,1.397864712642238
Nivolumab,0.3,5 dose groups,2,10,30,AUC0-28d,100,1,0.9065523504519118,0.8888555323013972,-9.344764954808815,20.183701461685665,0.9187364446961501,0.6300832616019145,1.1930470470542853
Nivolumab,0.3,5 dose groups,2,10,30,Cmax,100,1,0.8892776701183024,0.8787367178270503,-11.07223298816976,17.406027524083843,0.8978824894402361,0.6629302345930335,1.1110106185568904
Nivolumab,0.3,5 dose groups,2,10,30,Terminal clearance,100,1,0.9967215520897225,0.9783682207581833,-0.32784479102775377,19.5683985409699,0.9889823387171494,0.7181451508661505,1.4018696782919164
Nivolumab,0.3,5 dose groups,3,15,0.1,AUC0-28d,100,1,0.9052920007674357,0.8886517785808866,-9.470799923256434,19.640819415871757,0.8814338358238158,0.638551266753832,1.1806264990610287
Nivolumab,0.3,5 dose groups,3,15,0.1,Cmax,100,1,0.8895537374065048,0.8824692128575292,-11.04462625934952,15.727573089471797,0.8745967231126051,0.7132959840411688,1.0849375613918149
Nivolumab,0.3,5 dose groups,3,15,0.1,Terminal clearance,100,1,1.0014531977395207,0.9837390583234693,0.1453197739520684,19.242226549637962,0.9912630794440569,0.7300031053658474,1.3931779950399759
Nivolumab,0.3,5 dose groups,3,15,1,AUC0-28d,100,1,0.8972146475671109,0.8871651433369302,-10.27853524328891,16.864661116996682,0.8920269807180217,0.7034558709594049,1.1164724750788972
Nivolumab,0.3,5 dose groups,3,15,1,Cmax,100,1,0.8872852549319237,0.8808378953961734,-11.271474506807632,15.50382004033472,0.8755084838016606,0.7327070598906003,1.0760519193398899
Nivolumab,0.3,5 dose groups,3,15,1,Terminal clearance,100,1,1.001329544448846,0.9834937206154871,0.13295444488459207,19.308629185715283,0.9912499745477508,0.7272015913967803,1.3950945676617572
Nivolumab,0.3,5 dose groups,3,15,3,AUC0-28d,100,1,0.9181868812531946,0.9022650969675329,-8.181311874680542,19.172093372911824,0.8792399663167723,0.6498815347879959,1.2332658576504423
Nivolumab,0.3,5 dose groups,3,15,3,Cmax,100,1,0.9015520777128513,0.895592059645287,-9.844792228714871,14.270716338044068,0.8911634063087162,0.7361553807386317,1.0774053357747753
Nivolumab,0.3,5 dose groups,3,15,3,Terminal clearance,100,1,1.0009629015609771,0.9830925236731469,0.09629015609771141,19.326631913724025,0.9909326738516502,0.7264016022971488,1.3945716125223386
Nivolumab,0.3,5 dose groups,3,15,10,AUC0-28d,100,1,0.8912300494289164,0.873882425861511,-10.876995057108363,20.813948375844745,0.8837190238226444,0.6445579671352272,1.238149680264896
Nivolumab,0.3,5 dose groups,3,15,10,Cmax,100,1,0.8739311954572067,0.8663151088096954,-12.606880454279334,17.060156470613823,0.8770607797865482,0.6944207538300646,1.068637876333305
Nivolumab,0.3,5 dose groups,3,15,10,Terminal clearance,100,1,0.9995234938723788,0.981572525237389,-0.047650612762117905,19.36105316134239,0.9870918703017864,0.725999540540709,1.3915999017371352
Nivolumab,0.3,5 dose groups,3,15,30,AUC0-28d,100,1,0.9003059274686781,0.8841238173515544,-9.96940725313219,19.66642098107707,0.8945528986716967,0.6449020406705591,1.1740814174841867
Nivolumab,0.3,5 dose groups,3,15,30,Cmax,100,1,0.8824179069834381,0.8739554194322848,-11.758209301656187,16.859891090173797,0.8933824484076605,0.6842957822493076,1.0805113608178099
Nivolumab,0.3,5 dose groups,3,15,30,Terminal clearance,100,1,0.9963612223385296,0.9780573372169918,-0.36387776614703604,19.534348264960364,0.9790865670313842,0.7249797225292341,1.3973459197240732
Nivolumab,0.3,5 dose groups,6,30,0.1,AUC0-28d,100,1,0.90324352688375,0.8928780466805357,-9.675647311625003,16.481057219827065,0.9064447977771042,0.6511356405010147,1.1043203319702297
Nivolumab,0.3,5 dose groups,6,30,0.1,Cmax,100,1,0.8892978096645385,0.8866173618143739,-11.070219033546147,13.004805441845715,0.8950222658172349,0.7722890021242254,0.9897997164410756
Nivolumab,0.3,5 dose groups,6,30,0.1,Terminal clearance,100,1,1.001359758308126,0.9836659100978794,0.1359758308125958,19.233893989348996,0.9914991666503408,0.7285929397197781,1.3944656026436817
Nivolumab,0.3,5 dose groups,6,30,1,AUC0-28d,100,1,0.8918247056611651,0.8827907214992571,-10.817529433883488,16.62703898518526,0.8919372536217702,0.6913792100897119,1.0809034477372075
Nivolumab,0.3,5 dose groups,6,30,1,Cmax,100,1,0.8793652392828905,0.876477610004407,-12.063476071710955,14.017455685494745,0.8739040316996387,0.7714125769482789,1.0068485614934883
Nivolumab,0.3,5 dose groups,6,30,1,Terminal clearance,100,1,1.0012846037185816,0.9834556503651208,0.1284603718581634,19.30484486560734,0.9913179594999473,0.7272712428170832,1.394945539041678
Nivolumab,0.3,5 dose groups,6,30,3,AUC0-28d,100,1,0.9149978127209778,0.9029801128498526,-8.50021872790222,16.735021026559714,0.9140175078665765,0.6577846108316951,1.1098919729222456
Nivolumab,0.3,5 dose groups,6,30,3,Cmax,100,1,0.8990005542034509,0.8963206504345561,-10.099944579654906,12.238945246046159,0.901676400863306,0.7866396921793504,1.0192351911059578
Nivolumab,0.3,5 dose groups,6,30,3,Terminal clearance,100,1,1.0009405827361302,0.9830733306052915,0.094058273613018,19.32145360924922,0.9910241309732091,0.7264264942632317,1.395421353505732
Nivolumab,0.3,5 dose groups,6,30,10,AUC0-28d,100,1,0.9120074707079919,0.9005215427850454,-8.799252929200808,16.825535633187528,0.9256134269180041,0.6842603668067451,1.121895463663209
Nivolumab,0.3,5 dose groups,6,30,10,Cmax,100,1,0.8964004675951063,0.8931571562373172,-10.359953240489371,12.876899605139325,0.8911713227101963,0.78202365849521,1.0366074083483143
Nivolumab,0.3,5 dose groups,6,30,10,Terminal clearance,100,1,0.9999074711053533,0.9819151722240469,-0.00925288946467262,19.383984861637586,0.9898134295030832,0.7246046398535395,1.3966809136109355
Nivolumab,0.3,5 dose groups,6,30,30,AUC0-28d,100,1,0.9188587600336325,0.9062964716903571,-8.114123996636746,17.20203523099098,0.9131567978755579,0.6860467796204641,1.1776528649938585
Nivolumab,0.3,5 dose groups,6,30,30,Cmax,100,1,0.9006095252071685,0.8969619988433035,-9.939047479283147,12.769492324602219,0.9050241939089285,0.7539575276097178,1.0224533258280464
Nivolumab,0.3,5 dose groups,6,30,30,Terminal clearance,100,1,0.9971310806815216,0.9788566917522662,-0.28689193184784356,19.528180423984665,0.9900707376596218,0.7236377871106308,1.4002696619386736
Nivolumab,0.6,2 dose groups,2,4,1,AUC0-28d,100,0.94,0.928050862395068,0.8770562908466936,-7.194913760493204,31.106157548313508,0.9219402686100879,0.46183184393378274,1.5161542037409173
Nivolumab,0.6,2 dose groups,2,4,1,Cmax,100,1,0.8976563873704846,0.8859669240158172,-10.234361262951541,17.715911343538416,0.9037312594963351,0.6929844658103523,1.1457338116841502
Nivolumab,0.6,2 dose groups,2,4,1,Terminal clearance,100,0.87,1.067211077701632,0.9644119080638476,6.721107770163193,50.79921734540385,0.9303495793440755,0.4947256559506247,2.057649884858789
Nivolumab,0.6,2 dose groups,2,4,10,AUC0-28d,100,0.91,0.932215830439591,0.877423956065504,-6.7784169560409,31.27658424986633,0.9464103877007444,0.4502095779042708,1.437555608328134
Nivolumab,0.6,2 dose groups,2,4,10,Cmax,100,1,0.8954412244565347,0.8851033506212878,-10.455877554346527,17.047926467109818,0.9007583151146117,0.6724142836064293,1.1081303654761228
Nivolumab,0.6,2 dose groups,2,4,10,Terminal clearance,100,0.87,1.0666545928936293,0.9629844749574126,6.665459289362929,51.035814274533664,0.9294592507058654,0.49346369616253377,2.063338901627605
Nivolumab,0.6,2 dose groups,3,6,1,AUC0-28d,100,0.95,0.9314922187764384,0.8860475002703785,-6.850778122356161,29.447048928392576,0.9187732047225596,0.5078687622659329,1.3886526996257027
Nivolumab,0.6,2 dose groups,3,6,1,Cmax,100,1,0.9014610161677307,0.895030756901129,-9.853898383226934,14.516349509085227,0.9105372945712813,0.7197551644952291,1.0784101444974086
Nivolumab,0.6,2 dose groups,3,6,1,Terminal clearance,100,0.87,1.0671700559100306,0.9643479084629465,6.717005591003056,50.803004319387476,0.9303131911007848,0.49528908637182906,2.056592201977182
Nivolumab,0.6,2 dose groups,3,6,10,AUC0-28d,100,0.95,0.9340134782241223,0.8865945518809062,-6.598652177587772,29.301962715514495,0.9533788702985002,0.49805223444719565,1.3760856804542279
Nivolumab,0.6,2 dose groups,3,6,10,Cmax,100,1,0.9019792579812789,0.8946280533511052,-9.802074201872113,15.030503659988264,0.9083572809240328,0.72204305117586,1.0889774081421209
Nivolumab,0.6,2 dose groups,3,6,10,Terminal clearance,100,0.87,1.066952698389516,0.9631438264905832,6.69526983895159,51.05897836362865,0.9279113612142176,0.49190848554261,2.0571393046854425
Nivolumab,0.6,2 dose groups,6,12,1,AUC0-28d,100,0.94,0.941126289157884,0.8973595672787016,-5.887371084211601,28.340524024916785,0.9309738388490643,0.47929203592228414,1.3839310553779653
Nivolumab,0.6,2 dose groups,6,12,1,Cmax,100,1,0.9099350361780931,0.9064706076149253,-9.006496382190686,12.048868073535573,0.905982372178874,0.7924861806001064,1.0571545658736445
Nivolumab,0.6,2 dose groups,6,12,1,Terminal clearance,100,0.87,1.0671522686924377,0.9643563270261098,6.715226869243773,50.79754198313354,0.9301294964685711,0.49491922610260525,2.0565986136422785
Nivolumab,0.6,2 dose groups,6,12,10,AUC0-28d,100,0.93,0.9198163940348701,0.875801288367543,-8.018360596512986,28.928289472693386,0.8827359673083264,0.49853087194692,1.3810247546347139
Nivolumab,0.6,2 dose groups,6,12,10,Cmax,100,1,0.8868884485772819,0.8835610059269204,-11.311155142271812,13.647647701794366,0.8851947806261087,0.7569759389685106,1.0023555211968842
Nivolumab,0.6,2 dose groups,6,12,10,Terminal clearance,100,0.87,1.0667756662142351,0.9629302182932297,6.677566621423514,51.100732562669414,0.9277922632362005,0.49250332194748403,2.0626531798080068
Nivolumab,0.6,3 dose groups,2,6,0.1,AUC0-28d,100,0.91,0.927146349513737,0.8726769054501651,-7.285365048626302,32.28499895045293,0.8838360322659695,0.45254661974342014,1.4949838513667788
Nivolumab,0.6,3 dose groups,2,6,0.1,Cmax,100,1,0.8937428351924477,0.881576077296455,-10.625716480755232,18.103659883324937,0.8864437266825909,0.6718206753407276,1.141364019527131
Nivolumab,0.6,3 dose groups,2,6,0.1,Terminal clearance,100,0.88,1.0668303830784787,0.9647164285924111,6.683038307847866,50.622204772798554,0.9290032953100438,0.4958686299594,2.0503525273685774
Nivolumab,0.6,3 dose groups,2,6,1,AUC0-28d,100,0.94,0.928050862395068,0.8770562908466936,-7.194913760493204,31.106157548313508,0.9219402686100879,0.46183184393378274,1.5161542037409173
Nivolumab,0.6,3 dose groups,2,6,1,Cmax,100,1,0.8976563873704846,0.8859669240158172,-10.234361262951541,17.715911343538416,0.9037312594963351,0.6929844658103523,1.1457338116841502
Nivolumab,0.6,3 dose groups,2,6,1,Terminal clearance,100,0.87,1.067211077701632,0.9644119080638476,6.721107770163193,50.79921734540385,0.9303495793440755,0.4947256559506247,2.057649884858789
Nivolumab,0.6,3 dose groups,2,6,10,AUC0-28d,100,0.91,0.932215830439591,0.877423956065504,-6.7784169560409,31.27658424986633,0.9464103877007444,0.4502095779042708,1.437555608328134
Nivolumab,0.6,3 dose groups,2,6,10,Cmax,100,1,0.8954412244565347,0.8851033506212878,-10.455877554346527,17.047926467109818,0.9007583151146117,0.6724142836064293,1.1081303654761228
Nivolumab,0.6,3 dose groups,2,6,10,Terminal clearance,100,0.87,1.0666545928936293,0.9629844749574126,6.665459289362929,51.035814274533664,0.9294592507058654,0.49346369616253377,2.063338901627605
Nivolumab,0.6,3 dose groups,3,9,0.1,AUC0-28d,100,0.94,0.9162288749071152,0.8694227264279168,-8.377112509288477,29.45900805212705,0.904758368458543,0.45460745714155976,1.3740519066659582
Nivolumab,0.6,3 dose groups,3,9,0.1,Cmax,100,1,0.8841340461968171,0.8782593724722734,-11.586595380318288,15.372473866209887,0.8880362006268454,0.7324315277327674,1.0479892921589
Nivolumab,0.6,3 dose groups,3,9,0.1,Terminal clearance,100,0.88,1.0667612946132985,0.9646081528906416,6.676129461329849,50.6211161058823,0.9298155033723293,0.4940072600091463,2.0521336489822652
Nivolumab,0.6,3 dose groups,3,9,1,AUC0-28d,100,0.95,0.9314922187764384,0.8860475002703785,-6.850778122356161,29.447048928392576,0.9187732047225596,0.5078687622659329,1.3886526996257027
Nivolumab,0.6,3 dose groups,3,9,1,Cmax,100,1,0.9014610161677307,0.895030756901129,-9.853898383226934,14.516349509085227,0.9105372945712813,0.7197551644952291,1.0784101444974086
Nivolumab,0.6,3 dose groups,3,9,1,Terminal clearance,100,0.87,1.0671700559100306,0.9643479084629465,6.717005591003056,50.803004319387476,0.9303131911007848,0.49528908637182906,2.056592201977182
Nivolumab,0.6,3 dose groups,3,9,10,AUC0-28d,100,0.95,0.9340134782241223,0.8865945518809062,-6.598652177587772,29.301962715514495,0.9533788702985002,0.49805223444719565,1.3760856804542279
Nivolumab,0.6,3 dose groups,3,9,10,Cmax,100,1,0.9019792579812789,0.8946280533511052,-9.802074201872113,15.030503659988264,0.9083572809240328,0.72204305117586,1.0889774081421209
Nivolumab,0.6,3 dose groups,3,9,10,Terminal clearance,100,0.87,1.066952698389516,0.9631438264905832,6.69526983895159,51.05897836362865,0.9279113612142176,0.49190848554261,2.0571393046854425
Nivolumab,0.6,3 dose groups,6,18,0.1,AUC0-28d,100,0.94,0.9249592337170497,0.8813371095128437,-7.5040766282950315,28.308634237254935,0.9292792358746783,0.4943427667831436,1.362677979402147
Nivolumab,0.6,3 dose groups,6,18,0.1,Cmax,100,1,0.8934349386592197,0.8902497623378123,-10.656506134078025,13.058278174570637,0.8943860502800197,0.7776552265994108,1.0302003493030352
Nivolumab,0.6,3 dose groups,6,18,0.1,Terminal clearance,100,0.88,1.0666412739392115,0.9646689095442702,6.664127393921149,50.582477597633456,0.9309810884416962,0.4948870388405242,2.0524938581314442
Nivolumab,0.6,3 dose groups,6,18,1,AUC0-28d,100,0.94,0.941126289157884,0.8973595672787016,-5.887371084211601,28.340524024916785,0.9309738388490643,0.47929203592228414,1.3839310553779653
Nivolumab,0.6,3 dose groups,6,18,1,Cmax,100,1,0.9099350361780931,0.9064706076149253,-9.006496382190686,12.048868073535573,0.905982372178874,0.7924861806001064,1.0571545658736445
Nivolumab,0.6,3 dose groups,6,18,1,Terminal clearance,100,0.87,1.0671522686924377,0.9643563270261098,6.715226869243773,50.79754198313354,0.9301294964685711,0.49491922610260525,2.0565986136422785
Nivolumab,0.6,3 dose groups,6,18,10,AUC0-28d,100,0.93,0.9198163940348701,0.875801288367543,-8.018360596512986,28.928289472693386,0.8827359673083264,0.49853087194692,1.3810247546347139
Nivolumab,0.6,3 dose groups,6,18,10,Cmax,100,1,0.8868884485772819,0.8835610059269204,-11.311155142271812,13.647647701794366,0.8851947806261087,0.7569759389685106,1.0023555211968842
Nivolumab,0.6,3 dose groups,6,18,10,Terminal clearance,100,0.87,1.0667756662142351,0.9629302182932297,6.677566621423514,51.100732562669414,0.9277922632362005,0.49250332194748403,2.0626531798080068
Nivolumab,0.6,5 dose groups,2,10,0.1,AUC0-28d,100,0.91,0.927146349513737,0.8726769054501651,-7.285365048626302,32.28499895045293,0.8838360322659695,0.45254661974342014,1.4949838513667788
Nivolumab,0.6,5 dose groups,2,10,0.1,Cmax,100,1,0.8937428351924477,0.881576077296455,-10.625716480755232,18.103659883324937,0.8864437266825909,0.6718206753407276,1.141364019527131
Nivolumab,0.6,5 dose groups,2,10,0.1,Terminal clearance,100,0.88,1.0668303830784787,0.9647164285924111,6.683038307847866,50.622204772798554,0.9290032953100438,0.4958686299594,2.0503525273685774
Nivolumab,0.6,5 dose groups,2,10,1,AUC0-28d,100,0.94,0.928050862395068,0.8770562908466936,-7.194913760493204,31.106157548313508,0.9219402686100879,0.46183184393378274,1.5161542037409173
Nivolumab,0.6,5 dose groups,2,10,1,Cmax,100,1,0.8976563873704846,0.8859669240158172,-10.234361262951541,17.715911343538416,0.9037312594963351,0.6929844658103523,1.1457338116841502
Nivolumab,0.6,5 dose groups,2,10,1,Terminal clearance,100,0.87,1.067211077701632,0.9644119080638476,6.721107770163193,50.79921734540385,0.9303495793440755,0.4947256559506247,2.057649884858789
Nivolumab,0.6,5 dose groups,2,10,3,AUC0-28d,100,0.93,0.9177134332424408,0.8668350000200316,-8.228656675755918,30.92711051034601,0.9216860233382956,0.48166098553074316,1.398610479675267
Nivolumab,0.6,5 dose groups,2,10,3,Cmax,100,1,0.885487967958947,0.875323921451083,-11.451203204105298,17.593124213881044,0.8784348129312225,0.6707047008277176,1.0981326873844812
Nivolumab,0.6,5 dose groups,2,10,3,Terminal clearance,100,0.87,1.0670909664639032,0.9640139142485541,6.709096646390322,50.87513468925562,0.9299902575674774,0.49418440480045034,2.057609575977687
Nivolumab,0.6,5 dose groups,2,10,10,AUC0-28d,100,0.91,0.932215830439591,0.877423956065504,-6.7784169560409,31.27658424986633,0.9464103877007444,0.4502095779042708,1.437555608328134
Nivolumab,0.6,5 dose groups,2,10,10,Cmax,100,1,0.8954412244565347,0.8851033506212878,-10.455877554346527,17.047926467109818,0.9007583151146117,0.6724142836064293,1.1081303654761228
Nivolumab,0.6,5 dose groups,2,10,10,Terminal clearance,100,0.87,1.0666545928936293,0.9629844749574126,6.665459289362929,51.035814274533664,0.9294592507058654,0.49346369616253377,2.063338901627605
Nivolumab,0.6,5 dose groups,2,10,30,AUC0-28d,100,0.93,0.9233826861189997,0.8743569872538609,-7.661731388100035,30.26276671783725,0.892043697840798,0.4779134919393218,1.4281992457379329
Nivolumab,0.6,5 dose groups,2,10,30,Cmax,100,1,0.890880817056568,0.8793320720305341,-10.911918294343204,17.785507566373564,0.898406975323499,0.6352794536573805,1.113240400673914
Nivolumab,0.6,5 dose groups,2,10,30,Terminal clearance,100,0.86,1.0657097203879131,0.9599103685209883,6.570972038791312,51.56029328039459,0.9264377576696237,0.49011077461878605,2.085471127592973
Nivolumab,0.6,5 dose groups,3,15,0.1,AUC0-28d,100,0.94,0.9162288749071152,0.8694227264279168,-8.377112509288477,29.45900805212705,0.904758368458543,0.45460745714155976,1.3740519066659582
Nivolumab,0.6,5 dose groups,3,15,0.1,Cmax,100,1,0.8841340461968171,0.8782593724722734,-11.586595380318288,15.372473866209887,0.8880362006268454,0.7324315277327674,1.0479892921589
Nivolumab,0.6,5 dose groups,3,15,0.1,Terminal clearance,100,0.88,1.0667612946132985,0.9646081528906416,6.676129461329849,50.6211161058823,0.9298155033723293,0.4940072600091463,2.0521336489822652
Nivolumab,0.6,5 dose groups,3,15,1,AUC0-28d,100,0.95,0.9314922187764384,0.8860475002703785,-6.850778122356161,29.447048928392576,0.9187732047225596,0.5078687622659329,1.3886526996257027
Nivolumab,0.6,5 dose groups,3,15,1,Cmax,100,1,0.9014610161677307,0.895030756901129,-9.853898383226934,14.516349509085227,0.9105372945712813,0.7197551644952291,1.0784101444974086
Nivolumab,0.6,5 dose groups,3,15,1,Terminal clearance,100,0.87,1.0671700559100306,0.9643479084629465,6.717005591003056,50.803004319387476,0.9303131911007848,0.49528908637182906,2.056592201977182
Nivolumab,0.6,5 dose groups,3,15,3,AUC0-28d,100,0.96,0.9254524184078469,0.8804072511703974,-7.454758159215313,28.88940340377108,0.9322382431148452,0.5173923369543232,1.424831174670087
Nivolumab,0.6,5 dose groups,3,15,3,Cmax,100,1,0.8952851975156991,0.8890852855783861,-10.471480248430087,14.84671530267957,0.8902565140191565,0.7269114967798226,1.0630944786297312
Nivolumab,0.6,5 dose groups,3,15,3,Terminal clearance,100,0.87,1.0671367322897896,0.9640412900329577,6.713673228978956,50.87813333376721,0.9296302136759989,0.49428866782479197,2.0606327272643465
Nivolumab,0.6,5 dose groups,3,15,10,AUC0-28d,100,0.95,0.9340134782241223,0.8865945518809062,-6.598652177587772,29.301962715514495,0.9533788702985002,0.49805223444719565,1.3760856804542279
Nivolumab,0.6,5 dose groups,3,15,10,Cmax,100,1,0.9019792579812789,0.8946280533511052,-9.802074201872113,15.030503659988264,0.9083572809240328,0.72204305117586,1.0889774081421209
Nivolumab,0.6,5 dose groups,3,15,10,Terminal clearance,100,0.87,1.066952698389516,0.9631438264905832,6.69526983895159,51.05897836362865,0.9279113612142176,0.49190848554261,2.0571393046854425
Nivolumab,0.6,5 dose groups,3,15,30,AUC0-28d,100,0.94,0.937468145237189,0.8904891576845645,-6.253185476281098,29.843220788903608,0.9194809213848842,0.4830464144123043,1.3691428120384694
Nivolumab,0.6,5 dose groups,3,15,30,Cmax,100,1,0.9023479381743199,0.8960863615223466,-9.76520618256801,14.492597306684326,0.8874812444384019,0.7268854422546114,1.100453748325779
Nivolumab,0.6,5 dose groups,3,15,30,Terminal clearance,100,0.86,1.066354266619971,0.9603818516963296,6.635426661997101,51.73538108935497,0.9218484569702755,0.48534429712610044,2.0781584316311306
Nivolumab,0.6,5 dose groups,6,30,0.1,AUC0-28d,100,0.94,0.9249592337170497,0.8813371095128437,-7.5040766282950315,28.308634237254935,0.9292792358746783,0.4943427667831436,1.362677979402147
Nivolumab,0.6,5 dose groups,6,30,0.1,Cmax,100,1,0.8934349386592197,0.8902497623378123,-10.656506134078025,13.058278174570637,0.8943860502800197,0.7776552265994108,1.0302003493030352
Nivolumab,0.6,5 dose groups,6,30,0.1,Terminal clearance,100,0.88,1.0666412739392115,0.9646689095442702,6.664127393921149,50.582477597633456,0.9309810884416962,0.4948870388405242,2.0524938581314442
Nivolumab,0.6,5 dose groups,6,30,1,AUC0-28d,100,0.94,0.941126289157884,0.8973595672787016,-5.887371084211601,28.340524024916785,0.9309738388490643,0.47929203592228414,1.3839310553779653
Nivolumab,0.6,5 dose groups,6,30,1,Cmax,100,1,0.9099350361780931,0.9064706076149253,-9.006496382190686,12.048868073535573,0.905982372178874,0.7924861806001064,1.0571545658736445
Nivolumab,0.6,5 dose groups,6,30,1,Terminal clearance,100,0.87,1.0671522686924377,0.9643563270261098,6.715226869243773,50.79754198313354,0.9301294964685711,0.49491922610260525,2.0565986136422785
Nivolumab,0.6,5 dose groups,6,30,3,AUC0-28d,100,0.92,0.9109771508976415,0.8692664854266978,-8.902284910235847,28.17346909931,0.9281372435175542,0.47163991864395305,1.3334870433922748
Nivolumab,0.6,5 dose groups,6,30,3,Cmax,100,1,0.8814294778261219,0.8778332176649064,-11.857052217387809,14.290515539644536,0.87993386964690945,0.7499366253573192,1.019775097485468
Nivolumab,0.6,5 dose groups,6,30,3,Terminal clearance,100,0.87,1.0671064148273268,0.9640087378345559,6.710641482732682,50.883603023740456,0.9301192829805989,0.49426539580388557,2.057826046844693
Nivolumab,0.6,5 dose groups,6,30,10,AUC0-28d,100,0.93,0.9198163940348701,0.875801288367543,-8.018360596512986,28.928289472693386,0.8827359673083264,0.49853087194692,1.3810247546347139
Nivolumab,0.6,5 dose groups,6,30,10,Cmax,100,1,0.8868884485772819,0.8835610059269204,-11.311155142271812,13.647647701794366,0.8851947806261087,0.7569759389685106,1.0023555211968842
Nivolumab,0.6,5 dose groups,6,30,10,Terminal clearance,100,0.87,1.0667756662142351,0.9629302182932297,6.677566621423514,51.100732562669414,0.9277922632362005,0.49250332194748403,2.0626531798080068
Nivolumab,0.6,5 dose groups,6,30,30,AUC0-28d,100,0.94,0.9266231689544404,0.8823401192792982,-7.337683104555959,28.501072399890433,0.9393224561775246,0.4983912834357347,1.3495319376786588
Nivolumab,0.6,5 dose groups,6,30,30,Cmax,100,1,0.8904880229280233,0.8878032144747775,-10.951197707197668,12.968025292652543,0.8868035524105413,0.7823534467210379,1.0259305089601058
Nivolumab,0.6,5 dose groups,6,30,30,Terminal clearance,100,0.86,1.0654190155238403,0.9598383939924227,6.541901552384033,51.51078347926704,0.9281565800252891,0.48848846655131145,2.0853564595748453
