Molecule,Dose_mg_kg,BodyWeight_kg,Target_reference_concentration_internal,AUC0_28d_ug_h_mL,Cmax_ug_mL,Lambda_z_1_h,AUCinf_ug_h_mL,Terminal_CL_L_day
Golimumab,0.1,5.57353,1e-6,226.89316846924834,2.594721782952547,0.006090810680852692,230.53276815297923,0.05802416770150224
Golimumab,1,5.57353,1e-6,2269.5349619632016,25.94703733921051,0.005900947391043403,2308.4396699610525,0.05794594580080876
Golimumab,3,5.57353,1e-6,6781.630437199553,77.83918082714081,0.005893483490838866,6898.450259880012,0.058171639264233806
Golimumab,10,5.57353,1e-6,22282.449241046666,259.43899154663086,0.005888268605412149,22667.95483298527,0.059010493441319326
Golimumab,30,5.57353,1e-6,64215.03212694252,778.0452489852905,0.005885252978697885,65334.85771675732,0.0614211424075811
Nivolumab,0.1,5.57353,1.66e-5,427.00375352475385,2.5266719199717045,0.002820414038342705,498.663415576685,0.02682465082089615
Nivolumab,1,5.57353,1.66e-5,4272.921612149565,25.267823845148087,0.002807811617820337,4996.442076873779,0.026771994539701575
Nivolumab,3,5.57353,1.66e-5,12784.52511305927,75.80293416976929,0.002805544222153782,14952.64779359771,0.026837665511777957
Nivolumab,10,5.57353,1.66e-5,42177.06995392687,252.66399717330933,0.0028040270091688585,49334.66279534367,0.027113739594187527
Nivolumab,30,5.57353,1.66e-5,122751.93749459137,757.8403282165527,0.002802095376505848,143593.0413646585,0.027946630016764
