Molecule,Variability_CV,Design,N_per_group,Total_animals,Replicates,Fraction_within_2fold
Golimumab,0.3,2 dose groups,2,4,100,1
Golimumab,0.3,2 dose groups,3,6,100,1
Golimumab,0.3,2 dose groups,6,12,100,1
Golimumab,0.3,3 dose groups,2,6,100,1
Golimumab,0.3,3 dose groups,3,9,100,1
Golimumab,0.3,3 dose groups,6,18,100,1
Golimumab,0.3,5 dose groups,2,10,100,1
Golimumab,0.3,5 dose groups,3,15,100,1
Golimumab,0.3,5 dose groups,6,30,100,1
Golimumab,0.6,2 dose groups,2,4,100,1
Golimumab,0.6,2 dose groups,3,6,100,1
Golimumab,0.6,2 dose groups,6,12,100,1
Golimumab,0.6,3 dose groups,2,6,100,1
Golimumab,0.6,3 dose groups,3,9,100,1
Golimumab,0.6,3 dose groups,6,18,100,1
Golimumab,0.6,5 dose groups,2,10,100,1
Golimumab,0.6,5 dose groups,3,15,100,1
Golimumab,0.6,5 dose groups,6,30,100,1
Nivolumab,0.3,2 dose groups,2,4,100,1
Nivolumab,0.3,2 dose groups,3,6,100,1
Nivolumab,0.3,2 dose groups,6,12,100,1
Nivolumab,0.3,3 dose groups,2,6,100,1
Nivolumab,0.3,3 dose groups,3,9,100,1
Nivolumab,0.3,3 dose groups,6,18,100,1
Nivolumab,0.3,5 dose groups,2,10,100,1
Nivolumab,0.3,5 dose groups,3,15,100,1
Nivolumab,0.3,5 dose groups,6,30,100,1
Nivolumab,0.6,2 dose groups,2,4,100,1
Nivolumab,0.6,2 dose groups,3,6,100,1
Nivolumab,0.6,2 dose groups,6,12,100,1
Nivolumab,0.6,3 dose groups,2,6,100,1
Nivolumab,0.6,3 dose groups,3,9,100,1
Nivolumab,0.6,3 dose groups,6,18,100,1
Nivolumab,0.6,5 dose groups,2,10,100,1
Nivolumab,0.6,5 dose groups,3,15,100,1
Nivolumab,0.6,5 dose groups,6,30,100,1
