Study.Id,Subject.Id,Organ,Compartment,Species,Gender,Dose,Molecule,Molecular.Weight,Time,Time.unit,Measurement,Measurement.unit,Error,LLOQ,Route,Group.Id,Population,Weight..kg.,Height..cm.,Age..year.s..
FDA BLA 125554 Fig 21,36,Venous Blood,Plasma,NHP,MALE,1,Nivolumab,146000,0.7,hr,27.83,ug/mL,.,.,IV Bolus,.,.,5,45,.
FDA BLA 125554 Fig 21,36,Venous Blood,Plasma,NHP,MALE,1,Nivolumab,146000,1.82,hr,24.11,ug/mL,.,.,IV Bolus,.,.,5,45,.
FDA BLA 125554 Fig 21,36,Venous Blood,Plasma,NHP,MALE,1,Nivolumab,146000,3.49,hr,22.22,ug/mL,.,.,IV Bolus,.,.,5,45,.
FDA BLA 125554 Fig 21,36,Venous Blood,Plasma,NHP,MALE,1,Nivolumab,146000,7.91,hr,19.25,ug/mL,.,.,IV Bolus,.,.,5,45,.
FDA BLA 125554 Fig 21,36,Venous Blood,Plasma,NHP,MALE,1,Nivolumab,146000,23.93,hr,15.37,ug/mL,.,.,IV Bolus,.,.,5,45,.
FDA BLA 125554 Fig 21,36,Venous Blood,Plasma,NHP,MALE,1,Nivolumab,146000,48.2,hr,13.59,ug/mL,.,.,IV Bolus,.,.,5,45,.
FDA BLA 125554 Fig 21,36,Venous Blood,Plasma,NHP,MALE,1,Nivolumab,146000,144.13,hr,11.42,ug/mL,.,.,IV Bolus,.,.,5,45,.
FDA BLA 125554 Fig 21,36,Venous Blood,Plasma,NHP,MALE,1,Nivolumab,146000,216.38,hr,8.58,ug/mL,.,.,IV Bolus,.,.,5,45,.
FDA BLA 125554 Fig 21,36,Venous Blood,Plasma,NHP,MALE,1,Nivolumab,146000,312.33,hr,6.51,ug/mL,.,.,IV Bolus,.,.,5,45,.
FDA BLA 125554 Fig 21,36,Venous Blood,Plasma,NHP,MALE,1,Nivolumab,146000,384.6,hr,3.78,ug/mL,.,.,IV Bolus,.,.,5,45,.
FDA BLA 125554 Fig 21,37,Venous Blood,Plasma,NHP,FEMALE,1,Nivolumab,146000,0.16,hr,26.17,ug/mL,.,.,IV Bolus,.,.,5,45,.
FDA BLA 125554 Fig 21,37,Venous Blood,Plasma,NHP,FEMALE,1,Nivolumab,146000,1.28,hr,22.68,ug/mL,.,.,IV Bolus,.,.,5,45,.
FDA BLA 125554 Fig 21,37,Venous Blood,Plasma,NHP,FEMALE,1,Nivolumab,146000,4.05,hr,20.26,ug/mL,.,.,IV Bolus,.,.,5,45,.
FDA BLA 125554 Fig 21,37,Venous Blood,Plasma,NHP,FEMALE,1,Nivolumab,146000,7.92,hr,17.74,ug/mL,.,.,IV Bolus,.,.,5,45,.
FDA BLA 125554 Fig 21,37,Venous Blood,Plasma,NHP,FEMALE,1,Nivolumab,146000,23.93,hr,14.45,ug/mL,.,.,IV Bolus,.,.,5,45,.
FDA BLA 125554 Fig 21,37,Venous Blood,Plasma,NHP,FEMALE,1,Nivolumab,146000,47.66,hr,11.78,ug/mL,.,.,IV Bolus,.,.,5,45,.
FDA BLA 125554 Fig 21,37,Venous Blood,Plasma,NHP,FEMALE,1,Nivolumab,146000,143.6,hr,9.9,ug/mL,.,.,IV Bolus,.,.,5,45,.
FDA BLA 125554 Fig 21,37,Venous Blood,Plasma,NHP,FEMALE,1,Nivolumab,146000,215.83,hr,8.15,ug/mL,.,.,IV Bolus,.,.,5,45,.
FDA BLA 125554 Fig 21,37,Venous Blood,Plasma,NHP,FEMALE,1,Nivolumab,146000,312.34,hr,5.87,ug/mL,.,.,IV Bolus,.,.,5,45,.
FDA BLA 125554 Fig 21,37,Venous Blood,Plasma,NHP,FEMALE,1,Nivolumab,146000,384.06,hr,3.45,ug/mL,.,.,IV Bolus,.,.,5,45,.
Chen 2024 Supp Fig 1,25,Venous Blood,Plasma,NHP,.,10,Nivolumab,146000,1.92,hr,480.78,ug/mL,.,.,IV Bolus,.,.,5,45,.
Chen 2024 Supp Fig 1,25,Venous Blood,Plasma,NHP,.,10,Nivolumab,146000,2.2,hr,433.55,ug/mL,.,.,IV Bolus,.,.,5,45,.
Chen 2024 Supp Fig 1,25,Venous Blood,Plasma,NHP,.,10,Nivolumab,146000,4.67,hr,396.31,ug/mL,.,.,IV Bolus,.,.,5,45,.
Chen 2024 Supp Fig 1,25,Venous Blood,Plasma,NHP,.,10,Nivolumab,146000,8.51,hr,388.94,ug/mL,.,.,IV Bolus,.,.,5,45,.
Chen 2024 Supp Fig 1,25,Venous Blood,Plasma,NHP,.,10,Nivolumab,146000,24.16,hr,312.24,ug/mL,.,.,IV Bolus,.,.,5,45,.
Chen 2024 Supp Fig 1,25,Venous Blood,Plasma,NHP,.,10,Nivolumab,146000,48.31,hr,258.12,ug/mL,.,.,IV Bolus,.,.,5,45,.
Chen 2024 Supp Fig 1,25,Venous Blood,Plasma,NHP,.,10,Nivolumab,146000,143.84,hr,143.53,ug/mL,.,.,IV Bolus,.,.,5,45,.
Chen 2024 Supp Fig 1,25,Venous Blood,Plasma,NHP,.,10,Nivolumab,146000,216.04,hr,125.35,ug/mL,.,.,IV Bolus,.,.,5,45,.
FDA BLA 125554 Fig 21,35,Venous Blood,Plasma,NHP,MALE,10,Nivolumab,146000,1,hr,233.82,ug/mL,.,.,IV Bolus,.,.,5,45,.
FDA BLA 125554 Fig 21,35,Venous Blood,Plasma,NHP,MALE,10,Nivolumab,146000,3.22,hr,206.8,ug/mL,.,.,IV Bolus,.,.,5,45,.
FDA BLA 125554 Fig 21,35,Venous Blood,Plasma,NHP,MALE,10,Nivolumab,146000,7.64,hr,192.51,ug/mL,.,.,IV Bolus,.,.,5,45,.
FDA BLA 125554 Fig 21,35,Venous Blood,Plasma,NHP,MALE,10,Nivolumab,146000,23.65,hr,153.7,ug/mL,.,.,IV Bolus,.,.,5,45,.
FDA BLA 125554 Fig 21,35,Venous Blood,Plasma,NHP,MALE,10,Nivolumab,146000,47.38,hr,126.54,ug/mL,.,.,IV Bolus,.,.,5,45,.
FDA BLA 125554 Fig 21,35,Venous Blood,Plasma,NHP,MALE,10,Nivolumab,146000,143.32,hr,105.25,ug/mL,.,.,IV Bolus,.,.,5,45,.
FDA BLA 125554 Fig 21,35,Venous Blood,Plasma,NHP,MALE,10,Nivolumab,146000,215.55,hr,84.9,ug/mL,.,.,IV Bolus,.,.,5,45,.
FDA BLA 125554 Fig 21,35,Venous Blood,Plasma,NHP,MALE,10,Nivolumab,146000,312.03,hr,80.66,ug/mL,.,.,IV Bolus,.,.,5,45,.
FDA BLA 125554 Fig 21,35,Venous Blood,Plasma,NHP,MALE,10,Nivolumab,146000,383.72,hr,62.45,ug/mL,.,.,IV Bolus,.,.,5,45,.
FDA BLA 125554 Fig 21,35,Venous Blood,Plasma,NHP,MALE,10,Nivolumab,146000,479.7,hr,34.85,ug/mL,.,.,IV Bolus,.,.,5,45,.
FDA BLA 125554 Fig 21,35,Venous Blood,Plasma,NHP,MALE,10,Nivolumab,146000,551.97,hr,21.32,ug/mL,.,.,IV Bolus,.,.,5,45,.
FDA BLA 125554 Fig 21,35,Venous Blood,Plasma,NHP,MALE,10,Nivolumab,146000,647.91,hr,17.56,ug/mL,.,.,IV Bolus,.,.,5,45,.
